campaign,zone,production_label,specie,production,yield_value,yield_unit
2021,01,Blé tendre d'hiver,triticum_aestivum,winter_common_wheat,"68,0",quintal_per_hectare
2022,01,Blé tendre d'hiver,triticum_aestivum,winter_common_wheat,"66,0",quintal_per_hectare
2023,01,Blé tendre d'hiver,triticum_aestivum,winter_common_wheat,"70,0",quintal_per_hectare
2024,01,Blé tendre d'hiver,triticum_aestivum,winter_common_wheat,"53,0",quintal_per_hectare
2025,01,Blé tendre d'hiver,triticum_aestivum,winter_common_wheat,"66,0",quintal_per_hectare
2021,02,Blé tendre d'hiver,triticum_aestivum,winter_common_wheat,"82,0",quintal_per_hectare
2022,02,Blé tendre d'hiver,triticum_aestivum,winter_common_wheat,"86,0",quintal_per_hectare
2023,02,Blé tendre d'hiver,triticum_aestivum,winter_common_wheat,"86,0",quintal_per_hectare
2024,02,Blé tendre d'hiver,triticum_aestivum,winter_common_wheat,"62,0",quintal_per_hectare
2025,02,Blé tendre d'hiver,triticum_aestivum,winter_common_wheat,"87,0",quintal_per_hectare
2021,03,Blé tendre d'hiver,triticum_aestivum,winter_common_wheat,"58,0",quintal_per_hectare
2022,03,Blé tendre d'hiver,triticum_aestivum,winter_common_wheat,"46,0",quintal_per_hectare
2023,03,Blé tendre d'hiver,triticum_aestivum,winter_common_wheat,"60,0",quintal_per_hectare
2024,03,Blé tendre d'hiver,triticum_aestivum,winter_common_wheat,"49,0",quintal_per_hectare
2025,03,Blé tendre d'hiver,triticum_aestivum,winter_common_wheat,"58,0",quintal_per_hectare
2021,04,Blé tendre d'hiver,triticum_aestivum,winter_common_wheat,"44,6",quintal_per_hectare
2022,04,Blé tendre d'hiver,triticum_aestivum,winter_common_wheat,"27,9",quintal_per_hectare
2023,04,Blé tendre d'hiver,triticum_aestivum,winter_common_wheat,"30,1",quintal_per_hectare
2024,04,Blé tendre d'hiver,triticum_aestivum,winter_common_wheat,"41,1",quintal_per_hectare
2025,04,Blé tendre d'hiver,triticum_aestivum,winter_common_wheat,"40,0",quintal_per_hectare
2021,05,Blé tendre d'hiver,triticum_aestivum,winter_common_wheat,"43,8",quintal_per_hectare
2022,05,Blé tendre d'hiver,triticum_aestivum,winter_common_wheat,"26,7",quintal_per_hectare
2023,05,Blé tendre d'hiver,triticum_aestivum,winter_common_wheat,"29,7",quintal_per_hectare
2024,05,Blé tendre d'hiver,triticum_aestivum,winter_common_wheat,"42,1",quintal_per_hectare
2025,05,Blé tendre d'hiver,triticum_aestivum,winter_common_wheat,"41,0",quintal_per_hectare
2021,06,Blé tendre d'hiver,triticum_aestivum,winter_common_wheat,"20,0",quintal_per_hectare
2022,06,Blé tendre d'hiver,triticum_aestivum,winter_common_wheat,"21,0",quintal_per_hectare
2023,06,Blé tendre d'hiver,triticum_aestivum,winter_common_wheat,"25,1",quintal_per_hectare
2024,06,Blé tendre d'hiver,triticum_aestivum,winter_common_wheat,"29,5",quintal_per_hectare
2025,06,Blé tendre d'hiver,triticum_aestivum,winter_common_wheat,"30,6",quintal_per_hectare
2021,07,Blé tendre d'hiver,triticum_aestivum,winter_common_wheat,"42,0",quintal_per_hectare
2022,07,Blé tendre d'hiver,triticum_aestivum,winter_common_wheat,"45,0",quintal_per_hectare
2023,07,Blé tendre d'hiver,triticum_aestivum,winter_common_wheat,"45,0",quintal_per_hectare
2024,07,Blé tendre d'hiver,triticum_aestivum,winter_common_wheat,"42,0",quintal_per_hectare
2025,07,Blé tendre d'hiver,triticum_aestivum,winter_common_wheat,"45,0",quintal_per_hectare
2021,08,Blé tendre d'hiver,triticum_aestivum,winter_common_wheat,"79,0",quintal_per_hectare
2022,08,Blé tendre d'hiver,triticum_aestivum,winter_common_wheat,"84,0",quintal_per_hectare
2023,08,Blé tendre d'hiver,triticum_aestivum,winter_common_wheat,"80,4",quintal_per_hectare
2024,08,Blé tendre d'hiver,triticum_aestivum,winter_common_wheat,"60,2",quintal_per_hectare
2025,08,Blé tendre d'hiver,triticum_aestivum,winter_common_wheat,"82,0",quintal_per_hectare
2021,09,Blé tendre d'hiver,triticum_aestivum,winter_common_wheat,"50,0",quintal_per_hectare
2022,09,Blé tendre d'hiver,triticum_aestivum,winter_common_wheat,"46,0",quintal_per_hectare
2023,09,Blé tendre d'hiver,triticum_aestivum,winter_common_wheat,"45,4",quintal_per_hectare
2024,09,Blé tendre d'hiver,triticum_aestivum,winter_common_wheat,"53,0",quintal_per_hectare
2025,09,Blé tendre d'hiver,triticum_aestivum,winter_common_wheat,"53,0",quintal_per_hectare
2021,10,Blé tendre d'hiver,triticum_aestivum,winter_common_wheat,"79,0",quintal_per_hectare
2022,10,Blé tendre d'hiver,triticum_aestivum,winter_common_wheat,"81,0",quintal_per_hectare
2023,10,Blé tendre d'hiver,triticum_aestivum,winter_common_wheat,"79,0",quintal_per_hectare
2024,10,Blé tendre d'hiver,triticum_aestivum,winter_common_wheat,"63,0",quintal_per_hectare
2025,10,Blé tendre d'hiver,triticum_aestivum,winter_common_wheat,"81,0",quintal_per_hectare
2021,11,Blé tendre d'hiver,triticum_aestivum,winter_common_wheat,"47,0",quintal_per_hectare
2022,11,Blé tendre d'hiver,triticum_aestivum,winter_common_wheat,"38,0",quintal_per_hectare
2023,11,Blé tendre d'hiver,triticum_aestivum,winter_common_wheat,"47,0",quintal_per_hectare
2024,11,Blé tendre d'hiver,triticum_aestivum,winter_common_wheat,"48,0",quintal_per_hectare
2025,11,Blé tendre d'hiver,triticum_aestivum,winter_common_wheat,"50,0",quintal_per_hectare
2021,12,Blé tendre d'hiver,triticum_aestivum,winter_common_wheat,"48,0",quintal_per_hectare
2022,12,Blé tendre d'hiver,triticum_aestivum,winter_common_wheat,"36,0",quintal_per_hectare
2023,12,Blé tendre d'hiver,triticum_aestivum,winter_common_wheat,"46,0",quintal_per_hectare
2024,12,Blé tendre d'hiver,triticum_aestivum,winter_common_wheat,"41,0",quintal_per_hectare
2025,12,Blé tendre d'hiver,triticum_aestivum,winter_common_wheat,"47,7",quintal_per_hectare
2021,13,Blé tendre d'hiver,triticum_aestivum,winter_common_wheat,"40,2",quintal_per_hectare
2022,13,Blé tendre d'hiver,triticum_aestivum,winter_common_wheat,"30,8",quintal_per_hectare
2023,13,Blé tendre d'hiver,triticum_aestivum,winter_common_wheat,"26,2",quintal_per_hectare
2024,13,Blé tendre d'hiver,triticum_aestivum,winter_common_wheat,"45,7",quintal_per_hectare
2025,13,Blé tendre d'hiver,triticum_aestivum,winter_common_wheat,"44,5",quintal_per_hectare
2021,14,Blé tendre d'hiver,triticum_aestivum,winter_common_wheat,"77,0",quintal_per_hectare
2022,14,Blé tendre d'hiver,triticum_aestivum,winter_common_wheat,"86,0",quintal_per_hectare
2023,14,Blé tendre d'hiver,triticum_aestivum,winter_common_wheat,"80,0",quintal_per_hectare
2024,14,Blé tendre d'hiver,triticum_aestivum,winter_common_wheat,"77,0",quintal_per_hectare
2025,14,Blé tendre d'hiver,triticum_aestivum,winter_common_wheat,"83,0",quintal_per_hectare
2021,15,Blé tendre d'hiver,triticum_aestivum,winter_common_wheat,"51,0",quintal_per_hectare
2022,15,Blé tendre d'hiver,triticum_aestivum,winter_common_wheat,"50,0",quintal_per_hectare
2023,15,Blé tendre d'hiver,triticum_aestivum,winter_common_wheat,"54,0",quintal_per_hectare
2024,15,Blé tendre d'hiver,triticum_aestivum,winter_common_wheat,"44,0",quintal_per_hectare
2025,15,Blé tendre d'hiver,triticum_aestivum,winter_common_wheat,"51,0",quintal_per_hectare
2021,16,Blé tendre d'hiver,triticum_aestivum,winter_common_wheat,"59,0",quintal_per_hectare
2022,16,Blé tendre d'hiver,triticum_aestivum,winter_common_wheat,"51,0",quintal_per_hectare
2023,16,Blé tendre d'hiver,triticum_aestivum,winter_common_wheat,"63,0",quintal_per_hectare
2024,16,Blé tendre d'hiver,triticum_aestivum,winter_common_wheat,"52,0",quintal_per_hectare
2025,16,Blé tendre d'hiver,triticum_aestivum,winter_common_wheat,"67,0",quintal_per_hectare
2021,17,Blé tendre d'hiver,triticum_aestivum,winter_common_wheat,"61,0",quintal_per_hectare
2022,17,Blé tendre d'hiver,triticum_aestivum,winter_common_wheat,"53,0",quintal_per_hectare
2023,17,Blé tendre d'hiver,triticum_aestivum,winter_common_wheat,"67,0",quintal_per_hectare
2024,17,Blé tendre d'hiver,triticum_aestivum,winter_common_wheat,"59,0",quintal_per_hectare
2025,17,Blé tendre d'hiver,triticum_aestivum,winter_common_wheat,"74,0",quintal_per_hectare
2021,18,Blé tendre d'hiver,triticum_aestivum,winter_common_wheat,"62,0",quintal_per_hectare
2022,18,Blé tendre d'hiver,triticum_aestivum,winter_common_wheat,"56,5",quintal_per_hectare
2023,18,Blé tendre d'hiver,triticum_aestivum,winter_common_wheat,"65,0",quintal_per_hectare
2024,18,Blé tendre d'hiver,triticum_aestivum,winter_common_wheat,"56,0",quintal_per_hectare
2025,18,Blé tendre d'hiver,triticum_aestivum,winter_common_wheat,"61,0",quintal_per_hectare
2021,19,Blé tendre d'hiver,triticum_aestivum,winter_common_wheat,"48,0",quintal_per_hectare
2022,19,Blé tendre d'hiver,triticum_aestivum,winter_common_wheat,"49,0",quintal_per_hectare
2023,19,Blé tendre d'hiver,triticum_aestivum,winter_common_wheat,"53,0",quintal_per_hectare
2024,19,Blé tendre d'hiver,triticum_aestivum,winter_common_wheat,"39,0",quintal_per_hectare
2025,19,Blé tendre d'hiver,triticum_aestivum,winter_common_wheat,"52,0",quintal_per_hectare
2021,2A,Blé tendre d'hiver,triticum_aestivum,winter_common_wheat,"65,0",quintal_per_hectare
2022,2A,Blé tendre d'hiver,triticum_aestivum,winter_common_wheat,"65,0",quintal_per_hectare
2023,2A,Blé tendre d'hiver,triticum_aestivum,winter_common_wheat,"40,0",quintal_per_hectare
2024,2A,Blé tendre d'hiver,triticum_aestivum,winter_common_wheat,"45,0",quintal_per_hectare
2025,2A,Blé tendre d'hiver,triticum_aestivum,winter_common_wheat,"50,0",quintal_per_hectare
2021,21,Blé tendre d'hiver,triticum_aestivum,winter_common_wheat,"63,0",quintal_per_hectare
2022,21,Blé tendre d'hiver,triticum_aestivum,winter_common_wheat,"58,0",quintal_per_hectare
2023,21,Blé tendre d'hiver,triticum_aestivum,winter_common_wheat,"57,0",quintal_per_hectare
2024,21,Blé tendre d'hiver,triticum_aestivum,winter_common_wheat,"53,0",quintal_per_hectare
2025,21,Blé tendre d'hiver,triticum_aestivum,winter_common_wheat,"63,0",quintal_per_hectare
2021,2B,Blé tendre d'hiver,triticum_aestivum,winter_common_wheat,"65,0",quintal_per_hectare
2022,2B,Blé tendre d'hiver,triticum_aestivum,winter_common_wheat,"65,0",quintal_per_hectare
2023,2B,Blé tendre d'hiver,triticum_aestivum,winter_common_wheat,"40,0",quintal_per_hectare
2024,2B,Blé tendre d'hiver,triticum_aestivum,winter_common_wheat,"45,0",quintal_per_hectare
2025,2B,Blé tendre d'hiver,triticum_aestivum,winter_common_wheat,"50,0",quintal_per_hectare
2021,22,Blé tendre d'hiver,triticum_aestivum,winter_common_wheat,"70,2",quintal_per_hectare
2022,22,Blé tendre d'hiver,triticum_aestivum,winter_common_wheat,"77,0",quintal_per_hectare
2023,22,Blé tendre d'hiver,triticum_aestivum,winter_common_wheat,"71,9",quintal_per_hectare
2024,22,Blé tendre d'hiver,triticum_aestivum,winter_common_wheat,"69,7",quintal_per_hectare
2025,22,Blé tendre d'hiver,triticum_aestivum,winter_common_wheat,"78,7",quintal_per_hectare
2021,23,Blé tendre d'hiver,triticum_aestivum,winter_common_wheat,"53,0",quintal_per_hectare
2022,23,Blé tendre d'hiver,triticum_aestivum,winter_common_wheat,"50,0",quintal_per_hectare
2023,23,Blé tendre d'hiver,triticum_aestivum,winter_common_wheat,"56,0",quintal_per_hectare
2024,23,Blé tendre d'hiver,triticum_aestivum,winter_common_wheat,"40,0",quintal_per_hectare
2025,23,Blé tendre d'hiver,triticum_aestivum,winter_common_wheat,"53,0",quintal_per_hectare
2021,24,Blé tendre d'hiver,triticum_aestivum,winter_common_wheat,"51,0",quintal_per_hectare
2022,24,Blé tendre d'hiver,triticum_aestivum,winter_common_wheat,"44,0",quintal_per_hectare
2023,24,Blé tendre d'hiver,triticum_aestivum,winter_common_wheat,"56,0",quintal_per_hectare
2024,24,Blé tendre d'hiver,triticum_aestivum,winter_common_wheat,"44,0",quintal_per_hectare
2025,24,Blé tendre d'hiver,triticum_aestivum,winter_common_wheat,"57,0",quintal_per_hectare
2021,25,Blé tendre d'hiver,triticum_aestivum,winter_common_wheat,"56,0",quintal_per_hectare
2022,25,Blé tendre d'hiver,triticum_aestivum,winter_common_wheat,"56,0",quintal_per_hectare
2023,25,Blé tendre d'hiver,triticum_aestivum,winter_common_wheat,"62,0",quintal_per_hectare
2024,25,Blé tendre d'hiver,triticum_aestivum,winter_common_wheat,"44,0",quintal_per_hectare
2025,25,Blé tendre d'hiver,triticum_aestivum,winter_common_wheat,"65,0",quintal_per_hectare
2021,26,Blé tendre d'hiver,triticum_aestivum,winter_common_wheat,"58,0",quintal_per_hectare
2022,26,Blé tendre d'hiver,triticum_aestivum,winter_common_wheat,"48,0",quintal_per_hectare
2023,26,Blé tendre d'hiver,triticum_aestivum,winter_common_wheat,"53,0",quintal_per_hectare
2024,26,Blé tendre d'hiver,triticum_aestivum,winter_common_wheat,"52,0",quintal_per_hectare
2025,26,Blé tendre d'hiver,triticum_aestivum,winter_common_wheat,"57,0",quintal_per_hectare
2021,27,Blé tendre d'hiver,triticum_aestivum,winter_common_wheat,"82,0",quintal_per_hectare
2022,27,Blé tendre d'hiver,triticum_aestivum,winter_common_wheat,"88,0",quintal_per_hectare
2023,27,Blé tendre d'hiver,triticum_aestivum,winter_common_wheat,"88,0",quintal_per_hectare
2024,27,Blé tendre d'hiver,triticum_aestivum,winter_common_wheat,"74,0",quintal_per_hectare
2025,27,Blé tendre d'hiver,triticum_aestivum,winter_common_wheat,"81,0",quintal_per_hectare
2021,28,Blé tendre d'hiver,triticum_aestivum,winter_common_wheat,"83,0",quintal_per_hectare
2022,28,Blé tendre d'hiver,triticum_aestivum,winter_common_wheat,"83,0",quintal_per_hectare
2023,28,Blé tendre d'hiver,triticum_aestivum,winter_common_wheat,"81,0",quintal_per_hectare
2024,28,Blé tendre d'hiver,triticum_aestivum,winter_common_wheat,"68,0",quintal_per_hectare
2025,28,Blé tendre d'hiver,triticum_aestivum,winter_common_wheat,"78,0",quintal_per_hectare
2021,29,Blé tendre d'hiver,triticum_aestivum,winter_common_wheat,"69,9",quintal_per_hectare
2022,29,Blé tendre d'hiver,triticum_aestivum,winter_common_wheat,"69,6",quintal_per_hectare
2023,29,Blé tendre d'hiver,triticum_aestivum,winter_common_wheat,"69,7",quintal_per_hectare
2024,29,Blé tendre d'hiver,triticum_aestivum,winter_common_wheat,"64,5",quintal_per_hectare
2025,29,Blé tendre d'hiver,triticum_aestivum,winter_common_wheat,"72,1",quintal_per_hectare
2021,30,Blé tendre d'hiver,triticum_aestivum,winter_common_wheat,"41,0",quintal_per_hectare
2022,30,Blé tendre d'hiver,triticum_aestivum,winter_common_wheat,"42,0",quintal_per_hectare
2023,30,Blé tendre d'hiver,triticum_aestivum,winter_common_wheat,"36,0",quintal_per_hectare
2024,30,Blé tendre d'hiver,triticum_aestivum,winter_common_wheat,"49,0",quintal_per_hectare
2025,30,Blé tendre d'hiver,triticum_aestivum,winter_common_wheat,"41,0",quintal_per_hectare
2021,31,Blé tendre d'hiver,triticum_aestivum,winter_common_wheat,"50,0",quintal_per_hectare
2022,31,Blé tendre d'hiver,triticum_aestivum,winter_common_wheat,"45,0",quintal_per_hectare
2023,31,Blé tendre d'hiver,triticum_aestivum,winter_common_wheat,"56,0",quintal_per_hectare
2024,31,Blé tendre d'hiver,triticum_aestivum,winter_common_wheat,"55,0",quintal_per_hectare
2025,31,Blé tendre d'hiver,triticum_aestivum,winter_common_wheat,"59,0",quintal_per_hectare
2021,32,Blé tendre d'hiver,triticum_aestivum,winter_common_wheat,"47,0",quintal_per_hectare
2022,32,Blé tendre d'hiver,triticum_aestivum,winter_common_wheat,"45,0",quintal_per_hectare
2023,32,Blé tendre d'hiver,triticum_aestivum,winter_common_wheat,"54,0",quintal_per_hectare
2024,32,Blé tendre d'hiver,triticum_aestivum,winter_common_wheat,"47,0",quintal_per_hectare
2025,32,Blé tendre d'hiver,triticum_aestivum,winter_common_wheat,"57,0",quintal_per_hectare
2021,33,Blé tendre d'hiver,triticum_aestivum,winter_common_wheat,"52,0",quintal_per_hectare
2022,33,Blé tendre d'hiver,triticum_aestivum,winter_common_wheat,"48,0",quintal_per_hectare
2023,33,Blé tendre d'hiver,triticum_aestivum,winter_common_wheat,"64,0",quintal_per_hectare
2024,33,Blé tendre d'hiver,triticum_aestivum,winter_common_wheat,"48,0",quintal_per_hectare
2025,33,Blé tendre d'hiver,triticum_aestivum,winter_common_wheat,"51,0",quintal_per_hectare
2021,34,Blé tendre d'hiver,triticum_aestivum,winter_common_wheat,"32,0",quintal_per_hectare
2022,34,Blé tendre d'hiver,triticum_aestivum,winter_common_wheat,"35,0",quintal_per_hectare
2023,34,Blé tendre d'hiver,triticum_aestivum,winter_common_wheat,"25,0",quintal_per_hectare
2024,34,Blé tendre d'hiver,triticum_aestivum,winter_common_wheat,"43,0",quintal_per_hectare
2025,34,Blé tendre d'hiver,triticum_aestivum,winter_common_wheat,"50,0",quintal_per_hectare
2021,35,Blé tendre d'hiver,triticum_aestivum,winter_common_wheat,"74,9",quintal_per_hectare
2022,35,Blé tendre d'hiver,triticum_aestivum,winter_common_wheat,"77,9",quintal_per_hectare
2023,35,Blé tendre d'hiver,triticum_aestivum,winter_common_wheat,"79,3",quintal_per_hectare
2024,35,Blé tendre d'hiver,triticum_aestivum,winter_common_wheat,"61,7",quintal_per_hectare
2025,35,Blé tendre d'hiver,triticum_aestivum,winter_common_wheat,"77,9",quintal_per_hectare
2021,36,Blé tendre d'hiver,triticum_aestivum,winter_common_wheat,"67,0",quintal_per_hectare
2022,36,Blé tendre d'hiver,triticum_aestivum,winter_common_wheat,"58,0",quintal_per_hectare
2023,36,Blé tendre d'hiver,triticum_aestivum,winter_common_wheat,"68,0",quintal_per_hectare
2024,36,Blé tendre d'hiver,triticum_aestivum,winter_common_wheat,"55,0",quintal_per_hectare
2025,36,Blé tendre d'hiver,triticum_aestivum,winter_common_wheat,"58,0",quintal_per_hectare
2021,37,Blé tendre d'hiver,triticum_aestivum,winter_common_wheat,"68,0",quintal_per_hectare
2022,37,Blé tendre d'hiver,triticum_aestivum,winter_common_wheat,"63,0",quintal_per_hectare
2023,37,Blé tendre d'hiver,triticum_aestivum,winter_common_wheat,"71,0",quintal_per_hectare
2024,37,Blé tendre d'hiver,triticum_aestivum,winter_common_wheat,"57,0",quintal_per_hectare
2025,37,Blé tendre d'hiver,triticum_aestivum,winter_common_wheat,"63,0",quintal_per_hectare
2021,38,Blé tendre d'hiver,triticum_aestivum,winter_common_wheat,"66,0",quintal_per_hectare
2022,38,Blé tendre d'hiver,triticum_aestivum,winter_common_wheat,"54,0",quintal_per_hectare
2023,38,Blé tendre d'hiver,triticum_aestivum,winter_common_wheat,"62,0",quintal_per_hectare
2024,38,Blé tendre d'hiver,triticum_aestivum,winter_common_wheat,"55,0",quintal_per_hectare
2025,38,Blé tendre d'hiver,triticum_aestivum,winter_common_wheat,"63,0",quintal_per_hectare
2021,39,Blé tendre d'hiver,triticum_aestivum,winter_common_wheat,"68,0",quintal_per_hectare
2022,39,Blé tendre d'hiver,triticum_aestivum,winter_common_wheat,"70,0",quintal_per_hectare
2023,39,Blé tendre d'hiver,triticum_aestivum,winter_common_wheat,"70,0",quintal_per_hectare
2024,39,Blé tendre d'hiver,triticum_aestivum,winter_common_wheat,"52,0",quintal_per_hectare
2025,39,Blé tendre d'hiver,triticum_aestivum,winter_common_wheat,"69,0",quintal_per_hectare
2021,40,Blé tendre d'hiver,triticum_aestivum,winter_common_wheat,"56,0",quintal_per_hectare
2022,40,Blé tendre d'hiver,triticum_aestivum,winter_common_wheat,"46,0",quintal_per_hectare
2023,40,Blé tendre d'hiver,triticum_aestivum,winter_common_wheat,"64,0",quintal_per_hectare
2024,40,Blé tendre d'hiver,triticum_aestivum,winter_common_wheat,"44,0",quintal_per_hectare
2025,40,Blé tendre d'hiver,triticum_aestivum,winter_common_wheat,"59,0",quintal_per_hectare
2021,41,Blé tendre d'hiver,triticum_aestivum,winter_common_wheat,"72,0",quintal_per_hectare
2022,41,Blé tendre d'hiver,triticum_aestivum,winter_common_wheat,"68,5",quintal_per_hectare
2023,41,Blé tendre d'hiver,triticum_aestivum,winter_common_wheat,"72,0",quintal_per_hectare
2024,41,Blé tendre d'hiver,triticum_aestivum,winter_common_wheat,"61,0",quintal_per_hectare
2025,41,Blé tendre d'hiver,triticum_aestivum,winter_common_wheat,"68,5",quintal_per_hectare
2021,42,Blé tendre d'hiver,triticum_aestivum,winter_common_wheat,"57,0",quintal_per_hectare
2022,42,Blé tendre d'hiver,triticum_aestivum,winter_common_wheat,"44,0",quintal_per_hectare
2023,42,Blé tendre d'hiver,triticum_aestivum,winter_common_wheat,"55,0",quintal_per_hectare
2024,42,Blé tendre d'hiver,triticum_aestivum,winter_common_wheat,"52,0",quintal_per_hectare
2025,42,Blé tendre d'hiver,triticum_aestivum,winter_common_wheat,"55,0",quintal_per_hectare
2021,43,Blé tendre d'hiver,triticum_aestivum,winter_common_wheat,"52,0",quintal_per_hectare
2022,43,Blé tendre d'hiver,triticum_aestivum,winter_common_wheat,"33,0",quintal_per_hectare
2023,43,Blé tendre d'hiver,triticum_aestivum,winter_common_wheat,"54,0",quintal_per_hectare
2024,43,Blé tendre d'hiver,triticum_aestivum,winter_common_wheat,"50,0",quintal_per_hectare
2025,43,Blé tendre d'hiver,triticum_aestivum,winter_common_wheat,"45,0",quintal_per_hectare
2021,44,Blé tendre d'hiver,triticum_aestivum,winter_common_wheat,"72,0",quintal_per_hectare
2022,44,Blé tendre d'hiver,triticum_aestivum,winter_common_wheat,"72,2",quintal_per_hectare
2023,44,Blé tendre d'hiver,triticum_aestivum,winter_common_wheat,"71,0",quintal_per_hectare
2024,44,Blé tendre d'hiver,triticum_aestivum,winter_common_wheat,"49,0",quintal_per_hectare
2025,44,Blé tendre d'hiver,triticum_aestivum,winter_common_wheat,"68,0",quintal_per_hectare
2021,45,Blé tendre d'hiver,triticum_aestivum,winter_common_wheat,"73,0",quintal_per_hectare
2022,45,Blé tendre d'hiver,triticum_aestivum,winter_common_wheat,"70,5",quintal_per_hectare
2023,45,Blé tendre d'hiver,triticum_aestivum,winter_common_wheat,"69,0",quintal_per_hectare
2024,45,Blé tendre d'hiver,triticum_aestivum,winter_common_wheat,"63,0",quintal_per_hectare
2025,45,Blé tendre d'hiver,triticum_aestivum,winter_common_wheat,"67,5",quintal_per_hectare
2021,46,Blé tendre d'hiver,triticum_aestivum,winter_common_wheat,"47,2",quintal_per_hectare
2022,46,Blé tendre d'hiver,triticum_aestivum,winter_common_wheat,"46,0",quintal_per_hectare
2023,46,Blé tendre d'hiver,triticum_aestivum,winter_common_wheat,"50,0",quintal_per_hectare
2024,46,Blé tendre d'hiver,triticum_aestivum,winter_common_wheat,"46,0",quintal_per_hectare
2025,46,Blé tendre d'hiver,triticum_aestivum,winter_common_wheat,"53,0",quintal_per_hectare
2021,47,Blé tendre d'hiver,triticum_aestivum,winter_common_wheat,"55,0",quintal_per_hectare
2022,47,Blé tendre d'hiver,triticum_aestivum,winter_common_wheat,"56,0",quintal_per_hectare
2023,47,Blé tendre d'hiver,triticum_aestivum,winter_common_wheat,"68,0",quintal_per_hectare
2024,47,Blé tendre d'hiver,triticum_aestivum,winter_common_wheat,"50,0",quintal_per_hectare
2025,47,Blé tendre d'hiver,triticum_aestivum,winter_common_wheat,"57,0",quintal_per_hectare
2021,48,Blé tendre d'hiver,triticum_aestivum,winter_common_wheat,"44,0",quintal_per_hectare
2022,48,Blé tendre d'hiver,triticum_aestivum,winter_common_wheat,"22,0",quintal_per_hectare
2023,48,Blé tendre d'hiver,triticum_aestivum,winter_common_wheat,"47,0",quintal_per_hectare
2024,48,Blé tendre d'hiver,triticum_aestivum,winter_common_wheat,"38,0",quintal_per_hectare
2025,48,Blé tendre d'hiver,triticum_aestivum,winter_common_wheat,"35,0",quintal_per_hectare
2021,49,Blé tendre d'hiver,triticum_aestivum,winter_common_wheat,"70,0",quintal_per_hectare
2022,49,Blé tendre d'hiver,triticum_aestivum,winter_common_wheat,"66,2",quintal_per_hectare
2023,49,Blé tendre d'hiver,triticum_aestivum,winter_common_wheat,"75,0",quintal_per_hectare
2024,49,Blé tendre d'hiver,triticum_aestivum,winter_common_wheat,"56,0",quintal_per_hectare
2025,49,Blé tendre d'hiver,triticum_aestivum,winter_common_wheat,"65,0",quintal_per_hectare
2021,50,Blé tendre d'hiver,triticum_aestivum,winter_common_wheat,"70,0",quintal_per_hectare
2022,50,Blé tendre d'hiver,triticum_aestivum,winter_common_wheat,"80,0",quintal_per_hectare
2023,50,Blé tendre d'hiver,triticum_aestivum,winter_common_wheat,"74,0",quintal_per_hectare
2024,50,Blé tendre d'hiver,triticum_aestivum,winter_common_wheat,"68,0",quintal_per_hectare
2025,50,Blé tendre d'hiver,triticum_aestivum,winter_common_wheat,"79,0",quintal_per_hectare
2021,51,Blé tendre d'hiver,triticum_aestivum,winter_common_wheat,"82,0",quintal_per_hectare
2022,51,Blé tendre d'hiver,triticum_aestivum,winter_common_wheat,"87,0",quintal_per_hectare
2023,51,Blé tendre d'hiver,triticum_aestivum,winter_common_wheat,"85,0",quintal_per_hectare
2024,51,Blé tendre d'hiver,triticum_aestivum,winter_common_wheat,"62,0",quintal_per_hectare
2025,51,Blé tendre d'hiver,triticum_aestivum,winter_common_wheat,"87,0",quintal_per_hectare
2021,52,Blé tendre d'hiver,triticum_aestivum,winter_common_wheat,"65,0",quintal_per_hectare
2022,52,Blé tendre d'hiver,triticum_aestivum,winter_common_wheat,"61,0",quintal_per_hectare
2023,52,Blé tendre d'hiver,triticum_aestivum,winter_common_wheat,"62,0",quintal_per_hectare
2024,52,Blé tendre d'hiver,triticum_aestivum,winter_common_wheat,"57,6",quintal_per_hectare
2025,52,Blé tendre d'hiver,triticum_aestivum,winter_common_wheat,"67,0",quintal_per_hectare
2021,53,Blé tendre d'hiver,triticum_aestivum,winter_common_wheat,"73,0",quintal_per_hectare
2022,53,Blé tendre d'hiver,triticum_aestivum,winter_common_wheat,"75,0",quintal_per_hectare
2023,53,Blé tendre d'hiver,triticum_aestivum,winter_common_wheat,"78,0",quintal_per_hectare
2024,53,Blé tendre d'hiver,triticum_aestivum,winter_common_wheat,"60,0",quintal_per_hectare
2025,53,Blé tendre d'hiver,triticum_aestivum,winter_common_wheat,"70,0",quintal_per_hectare
2021,54,Blé tendre d'hiver,triticum_aestivum,winter_common_wheat,"64,0",quintal_per_hectare
2022,54,Blé tendre d'hiver,triticum_aestivum,winter_common_wheat,"60,0",quintal_per_hectare
2023,54,Blé tendre d'hiver,triticum_aestivum,winter_common_wheat,"60,0",quintal_per_hectare
2024,54,Blé tendre d'hiver,triticum_aestivum,winter_common_wheat,"54,0",quintal_per_hectare
2025,54,Blé tendre d'hiver,triticum_aestivum,winter_common_wheat,"68,0",quintal_per_hectare
2021,55,Blé tendre d'hiver,triticum_aestivum,winter_common_wheat,"69,0",quintal_per_hectare
2022,55,Blé tendre d'hiver,triticum_aestivum,winter_common_wheat,"65,0",quintal_per_hectare
2023,55,Blé tendre d'hiver,triticum_aestivum,winter_common_wheat,"65,0",quintal_per_hectare
2024,55,Blé tendre d'hiver,triticum_aestivum,winter_common_wheat,"55,0",quintal_per_hectare
2025,55,Blé tendre d'hiver,triticum_aestivum,winter_common_wheat,"71,0",quintal_per_hectare
2021,56,Blé tendre d'hiver,triticum_aestivum,winter_common_wheat,"74,3",quintal_per_hectare
2022,56,Blé tendre d'hiver,triticum_aestivum,winter_common_wheat,"74,6",quintal_per_hectare
2023,56,Blé tendre d'hiver,triticum_aestivum,winter_common_wheat,"71,8",quintal_per_hectare
2024,56,Blé tendre d'hiver,triticum_aestivum,winter_common_wheat,"65,2",quintal_per_hectare
2025,56,Blé tendre d'hiver,triticum_aestivum,winter_common_wheat,"76,1",quintal_per_hectare
2021,57,Blé tendre d'hiver,triticum_aestivum,winter_common_wheat,"66,0",quintal_per_hectare
2022,57,Blé tendre d'hiver,triticum_aestivum,winter_common_wheat,"65,0",quintal_per_hectare
2023,57,Blé tendre d'hiver,triticum_aestivum,winter_common_wheat,"65,0",quintal_per_hectare
2024,57,Blé tendre d'hiver,triticum_aestivum,winter_common_wheat,"55,0",quintal_per_hectare
2025,57,Blé tendre d'hiver,triticum_aestivum,winter_common_wheat,"71,0",quintal_per_hectare
2021,58,Blé tendre d'hiver,triticum_aestivum,winter_common_wheat,"60,0",quintal_per_hectare
2022,58,Blé tendre d'hiver,triticum_aestivum,winter_common_wheat,"58,0",quintal_per_hectare
2023,58,Blé tendre d'hiver,triticum_aestivum,winter_common_wheat,"60,0",quintal_per_hectare
2024,58,Blé tendre d'hiver,triticum_aestivum,winter_common_wheat,"46,0",quintal_per_hectare
2025,58,Blé tendre d'hiver,triticum_aestivum,winter_common_wheat,"62,1",quintal_per_hectare
2021,59,Blé tendre d'hiver,triticum_aestivum,winter_common_wheat,"82,0",quintal_per_hectare
2022,59,Blé tendre d'hiver,triticum_aestivum,winter_common_wheat,"96,0",quintal_per_hectare
2023,59,Blé tendre d'hiver,triticum_aestivum,winter_common_wheat,"92,0",quintal_per_hectare
2024,59,Blé tendre d'hiver,triticum_aestivum,winter_common_wheat,"75,0",quintal_per_hectare
2025,59,Blé tendre d'hiver,triticum_aestivum,winter_common_wheat,"97,0",quintal_per_hectare
2021,60,Blé tendre d'hiver,triticum_aestivum,winter_common_wheat,"83,0",quintal_per_hectare
2022,60,Blé tendre d'hiver,triticum_aestivum,winter_common_wheat,"85,0",quintal_per_hectare
2023,60,Blé tendre d'hiver,triticum_aestivum,winter_common_wheat,"86,0",quintal_per_hectare
2024,60,Blé tendre d'hiver,triticum_aestivum,winter_common_wheat,"69,0",quintal_per_hectare
2025,60,Blé tendre d'hiver,triticum_aestivum,winter_common_wheat,"85,0",quintal_per_hectare
2021,61,Blé tendre d'hiver,triticum_aestivum,winter_common_wheat,"71,0",quintal_per_hectare
2022,61,Blé tendre d'hiver,triticum_aestivum,winter_common_wheat,"78,0",quintal_per_hectare
2023,61,Blé tendre d'hiver,triticum_aestivum,winter_common_wheat,"79,0",quintal_per_hectare
2024,61,Blé tendre d'hiver,triticum_aestivum,winter_common_wheat,"61,0",quintal_per_hectare
2025,61,Blé tendre d'hiver,triticum_aestivum,winter_common_wheat,"75,0",quintal_per_hectare
2021,62,Blé tendre d'hiver,triticum_aestivum,winter_common_wheat,"80,0",quintal_per_hectare
2022,62,Blé tendre d'hiver,triticum_aestivum,winter_common_wheat,"96,0",quintal_per_hectare
2023,62,Blé tendre d'hiver,triticum_aestivum,winter_common_wheat,"92,0",quintal_per_hectare
2024,62,Blé tendre d'hiver,triticum_aestivum,winter_common_wheat,"75,0",quintal_per_hectare
2025,62,Blé tendre d'hiver,triticum_aestivum,winter_common_wheat,"98,0",quintal_per_hectare
2021,63,Blé tendre d'hiver,triticum_aestivum,winter_common_wheat,"57,5",quintal_per_hectare
2022,63,Blé tendre d'hiver,triticum_aestivum,winter_common_wheat,"54,0",quintal_per_hectare
2023,63,Blé tendre d'hiver,triticum_aestivum,winter_common_wheat,"66,0",quintal_per_hectare
2024,63,Blé tendre d'hiver,triticum_aestivum,winter_common_wheat,"62,0",quintal_per_hectare
2025,63,Blé tendre d'hiver,triticum_aestivum,winter_common_wheat,"64,0",quintal_per_hectare
2021,64,Blé tendre d'hiver,triticum_aestivum,winter_common_wheat,"54,0",quintal_per_hectare
2022,64,Blé tendre d'hiver,triticum_aestivum,winter_common_wheat,"50,0",quintal_per_hectare
2023,64,Blé tendre d'hiver,triticum_aestivum,winter_common_wheat,"50,0",quintal_per_hectare
2024,64,Blé tendre d'hiver,triticum_aestivum,winter_common_wheat,"45,0",quintal_per_hectare
2025,64,Blé tendre d'hiver,triticum_aestivum,winter_common_wheat,"51,0",quintal_per_hectare
2021,65,Blé tendre d'hiver,triticum_aestivum,winter_common_wheat,"58,0",quintal_per_hectare
2022,65,Blé tendre d'hiver,triticum_aestivum,winter_common_wheat,"45,0",quintal_per_hectare
2023,65,Blé tendre d'hiver,triticum_aestivum,winter_common_wheat,"57,0",quintal_per_hectare
2024,65,Blé tendre d'hiver,triticum_aestivum,winter_common_wheat,"48,0",quintal_per_hectare
2025,65,Blé tendre d'hiver,triticum_aestivum,winter_common_wheat,"49,0",quintal_per_hectare
2021,66,Blé tendre d'hiver,triticum_aestivum,winter_common_wheat,"34,0",quintal_per_hectare
2022,66,Blé tendre d'hiver,triticum_aestivum,winter_common_wheat,"45,0",quintal_per_hectare
2023,66,Blé tendre d'hiver,triticum_aestivum,winter_common_wheat,"20,0",quintal_per_hectare
2024,66,Blé tendre d'hiver,triticum_aestivum,winter_common_wheat,"18,0",quintal_per_hectare
2025,66,Blé tendre d'hiver,triticum_aestivum,winter_common_wheat,"50,0",quintal_per_hectare
2021,67,Blé tendre d'hiver,triticum_aestivum,winter_common_wheat,"72,0",quintal_per_hectare
2022,67,Blé tendre d'hiver,triticum_aestivum,winter_common_wheat,"72,0",quintal_per_hectare
2023,67,Blé tendre d'hiver,triticum_aestivum,winter_common_wheat,"77,0",quintal_per_hectare
2024,67,Blé tendre d'hiver,triticum_aestivum,winter_common_wheat,"65,0",quintal_per_hectare
2025,67,Blé tendre d'hiver,triticum_aestivum,winter_common_wheat,"80,0",quintal_per_hectare
2021,68,Blé tendre d'hiver,triticum_aestivum,winter_common_wheat,"73,0",quintal_per_hectare
2022,68,Blé tendre d'hiver,triticum_aestivum,winter_common_wheat,"74,5",quintal_per_hectare
2023,68,Blé tendre d'hiver,triticum_aestivum,winter_common_wheat,"80,0",quintal_per_hectare
2024,68,Blé tendre d'hiver,triticum_aestivum,winter_common_wheat,"70,0",quintal_per_hectare
2025,68,Blé tendre d'hiver,triticum_aestivum,winter_common_wheat,"85,0",quintal_per_hectare
2021,69,Blé tendre d'hiver,triticum_aestivum,winter_common_wheat,"66,0",quintal_per_hectare
2022,69,Blé tendre d'hiver,triticum_aestivum,winter_common_wheat,"55,0",quintal_per_hectare
2023,69,Blé tendre d'hiver,triticum_aestivum,winter_common_wheat,"66,0",quintal_per_hectare
2024,69,Blé tendre d'hiver,triticum_aestivum,winter_common_wheat,"58,0",quintal_per_hectare
2025,69,Blé tendre d'hiver,triticum_aestivum,winter_common_wheat,"66,0",quintal_per_hectare
2021,70,Blé tendre d'hiver,triticum_aestivum,winter_common_wheat,"61,0",quintal_per_hectare
2022,70,Blé tendre d'hiver,triticum_aestivum,winter_common_wheat,"67,0",quintal_per_hectare
2023,70,Blé tendre d'hiver,triticum_aestivum,winter_common_wheat,"65,0",quintal_per_hectare
2024,70,Blé tendre d'hiver,triticum_aestivum,winter_common_wheat,"53,0",quintal_per_hectare
2025,70,Blé tendre d'hiver,triticum_aestivum,winter_common_wheat,"69,0",quintal_per_hectare
2021,71,Blé tendre d'hiver,triticum_aestivum,winter_common_wheat,"67,0",quintal_per_hectare
2022,71,Blé tendre d'hiver,triticum_aestivum,winter_common_wheat,"66,0",quintal_per_hectare
2023,71,Blé tendre d'hiver,triticum_aestivum,winter_common_wheat,"68,0",quintal_per_hectare
2024,71,Blé tendre d'hiver,triticum_aestivum,winter_common_wheat,"52,0",quintal_per_hectare
2025,71,Blé tendre d'hiver,triticum_aestivum,winter_common_wheat,"71,0",quintal_per_hectare
2021,72,Blé tendre d'hiver,triticum_aestivum,winter_common_wheat,"72,0",quintal_per_hectare
2022,72,Blé tendre d'hiver,triticum_aestivum,winter_common_wheat,"70,6",quintal_per_hectare
2023,72,Blé tendre d'hiver,triticum_aestivum,winter_common_wheat,"78,0",quintal_per_hectare
2024,72,Blé tendre d'hiver,triticum_aestivum,winter_common_wheat,"56,0",quintal_per_hectare
2025,72,Blé tendre d'hiver,triticum_aestivum,winter_common_wheat,"66,0",quintal_per_hectare
2021,73,Blé tendre d'hiver,triticum_aestivum,winter_common_wheat,"65,0",quintal_per_hectare
2022,73,Blé tendre d'hiver,triticum_aestivum,winter_common_wheat,"59,0",quintal_per_hectare
2023,73,Blé tendre d'hiver,triticum_aestivum,winter_common_wheat,"62,0",quintal_per_hectare
2024,73,Blé tendre d'hiver,triticum_aestivum,winter_common_wheat,"56,0",quintal_per_hectare
2025,73,Blé tendre d'hiver,triticum_aestivum,winter_common_wheat,"65,0",quintal_per_hectare
2021,74,Blé tendre d'hiver,triticum_aestivum,winter_common_wheat,"65,0",quintal_per_hectare
2022,74,Blé tendre d'hiver,triticum_aestivum,winter_common_wheat,"62,0",quintal_per_hectare
2023,74,Blé tendre d'hiver,triticum_aestivum,winter_common_wheat,"60,0",quintal_per_hectare
2024,74,Blé tendre d'hiver,triticum_aestivum,winter_common_wheat,"57,0",quintal_per_hectare
2025,74,Blé tendre d'hiver,triticum_aestivum,winter_common_wheat,"65,0",quintal_per_hectare
2021,76,Blé tendre d'hiver,triticum_aestivum,winter_common_wheat,"78,0",quintal_per_hectare
2022,76,Blé tendre d'hiver,triticum_aestivum,winter_common_wheat,"98,0",quintal_per_hectare
2023,76,Blé tendre d'hiver,triticum_aestivum,winter_common_wheat,"89,0",quintal_per_hectare
2024,76,Blé tendre d'hiver,triticum_aestivum,winter_common_wheat,"75,0",quintal_per_hectare
2025,76,Blé tendre d'hiver,triticum_aestivum,winter_common_wheat,"92,0",quintal_per_hectare
2021,77,Blé tendre d'hiver,triticum_aestivum,winter_common_wheat,"83,0",quintal_per_hectare
2022,77,Blé tendre d'hiver,triticum_aestivum,winter_common_wheat,"85,0",quintal_per_hectare
2023,77,Blé tendre d'hiver,triticum_aestivum,winter_common_wheat,"84,0",quintal_per_hectare
2024,77,Blé tendre d'hiver,triticum_aestivum,winter_common_wheat,"59,8",quintal_per_hectare
2025,77,Blé tendre d'hiver,triticum_aestivum,winter_common_wheat,"82,9",quintal_per_hectare
2021,78,Blé tendre d'hiver,triticum_aestivum,winter_common_wheat,"80,0",quintal_per_hectare
2022,78,Blé tendre d'hiver,triticum_aestivum,winter_common_wheat,"83,0",quintal_per_hectare
2023,78,Blé tendre d'hiver,triticum_aestivum,winter_common_wheat,"77,0",quintal_per_hectare
2024,78,Blé tendre d'hiver,triticum_aestivum,winter_common_wheat,"62,0",quintal_per_hectare
2025,78,Blé tendre d'hiver,triticum_aestivum,winter_common_wheat,"77,1",quintal_per_hectare
2021,79,Blé tendre d'hiver,triticum_aestivum,winter_common_wheat,"63,0",quintal_per_hectare
2022,79,Blé tendre d'hiver,triticum_aestivum,winter_common_wheat,"53,0",quintal_per_hectare
2023,79,Blé tendre d'hiver,triticum_aestivum,winter_common_wheat,"66,0",quintal_per_hectare
2024,79,Blé tendre d'hiver,triticum_aestivum,winter_common_wheat,"55,0",quintal_per_hectare
2025,79,Blé tendre d'hiver,triticum_aestivum,winter_common_wheat,"68,0",quintal_per_hectare
2021,80,Blé tendre d'hiver,triticum_aestivum,winter_common_wheat,"83,0",quintal_per_hectare
2022,80,Blé tendre d'hiver,triticum_aestivum,winter_common_wheat,"92,0",quintal_per_hectare
2023,80,Blé tendre d'hiver,triticum_aestivum,winter_common_wheat,"89,0",quintal_per_hectare
2024,80,Blé tendre d'hiver,triticum_aestivum,winter_common_wheat,"75,0",quintal_per_hectare
2025,80,Blé tendre d'hiver,triticum_aestivum,winter_common_wheat,"92,0",quintal_per_hectare
2021,81,Blé tendre d'hiver,triticum_aestivum,winter_common_wheat,"50,0",quintal_per_hectare
2022,81,Blé tendre d'hiver,triticum_aestivum,winter_common_wheat,"43,0",quintal_per_hectare
2023,81,Blé tendre d'hiver,triticum_aestivum,winter_common_wheat,"55,0",quintal_per_hectare
2024,81,Blé tendre d'hiver,triticum_aestivum,winter_common_wheat,"52,0",quintal_per_hectare
2025,81,Blé tendre d'hiver,triticum_aestivum,winter_common_wheat,"54,0",quintal_per_hectare
2021,82,Blé tendre d'hiver,triticum_aestivum,winter_common_wheat,"48,0",quintal_per_hectare
2022,82,Blé tendre d'hiver,triticum_aestivum,winter_common_wheat,"46,0",quintal_per_hectare
2023,82,Blé tendre d'hiver,triticum_aestivum,winter_common_wheat,"54,0",quintal_per_hectare
2024,82,Blé tendre d'hiver,triticum_aestivum,winter_common_wheat,"45,0",quintal_per_hectare
2025,82,Blé tendre d'hiver,triticum_aestivum,winter_common_wheat,"55,0",quintal_per_hectare
2021,83,Blé tendre d'hiver,triticum_aestivum,winter_common_wheat,"42,8",quintal_per_hectare
2022,83,Blé tendre d'hiver,triticum_aestivum,winter_common_wheat,"24,6",quintal_per_hectare
2023,83,Blé tendre d'hiver,triticum_aestivum,winter_common_wheat,"26,1",quintal_per_hectare
2024,83,Blé tendre d'hiver,triticum_aestivum,winter_common_wheat,"39,7",quintal_per_hectare
2025,83,Blé tendre d'hiver,triticum_aestivum,winter_common_wheat,"40,7",quintal_per_hectare
2021,84,Blé tendre d'hiver,triticum_aestivum,winter_common_wheat,"35,5",quintal_per_hectare
2022,84,Blé tendre d'hiver,triticum_aestivum,winter_common_wheat,"20,5",quintal_per_hectare
2023,84,Blé tendre d'hiver,triticum_aestivum,winter_common_wheat,"22,4",quintal_per_hectare
2024,84,Blé tendre d'hiver,triticum_aestivum,winter_common_wheat,"30,9",quintal_per_hectare
2025,84,Blé tendre d'hiver,triticum_aestivum,winter_common_wheat,"33,0",quintal_per_hectare
2021,85,Blé tendre d'hiver,triticum_aestivum,winter_common_wheat,"67,0",quintal_per_hectare
2022,85,Blé tendre d'hiver,triticum_aestivum,winter_common_wheat,"66,8",quintal_per_hectare
2023,85,Blé tendre d'hiver,triticum_aestivum,winter_common_wheat,"68,0",quintal_per_hectare
2024,85,Blé tendre d'hiver,triticum_aestivum,winter_common_wheat,"48,0",quintal_per_hectare
2025,85,Blé tendre d'hiver,triticum_aestivum,winter_common_wheat,"70,0",quintal_per_hectare
2021,86,Blé tendre d'hiver,triticum_aestivum,winter_common_wheat,"65,0",quintal_per_hectare
2022,86,Blé tendre d'hiver,triticum_aestivum,winter_common_wheat,"56,0",quintal_per_hectare
2023,86,Blé tendre d'hiver,triticum_aestivum,winter_common_wheat,"67,0",quintal_per_hectare
2024,86,Blé tendre d'hiver,triticum_aestivum,winter_common_wheat,"56,0",quintal_per_hectare
2025,86,Blé tendre d'hiver,triticum_aestivum,winter_common_wheat,"66,0",quintal_per_hectare
2021,87,Blé tendre d'hiver,triticum_aestivum,winter_common_wheat,"50,0",quintal_per_hectare
2022,87,Blé tendre d'hiver,triticum_aestivum,winter_common_wheat,"45,0",quintal_per_hectare
2023,87,Blé tendre d'hiver,triticum_aestivum,winter_common_wheat,"51,0",quintal_per_hectare
2024,87,Blé tendre d'hiver,triticum_aestivum,winter_common_wheat,"32,0",quintal_per_hectare
2025,87,Blé tendre d'hiver,triticum_aestivum,winter_common_wheat,"51,0",quintal_per_hectare
2021,88,Blé tendre d'hiver,triticum_aestivum,winter_common_wheat,"62,0",quintal_per_hectare
2022,88,Blé tendre d'hiver,triticum_aestivum,winter_common_wheat,"63,0",quintal_per_hectare
2023,88,Blé tendre d'hiver,triticum_aestivum,winter_common_wheat,"63,0",quintal_per_hectare
2024,88,Blé tendre d'hiver,triticum_aestivum,winter_common_wheat,"52,0",quintal_per_hectare
2025,88,Blé tendre d'hiver,triticum_aestivum,winter_common_wheat,"68,0",quintal_per_hectare
2021,89,Blé tendre d'hiver,triticum_aestivum,winter_common_wheat,"66,0",quintal_per_hectare
2022,89,Blé tendre d'hiver,triticum_aestivum,winter_common_wheat,"58,0",quintal_per_hectare
2023,89,Blé tendre d'hiver,triticum_aestivum,winter_common_wheat,"63,0",quintal_per_hectare
2024,89,Blé tendre d'hiver,triticum_aestivum,winter_common_wheat,"53,0",quintal_per_hectare
2025,89,Blé tendre d'hiver,triticum_aestivum,winter_common_wheat,"67,0",quintal_per_hectare
2021,90,Blé tendre d'hiver,triticum_aestivum,winter_common_wheat,"61,0",quintal_per_hectare
2022,90,Blé tendre d'hiver,triticum_aestivum,winter_common_wheat,"67,0",quintal_per_hectare
2023,90,Blé tendre d'hiver,triticum_aestivum,winter_common_wheat,"65,0",quintal_per_hectare
2024,90,Blé tendre d'hiver,triticum_aestivum,winter_common_wheat,"53,0",quintal_per_hectare
2025,90,Blé tendre d'hiver,triticum_aestivum,winter_common_wheat,"69,0",quintal_per_hectare
2021,91,Blé tendre d'hiver,triticum_aestivum,winter_common_wheat,"81,0",quintal_per_hectare
2022,91,Blé tendre d'hiver,triticum_aestivum,winter_common_wheat,"84,0",quintal_per_hectare
2023,91,Blé tendre d'hiver,triticum_aestivum,winter_common_wheat,"79,0",quintal_per_hectare
2024,91,Blé tendre d'hiver,triticum_aestivum,winter_common_wheat,"64,1",quintal_per_hectare
2025,91,Blé tendre d'hiver,triticum_aestivum,winter_common_wheat,"79,5",quintal_per_hectare
2021,93,Blé tendre d'hiver,triticum_aestivum,winter_common_wheat,"83,0",quintal_per_hectare
2022,93,Blé tendre d'hiver,triticum_aestivum,winter_common_wheat,"86,0",quintal_per_hectare
2023,93,Blé tendre d'hiver,triticum_aestivum,winter_common_wheat,"84,1",quintal_per_hectare
2024,93,Blé tendre d'hiver,triticum_aestivum,winter_common_wheat,"65,9",quintal_per_hectare
2025,93,Blé tendre d'hiver,triticum_aestivum,winter_common_wheat,"83,1",quintal_per_hectare
2021,94,Blé tendre d'hiver,triticum_aestivum,winter_common_wheat,"81,0",quintal_per_hectare
2022,94,Blé tendre d'hiver,triticum_aestivum,winter_common_wheat,"84,0",quintal_per_hectare
2023,94,Blé tendre d'hiver,triticum_aestivum,winter_common_wheat,"79,1",quintal_per_hectare
2024,94,Blé tendre d'hiver,triticum_aestivum,winter_common_wheat,"63,9",quintal_per_hectare
2025,94,Blé tendre d'hiver,triticum_aestivum,winter_common_wheat,"79,5",quintal_per_hectare
2021,95,Blé tendre d'hiver,triticum_aestivum,winter_common_wheat,"83,0",quintal_per_hectare
2022,95,Blé tendre d'hiver,triticum_aestivum,winter_common_wheat,"86,0",quintal_per_hectare
2023,95,Blé tendre d'hiver,triticum_aestivum,winter_common_wheat,"84,0",quintal_per_hectare
2024,95,Blé tendre d'hiver,triticum_aestivum,winter_common_wheat,"65,8",quintal_per_hectare
2025,95,Blé tendre d'hiver,triticum_aestivum,winter_common_wheat,"83,2",quintal_per_hectare
2021,01,Blé dur d'hiver,triticum_durum,winter_hard_wheat,"42,0",quintal_per_hectare
2022,01,Blé dur d'hiver,triticum_durum,winter_hard_wheat,"41,0",quintal_per_hectare
2023,01,Blé dur d'hiver,triticum_durum,winter_hard_wheat,"40,0",quintal_per_hectare
2024,01,Blé dur d'hiver,triticum_durum,winter_hard_wheat,"40,0",quintal_per_hectare
2025,01,Blé dur d'hiver,triticum_durum,winter_hard_wheat,"36,0",quintal_per_hectare
2021,02,Blé dur d'hiver,triticum_durum,winter_hard_wheat,"57,0",quintal_per_hectare
2022,02,Blé dur d'hiver,triticum_durum,winter_hard_wheat,"60,5",quintal_per_hectare
2023,02,Blé dur d'hiver,triticum_durum,winter_hard_wheat,"58,5",quintal_per_hectare
2024,02,Blé dur d'hiver,triticum_durum,winter_hard_wheat,"59,9",quintal_per_hectare
2025,02,Blé dur d'hiver,triticum_durum,winter_hard_wheat,"59,9",quintal_per_hectare
2021,03,Blé dur d'hiver,triticum_durum,winter_hard_wheat,"55,0",quintal_per_hectare
2022,03,Blé dur d'hiver,triticum_durum,winter_hard_wheat,"53,0",quintal_per_hectare
2023,03,Blé dur d'hiver,triticum_durum,winter_hard_wheat,"55,0",quintal_per_hectare
2024,03,Blé dur d'hiver,triticum_durum,winter_hard_wheat,"50,0",quintal_per_hectare
2025,03,Blé dur d'hiver,triticum_durum,winter_hard_wheat,"54,0",quintal_per_hectare
2021,04,Blé dur d'hiver,triticum_durum,winter_hard_wheat,"45,2",quintal_per_hectare
2022,04,Blé dur d'hiver,triticum_durum,winter_hard_wheat,"35,4",quintal_per_hectare
2023,04,Blé dur d'hiver,triticum_durum,winter_hard_wheat,"32,6",quintal_per_hectare
2024,04,Blé dur d'hiver,triticum_durum,winter_hard_wheat,"42,0",quintal_per_hectare
2025,04,Blé dur d'hiver,triticum_durum,winter_hard_wheat,"44,0",quintal_per_hectare
2021,05,Blé dur d'hiver,triticum_durum,winter_hard_wheat,"41,2",quintal_per_hectare
2022,05,Blé dur d'hiver,triticum_durum,winter_hard_wheat,"33,7",quintal_per_hectare
2023,05,Blé dur d'hiver,triticum_durum,winter_hard_wheat,"34,4",quintal_per_hectare
2024,05,Blé dur d'hiver,triticum_durum,winter_hard_wheat,"48,0",quintal_per_hectare
2025,05,Blé dur d'hiver,triticum_durum,winter_hard_wheat,"46,0",quintal_per_hectare
2021,07,Blé dur d'hiver,triticum_durum,winter_hard_wheat,"48,0",quintal_per_hectare
2022,07,Blé dur d'hiver,triticum_durum,winter_hard_wheat,"43,0",quintal_per_hectare
2023,07,Blé dur d'hiver,triticum_durum,winter_hard_wheat,"45,0",quintal_per_hectare
2024,07,Blé dur d'hiver,triticum_durum,winter_hard_wheat,"43,0",quintal_per_hectare
2025,07,Blé dur d'hiver,triticum_durum,winter_hard_wheat,"52,0",quintal_per_hectare
2021,08,Blé dur d'hiver,triticum_durum,winter_hard_wheat,"30,0",quintal_per_hectare
2022,08,Blé dur d'hiver,triticum_durum,winter_hard_wheat,"40,0",quintal_per_hectare
2023,08,Blé dur d'hiver,triticum_durum,winter_hard_wheat,"52,0",quintal_per_hectare
2024,08,Blé dur d'hiver,triticum_durum,winter_hard_wheat,"35,0",quintal_per_hectare
2025,08,Blé dur d'hiver,triticum_durum,winter_hard_wheat,"43,0",quintal_per_hectare
2021,09,Blé dur d'hiver,triticum_durum,winter_hard_wheat,"49,0",quintal_per_hectare
2022,09,Blé dur d'hiver,triticum_durum,winter_hard_wheat,"47,0",quintal_per_hectare
2023,09,Blé dur d'hiver,triticum_durum,winter_hard_wheat,"42,0",quintal_per_hectare
2024,09,Blé dur d'hiver,triticum_durum,winter_hard_wheat,"50,0",quintal_per_hectare
2025,09,Blé dur d'hiver,triticum_durum,winter_hard_wheat,"45,0",quintal_per_hectare
2021,10,Blé dur d'hiver,triticum_durum,winter_hard_wheat,"30,0",quintal_per_hectare
2022,10,Blé dur d'hiver,triticum_durum,winter_hard_wheat,"40,0",quintal_per_hectare
2023,10,Blé dur d'hiver,triticum_durum,winter_hard_wheat,"56,0",quintal_per_hectare
2024,10,Blé dur d'hiver,triticum_durum,winter_hard_wheat,"39,0",quintal_per_hectare
2025,10,Blé dur d'hiver,triticum_durum,winter_hard_wheat,"51,0",quintal_per_hectare
2021,11,Blé dur d'hiver,triticum_durum,winter_hard_wheat,"40,0",quintal_per_hectare
2022,11,Blé dur d'hiver,triticum_durum,winter_hard_wheat,"37,0",quintal_per_hectare
2023,11,Blé dur d'hiver,triticum_durum,winter_hard_wheat,"40,0",quintal_per_hectare
2024,11,Blé dur d'hiver,triticum_durum,winter_hard_wheat,"43,0",quintal_per_hectare
2025,11,Blé dur d'hiver,triticum_durum,winter_hard_wheat,"49,0",quintal_per_hectare
2021,12,Blé dur d'hiver,triticum_durum,winter_hard_wheat,"45,0",quintal_per_hectare
2022,12,Blé dur d'hiver,triticum_durum,winter_hard_wheat,"30,0",quintal_per_hectare
2023,12,Blé dur d'hiver,triticum_durum,winter_hard_wheat,"49,0",quintal_per_hectare
2024,12,Blé dur d'hiver,triticum_durum,winter_hard_wheat,"42,0",quintal_per_hectare
2025,12,Blé dur d'hiver,triticum_durum,winter_hard_wheat,"43,0",quintal_per_hectare
2021,13,Blé dur d'hiver,triticum_durum,winter_hard_wheat,"45,0",quintal_per_hectare
2022,13,Blé dur d'hiver,triticum_durum,winter_hard_wheat,"34,7",quintal_per_hectare
2023,13,Blé dur d'hiver,triticum_durum,winter_hard_wheat,"36,8",quintal_per_hectare
2024,13,Blé dur d'hiver,triticum_durum,winter_hard_wheat,"45,1",quintal_per_hectare
2025,13,Blé dur d'hiver,triticum_durum,winter_hard_wheat,"45,0",quintal_per_hectare
2021,14,Blé dur d'hiver,triticum_durum,winter_hard_wheat,"52,0",quintal_per_hectare
2022,14,Blé dur d'hiver,triticum_durum,winter_hard_wheat,"58,0",quintal_per_hectare
2023,14,Blé dur d'hiver,triticum_durum,winter_hard_wheat,"54,0",quintal_per_hectare
2024,14,Blé dur d'hiver,triticum_durum,winter_hard_wheat,"51,0",quintal_per_hectare
2025,14,Blé dur d'hiver,triticum_durum,winter_hard_wheat,"56,0",quintal_per_hectare
2021,15,Blé dur d'hiver,triticum_durum,winter_hard_wheat,"43,0",quintal_per_hectare
2022,15,Blé dur d'hiver,triticum_durum,winter_hard_wheat,"40,0",quintal_per_hectare
2023,15,Blé dur d'hiver,triticum_durum,winter_hard_wheat,"45,0",quintal_per_hectare
2024,15,Blé dur d'hiver,triticum_durum,winter_hard_wheat,"43,0",quintal_per_hectare
2025,15,Blé dur d'hiver,triticum_durum,winter_hard_wheat,"35,0",quintal_per_hectare
2021,16,Blé dur d'hiver,triticum_durum,winter_hard_wheat,"50,0",quintal_per_hectare
2022,16,Blé dur d'hiver,triticum_durum,winter_hard_wheat,"47,0",quintal_per_hectare
2023,16,Blé dur d'hiver,triticum_durum,winter_hard_wheat,"57,0",quintal_per_hectare
2024,16,Blé dur d'hiver,triticum_durum,winter_hard_wheat,"49,0",quintal_per_hectare
2025,16,Blé dur d'hiver,triticum_durum,winter_hard_wheat,"58,0",quintal_per_hectare
2021,17,Blé dur d'hiver,triticum_durum,winter_hard_wheat,"55,0",quintal_per_hectare
2022,17,Blé dur d'hiver,triticum_durum,winter_hard_wheat,"56,0",quintal_per_hectare
2023,17,Blé dur d'hiver,triticum_durum,winter_hard_wheat,"65,0",quintal_per_hectare
2024,17,Blé dur d'hiver,triticum_durum,winter_hard_wheat,"54,0",quintal_per_hectare
2025,17,Blé dur d'hiver,triticum_durum,winter_hard_wheat,"65,0",quintal_per_hectare
2021,18,Blé dur d'hiver,triticum_durum,winter_hard_wheat,"54,0",quintal_per_hectare
2022,18,Blé dur d'hiver,triticum_durum,winter_hard_wheat,"52,0",quintal_per_hectare
2023,18,Blé dur d'hiver,triticum_durum,winter_hard_wheat,"56,0",quintal_per_hectare
2024,18,Blé dur d'hiver,triticum_durum,winter_hard_wheat,"45,0",quintal_per_hectare
2025,18,Blé dur d'hiver,triticum_durum,winter_hard_wheat,"54,0",quintal_per_hectare
2021,19,Blé dur d'hiver,triticum_durum,winter_hard_wheat,"40,0",quintal_per_hectare
2022,19,Blé dur d'hiver,triticum_durum,winter_hard_wheat,"40,0",quintal_per_hectare
2023,19,Blé dur d'hiver,triticum_durum,winter_hard_wheat,"42,0",quintal_per_hectare
2024,19,Blé dur d'hiver,triticum_durum,winter_hard_wheat,"46,0",quintal_per_hectare
2025,19,Blé dur d'hiver,triticum_durum,winter_hard_wheat,"42,0",quintal_per_hectare
2021,21,Blé dur d'hiver,triticum_durum,winter_hard_wheat,"48,0",quintal_per_hectare
2022,21,Blé dur d'hiver,triticum_durum,winter_hard_wheat,"38,0",quintal_per_hectare
2023,21,Blé dur d'hiver,triticum_durum,winter_hard_wheat,"56,0",quintal_per_hectare
2024,21,Blé dur d'hiver,triticum_durum,winter_hard_wheat,"38,0",quintal_per_hectare
2025,21,Blé dur d'hiver,triticum_durum,winter_hard_wheat,"58,0",quintal_per_hectare
2021,2B,Blé dur d'hiver,triticum_durum,winter_hard_wheat,"65,0",quintal_per_hectare
2022,2B,Blé dur d'hiver,triticum_durum,winter_hard_wheat,"65,0",quintal_per_hectare
2023,2B,Blé dur d'hiver,triticum_durum,winter_hard_wheat,"40,0",quintal_per_hectare
2024,2B,Blé dur d'hiver,triticum_durum,winter_hard_wheat,"45,0",quintal_per_hectare
2025,2B,Blé dur d'hiver,triticum_durum,winter_hard_wheat,"50,0",quintal_per_hectare
2021,22,Blé dur d'hiver,triticum_durum,winter_hard_wheat,"37,5",quintal_per_hectare
2022,22,Blé dur d'hiver,triticum_durum,winter_hard_wheat,"44,7",quintal_per_hectare
2023,22,Blé dur d'hiver,triticum_durum,winter_hard_wheat,"44,7",quintal_per_hectare
2024,22,Blé dur d'hiver,triticum_durum,winter_hard_wheat,"44,7",quintal_per_hectare
2025,22,Blé dur d'hiver,triticum_durum,winter_hard_wheat,"43,5",quintal_per_hectare
2021,23,Blé dur d'hiver,triticum_durum,winter_hard_wheat,"54,0",quintal_per_hectare
2022,23,Blé dur d'hiver,triticum_durum,winter_hard_wheat,"51,0",quintal_per_hectare
2023,23,Blé dur d'hiver,triticum_durum,winter_hard_wheat,"41,0",quintal_per_hectare
2024,23,Blé dur d'hiver,triticum_durum,winter_hard_wheat,"30,0",quintal_per_hectare
2025,23,Blé dur d'hiver,triticum_durum,winter_hard_wheat,"48,0",quintal_per_hectare
2021,24,Blé dur d'hiver,triticum_durum,winter_hard_wheat,"45,0",quintal_per_hectare
2022,24,Blé dur d'hiver,triticum_durum,winter_hard_wheat,"43,0",quintal_per_hectare
2023,24,Blé dur d'hiver,triticum_durum,winter_hard_wheat,"47,0",quintal_per_hectare
2024,24,Blé dur d'hiver,triticum_durum,winter_hard_wheat,"45,0",quintal_per_hectare
2025,24,Blé dur d'hiver,triticum_durum,winter_hard_wheat,"44,0",quintal_per_hectare
2021,25,Blé dur d'hiver,triticum_durum,winter_hard_wheat,"42,0",quintal_per_hectare
2022,25,Blé dur d'hiver,triticum_durum,winter_hard_wheat,"31,0",quintal_per_hectare
2023,25,Blé dur d'hiver,triticum_durum,winter_hard_wheat,"49,0",quintal_per_hectare
2024,25,Blé dur d'hiver,triticum_durum,winter_hard_wheat,"29,0",quintal_per_hectare
2025,25,Blé dur d'hiver,triticum_durum,winter_hard_wheat,"58,0",quintal_per_hectare
2021,26,Blé dur d'hiver,triticum_durum,winter_hard_wheat,"65,0",quintal_per_hectare
2022,26,Blé dur d'hiver,triticum_durum,winter_hard_wheat,"58,5",quintal_per_hectare
2023,26,Blé dur d'hiver,triticum_durum,winter_hard_wheat,"58,0",quintal_per_hectare
2024,26,Blé dur d'hiver,triticum_durum,winter_hard_wheat,"55,0",quintal_per_hectare
2025,26,Blé dur d'hiver,triticum_durum,winter_hard_wheat,"62,0",quintal_per_hectare
2021,27,Blé dur d'hiver,triticum_durum,winter_hard_wheat,"54,0",quintal_per_hectare
2022,27,Blé dur d'hiver,triticum_durum,winter_hard_wheat,"58,0",quintal_per_hectare
2023,27,Blé dur d'hiver,triticum_durum,winter_hard_wheat,"55,0",quintal_per_hectare
2024,27,Blé dur d'hiver,triticum_durum,winter_hard_wheat,"49,0",quintal_per_hectare
2025,27,Blé dur d'hiver,triticum_durum,winter_hard_wheat,"54,0",quintal_per_hectare
2021,28,Blé dur d'hiver,triticum_durum,winter_hard_wheat,"64,0",quintal_per_hectare
2022,28,Blé dur d'hiver,triticum_durum,winter_hard_wheat,"73,0",quintal_per_hectare
2023,28,Blé dur d'hiver,triticum_durum,winter_hard_wheat,"72,0",quintal_per_hectare
2024,28,Blé dur d'hiver,triticum_durum,winter_hard_wheat,"56,0",quintal_per_hectare
2025,28,Blé dur d'hiver,triticum_durum,winter_hard_wheat,"69,0",quintal_per_hectare
2021,29,Blé dur d'hiver,triticum_durum,winter_hard_wheat,"29,0",quintal_per_hectare
2022,29,Blé dur d'hiver,triticum_durum,winter_hard_wheat,"43,6",quintal_per_hectare
2023,29,Blé dur d'hiver,triticum_durum,winter_hard_wheat,"42,7",quintal_per_hectare
2024,29,Blé dur d'hiver,triticum_durum,winter_hard_wheat,"45,0",quintal_per_hectare
2025,29,Blé dur d'hiver,triticum_durum,winter_hard_wheat,"41,5",quintal_per_hectare
2021,30,Blé dur d'hiver,triticum_durum,winter_hard_wheat,"43,0",quintal_per_hectare
2022,30,Blé dur d'hiver,triticum_durum,winter_hard_wheat,"40,0",quintal_per_hectare
2023,30,Blé dur d'hiver,triticum_durum,winter_hard_wheat,"34,0",quintal_per_hectare
2024,30,Blé dur d'hiver,triticum_durum,winter_hard_wheat,"46,0",quintal_per_hectare
2025,30,Blé dur d'hiver,triticum_durum,winter_hard_wheat,"41,0",quintal_per_hectare
2021,31,Blé dur d'hiver,triticum_durum,winter_hard_wheat,"50,0",quintal_per_hectare
2022,31,Blé dur d'hiver,triticum_durum,winter_hard_wheat,"45,0",quintal_per_hectare
2023,31,Blé dur d'hiver,triticum_durum,winter_hard_wheat,"51,0",quintal_per_hectare
2024,31,Blé dur d'hiver,triticum_durum,winter_hard_wheat,"51,0",quintal_per_hectare
2025,31,Blé dur d'hiver,triticum_durum,winter_hard_wheat,"53,1",quintal_per_hectare
2021,32,Blé dur d'hiver,triticum_durum,winter_hard_wheat,"51,0",quintal_per_hectare
2022,32,Blé dur d'hiver,triticum_durum,winter_hard_wheat,"47,0",quintal_per_hectare
2023,32,Blé dur d'hiver,triticum_durum,winter_hard_wheat,"51,0",quintal_per_hectare
2024,32,Blé dur d'hiver,triticum_durum,winter_hard_wheat,"51,0",quintal_per_hectare
2025,32,Blé dur d'hiver,triticum_durum,winter_hard_wheat,"58,4",quintal_per_hectare
2021,33,Blé dur d'hiver,triticum_durum,winter_hard_wheat,"51,0",quintal_per_hectare
2022,33,Blé dur d'hiver,triticum_durum,winter_hard_wheat,"48,0",quintal_per_hectare
2023,33,Blé dur d'hiver,triticum_durum,winter_hard_wheat,"53,0",quintal_per_hectare
2024,33,Blé dur d'hiver,triticum_durum,winter_hard_wheat,"45,0",quintal_per_hectare
2025,33,Blé dur d'hiver,triticum_durum,winter_hard_wheat,"49,0",quintal_per_hectare
2021,34,Blé dur d'hiver,triticum_durum,winter_hard_wheat,"30,0",quintal_per_hectare
2022,34,Blé dur d'hiver,triticum_durum,winter_hard_wheat,"34,0",quintal_per_hectare
2023,34,Blé dur d'hiver,triticum_durum,winter_hard_wheat,"21,0",quintal_per_hectare
2024,34,Blé dur d'hiver,triticum_durum,winter_hard_wheat,"42,0",quintal_per_hectare
2025,34,Blé dur d'hiver,triticum_durum,winter_hard_wheat,"45,0",quintal_per_hectare
2021,35,Blé dur d'hiver,triticum_durum,winter_hard_wheat,"44,5",quintal_per_hectare
2022,35,Blé dur d'hiver,triticum_durum,winter_hard_wheat,"47,2",quintal_per_hectare
2023,35,Blé dur d'hiver,triticum_durum,winter_hard_wheat,"37,8",quintal_per_hectare
2024,35,Blé dur d'hiver,triticum_durum,winter_hard_wheat,"45,3",quintal_per_hectare
2025,35,Blé dur d'hiver,triticum_durum,winter_hard_wheat,"44,0",quintal_per_hectare
2021,36,Blé dur d'hiver,triticum_durum,winter_hard_wheat,"50,0",quintal_per_hectare
2022,36,Blé dur d'hiver,triticum_durum,winter_hard_wheat,"50,0",quintal_per_hectare
2023,36,Blé dur d'hiver,triticum_durum,winter_hard_wheat,"56,0",quintal_per_hectare
2024,36,Blé dur d'hiver,triticum_durum,winter_hard_wheat,"44,0",quintal_per_hectare
2025,36,Blé dur d'hiver,triticum_durum,winter_hard_wheat,"51,0",quintal_per_hectare
2021,37,Blé dur d'hiver,triticum_durum,winter_hard_wheat,"55,0",quintal_per_hectare
2022,37,Blé dur d'hiver,triticum_durum,winter_hard_wheat,"51,0",quintal_per_hectare
2023,37,Blé dur d'hiver,triticum_durum,winter_hard_wheat,"60,0",quintal_per_hectare
2024,37,Blé dur d'hiver,triticum_durum,winter_hard_wheat,"45,0",quintal_per_hectare
2025,37,Blé dur d'hiver,triticum_durum,winter_hard_wheat,"59,0",quintal_per_hectare
2021,38,Blé dur d'hiver,triticum_durum,winter_hard_wheat,"54,0",quintal_per_hectare
2022,38,Blé dur d'hiver,triticum_durum,winter_hard_wheat,"48,0",quintal_per_hectare
2023,38,Blé dur d'hiver,triticum_durum,winter_hard_wheat,"56,0",quintal_per_hectare
2024,38,Blé dur d'hiver,triticum_durum,winter_hard_wheat,"53,0",quintal_per_hectare
2025,38,Blé dur d'hiver,triticum_durum,winter_hard_wheat,"62,0",quintal_per_hectare
2021,39,Blé dur d'hiver,triticum_durum,winter_hard_wheat,"60,0",quintal_per_hectare
2022,39,Blé dur d'hiver,triticum_durum,winter_hard_wheat,"31,0",quintal_per_hectare
2023,39,Blé dur d'hiver,triticum_durum,winter_hard_wheat,"35,0",quintal_per_hectare
2024,39,Blé dur d'hiver,triticum_durum,winter_hard_wheat,"29,0",quintal_per_hectare
2025,39,Blé dur d'hiver,triticum_durum,winter_hard_wheat,"58,0",quintal_per_hectare
2021,40,Blé dur d'hiver,triticum_durum,winter_hard_wheat,"48,0",quintal_per_hectare
2022,40,Blé dur d'hiver,triticum_durum,winter_hard_wheat,"45,0",quintal_per_hectare
2023,40,Blé dur d'hiver,triticum_durum,winter_hard_wheat,"50,0",quintal_per_hectare
2024,40,Blé dur d'hiver,triticum_durum,winter_hard_wheat,"45,0",quintal_per_hectare
2025,40,Blé dur d'hiver,triticum_durum,winter_hard_wheat,"48,0",quintal_per_hectare
2021,41,Blé dur d'hiver,triticum_durum,winter_hard_wheat,"60,0",quintal_per_hectare
2022,41,Blé dur d'hiver,triticum_durum,winter_hard_wheat,"64,0",quintal_per_hectare
2023,41,Blé dur d'hiver,triticum_durum,winter_hard_wheat,"63,0",quintal_per_hectare
2024,41,Blé dur d'hiver,triticum_durum,winter_hard_wheat,"49,0",quintal_per_hectare
2025,41,Blé dur d'hiver,triticum_durum,winter_hard_wheat,"62,0",quintal_per_hectare
2021,42,Blé dur d'hiver,triticum_durum,winter_hard_wheat,"55,0",quintal_per_hectare
2022,42,Blé dur d'hiver,triticum_durum,winter_hard_wheat,"28,0",quintal_per_hectare
2023,42,Blé dur d'hiver,triticum_durum,winter_hard_wheat,"38,0",quintal_per_hectare
2024,42,Blé dur d'hiver,triticum_durum,winter_hard_wheat,"34,0",quintal_per_hectare
2025,42,Blé dur d'hiver,triticum_durum,winter_hard_wheat,"35,0",quintal_per_hectare
2021,43,Blé dur d'hiver,triticum_durum,winter_hard_wheat,"43,0",quintal_per_hectare
2022,43,Blé dur d'hiver,triticum_durum,winter_hard_wheat,"30,0",quintal_per_hectare
2023,43,Blé dur d'hiver,triticum_durum,winter_hard_wheat,"47,0",quintal_per_hectare
2024,43,Blé dur d'hiver,triticum_durum,winter_hard_wheat,"42,0",quintal_per_hectare
2025,43,Blé dur d'hiver,triticum_durum,winter_hard_wheat,"35,0",quintal_per_hectare
2021,44,Blé dur d'hiver,triticum_durum,winter_hard_wheat,"60,7",quintal_per_hectare
2022,44,Blé dur d'hiver,triticum_durum,winter_hard_wheat,"61,0",quintal_per_hectare
2023,44,Blé dur d'hiver,triticum_durum,winter_hard_wheat,"69,0",quintal_per_hectare
2024,44,Blé dur d'hiver,triticum_durum,winter_hard_wheat,"53,0",quintal_per_hectare
2025,44,Blé dur d'hiver,triticum_durum,winter_hard_wheat,"59,0",quintal_per_hectare
2021,45,Blé dur d'hiver,triticum_durum,winter_hard_wheat,"68,0",quintal_per_hectare
2022,45,Blé dur d'hiver,triticum_durum,winter_hard_wheat,"70,0",quintal_per_hectare
2023,45,Blé dur d'hiver,triticum_durum,winter_hard_wheat,"68,0",quintal_per_hectare
2024,45,Blé dur d'hiver,triticum_durum,winter_hard_wheat,"60,0",quintal_per_hectare
2025,45,Blé dur d'hiver,triticum_durum,winter_hard_wheat,"65,0",quintal_per_hectare
2021,46,Blé dur d'hiver,triticum_durum,winter_hard_wheat,"44,2",quintal_per_hectare
2022,46,Blé dur d'hiver,triticum_durum,winter_hard_wheat,"42,0",quintal_per_hectare
2023,46,Blé dur d'hiver,triticum_durum,winter_hard_wheat,"49,0",quintal_per_hectare
2024,46,Blé dur d'hiver,triticum_durum,winter_hard_wheat,"40,0",quintal_per_hectare
2025,46,Blé dur d'hiver,triticum_durum,winter_hard_wheat,"40,0",quintal_per_hectare
2021,47,Blé dur d'hiver,triticum_durum,winter_hard_wheat,"45,0",quintal_per_hectare
2022,47,Blé dur d'hiver,triticum_durum,winter_hard_wheat,"49,0",quintal_per_hectare
2023,47,Blé dur d'hiver,triticum_durum,winter_hard_wheat,"52,0",quintal_per_hectare
2024,47,Blé dur d'hiver,triticum_durum,winter_hard_wheat,"50,0",quintal_per_hectare
2025,47,Blé dur d'hiver,triticum_durum,winter_hard_wheat,"48,0",quintal_per_hectare
2021,48,Blé dur d'hiver,triticum_durum,winter_hard_wheat,"34,0",quintal_per_hectare
2022,48,Blé dur d'hiver,triticum_durum,winter_hard_wheat,"18,0",quintal_per_hectare
2023,48,Blé dur d'hiver,triticum_durum,winter_hard_wheat,"40,0",quintal_per_hectare
2024,48,Blé dur d'hiver,triticum_durum,winter_hard_wheat,"31,0",quintal_per_hectare
2025,48,Blé dur d'hiver,triticum_durum,winter_hard_wheat,"28,0",quintal_per_hectare
2021,49,Blé dur d'hiver,triticum_durum,winter_hard_wheat,"58,0",quintal_per_hectare
2022,49,Blé dur d'hiver,triticum_durum,winter_hard_wheat,"52,0",quintal_per_hectare
2023,49,Blé dur d'hiver,triticum_durum,winter_hard_wheat,"69,0",quintal_per_hectare
2024,49,Blé dur d'hiver,triticum_durum,winter_hard_wheat,"53,0",quintal_per_hectare
2025,49,Blé dur d'hiver,triticum_durum,winter_hard_wheat,"62,0",quintal_per_hectare
2021,51,Blé dur d'hiver,triticum_durum,winter_hard_wheat,"40,0",quintal_per_hectare
2022,51,Blé dur d'hiver,triticum_durum,winter_hard_wheat,"40,0",quintal_per_hectare
2023,51,Blé dur d'hiver,triticum_durum,winter_hard_wheat,"54,0",quintal_per_hectare
2024,51,Blé dur d'hiver,triticum_durum,winter_hard_wheat,"32,0",quintal_per_hectare
2025,51,Blé dur d'hiver,triticum_durum,winter_hard_wheat,"55,0",quintal_per_hectare
2021,52,Blé dur d'hiver,triticum_durum,winter_hard_wheat,"20,0",quintal_per_hectare
2022,52,Blé dur d'hiver,triticum_durum,winter_hard_wheat,"40,0",quintal_per_hectare
2023,52,Blé dur d'hiver,triticum_durum,winter_hard_wheat,"44,0",quintal_per_hectare
2024,52,Blé dur d'hiver,triticum_durum,winter_hard_wheat,"30,0",quintal_per_hectare
2025,52,Blé dur d'hiver,triticum_durum,winter_hard_wheat,"50,0",quintal_per_hectare
2021,53,Blé dur d'hiver,triticum_durum,winter_hard_wheat,"58,7",quintal_per_hectare
2022,53,Blé dur d'hiver,triticum_durum,winter_hard_wheat,"57,0",quintal_per_hectare
2023,53,Blé dur d'hiver,triticum_durum,winter_hard_wheat,"66,0",quintal_per_hectare
2024,53,Blé dur d'hiver,triticum_durum,winter_hard_wheat,"52,0",quintal_per_hectare
2025,53,Blé dur d'hiver,triticum_durum,winter_hard_wheat,"57,0",quintal_per_hectare
2021,54,Blé dur d'hiver,triticum_durum,winter_hard_wheat,"0,0",quintal_per_hectare
2023,54,Blé dur d'hiver,triticum_durum,winter_hard_wheat,"55,0",quintal_per_hectare
2024,54,Blé dur d'hiver,triticum_durum,winter_hard_wheat,"40,0",quintal_per_hectare
2025,54,Blé dur d'hiver,triticum_durum,winter_hard_wheat,"40,0",quintal_per_hectare
2021,55,Blé dur d'hiver,triticum_durum,winter_hard_wheat,"0,0",quintal_per_hectare
2023,55,Blé dur d'hiver,triticum_durum,winter_hard_wheat,"55,0",quintal_per_hectare
2024,55,Blé dur d'hiver,triticum_durum,winter_hard_wheat,"40,0",quintal_per_hectare
2025,55,Blé dur d'hiver,triticum_durum,winter_hard_wheat,"40,0",quintal_per_hectare
2021,56,Blé dur d'hiver,triticum_durum,winter_hard_wheat,"48,0",quintal_per_hectare
2022,56,Blé dur d'hiver,triticum_durum,winter_hard_wheat,"48,3",quintal_per_hectare
2023,56,Blé dur d'hiver,triticum_durum,winter_hard_wheat,"48,4",quintal_per_hectare
2024,56,Blé dur d'hiver,triticum_durum,winter_hard_wheat,"48,0",quintal_per_hectare
2025,56,Blé dur d'hiver,triticum_durum,winter_hard_wheat,"48,0",quintal_per_hectare
2024,57,Blé dur d'hiver,triticum_durum,winter_hard_wheat,"40,0",quintal_per_hectare
2025,57,Blé dur d'hiver,triticum_durum,winter_hard_wheat,"40,0",quintal_per_hectare
2021,58,Blé dur d'hiver,triticum_durum,winter_hard_wheat,"49,0",quintal_per_hectare
2022,58,Blé dur d'hiver,triticum_durum,winter_hard_wheat,"38,0",quintal_per_hectare
2023,58,Blé dur d'hiver,triticum_durum,winter_hard_wheat,"56,0",quintal_per_hectare
2024,58,Blé dur d'hiver,triticum_durum,winter_hard_wheat,"38,0",quintal_per_hectare
2025,58,Blé dur d'hiver,triticum_durum,winter_hard_wheat,"58,0",quintal_per_hectare
2021,59,Blé dur d'hiver,triticum_durum,winter_hard_wheat,"62,0",quintal_per_hectare
2022,59,Blé dur d'hiver,triticum_durum,winter_hard_wheat,"62,1",quintal_per_hectare
2023,59,Blé dur d'hiver,triticum_durum,winter_hard_wheat,"62,0",quintal_per_hectare
2024,59,Blé dur d'hiver,triticum_durum,winter_hard_wheat,"62,4",quintal_per_hectare
2025,59,Blé dur d'hiver,triticum_durum,winter_hard_wheat,"62,1",quintal_per_hectare
2021,60,Blé dur d'hiver,triticum_durum,winter_hard_wheat,"62,0",quintal_per_hectare
2022,60,Blé dur d'hiver,triticum_durum,winter_hard_wheat,"62,2",quintal_per_hectare
2023,60,Blé dur d'hiver,triticum_durum,winter_hard_wheat,"61,0",quintal_per_hectare
2024,60,Blé dur d'hiver,triticum_durum,winter_hard_wheat,"61,5",quintal_per_hectare
2025,60,Blé dur d'hiver,triticum_durum,winter_hard_wheat,"61,0",quintal_per_hectare
2021,61,Blé dur d'hiver,triticum_durum,winter_hard_wheat,"51,0",quintal_per_hectare
2022,61,Blé dur d'hiver,triticum_durum,winter_hard_wheat,"56,0",quintal_per_hectare
2023,61,Blé dur d'hiver,triticum_durum,winter_hard_wheat,"59,0",quintal_per_hectare
2024,61,Blé dur d'hiver,triticum_durum,winter_hard_wheat,"44,0",quintal_per_hectare
2025,61,Blé dur d'hiver,triticum_durum,winter_hard_wheat,"54,0",quintal_per_hectare
2021,62,Blé dur d'hiver,triticum_durum,winter_hard_wheat,"62,0",quintal_per_hectare
2022,62,Blé dur d'hiver,triticum_durum,winter_hard_wheat,"61,9",quintal_per_hectare
2023,62,Blé dur d'hiver,triticum_durum,winter_hard_wheat,"62,0",quintal_per_hectare
2024,62,Blé dur d'hiver,triticum_durum,winter_hard_wheat,"61,9",quintal_per_hectare
2025,62,Blé dur d'hiver,triticum_durum,winter_hard_wheat,"62,2",quintal_per_hectare
2021,63,Blé dur d'hiver,triticum_durum,winter_hard_wheat,"44,0",quintal_per_hectare
2022,63,Blé dur d'hiver,triticum_durum,winter_hard_wheat,"40,0",quintal_per_hectare
2023,63,Blé dur d'hiver,triticum_durum,winter_hard_wheat,"50,0",quintal_per_hectare
2024,63,Blé dur d'hiver,triticum_durum,winter_hard_wheat,"46,0",quintal_per_hectare
2025,63,Blé dur d'hiver,triticum_durum,winter_hard_wheat,"40,0",quintal_per_hectare
2021,64,Blé dur d'hiver,triticum_durum,winter_hard_wheat,"52,0",quintal_per_hectare
2022,64,Blé dur d'hiver,triticum_durum,winter_hard_wheat,"43,0",quintal_per_hectare
2023,64,Blé dur d'hiver,triticum_durum,winter_hard_wheat,"45,0",quintal_per_hectare
2024,64,Blé dur d'hiver,triticum_durum,winter_hard_wheat,"35,0",quintal_per_hectare
2025,64,Blé dur d'hiver,triticum_durum,winter_hard_wheat,"45,0",quintal_per_hectare
2021,65,Blé dur d'hiver,triticum_durum,winter_hard_wheat,"48,0",quintal_per_hectare
2022,65,Blé dur d'hiver,triticum_durum,winter_hard_wheat,"50,0",quintal_per_hectare
2023,65,Blé dur d'hiver,triticum_durum,winter_hard_wheat,"46,0",quintal_per_hectare
2024,65,Blé dur d'hiver,triticum_durum,winter_hard_wheat,"49,0",quintal_per_hectare
2021,66,Blé dur d'hiver,triticum_durum,winter_hard_wheat,"29,0",quintal_per_hectare
2022,66,Blé dur d'hiver,triticum_durum,winter_hard_wheat,"43,0",quintal_per_hectare
2023,66,Blé dur d'hiver,triticum_durum,winter_hard_wheat,"10,0",quintal_per_hectare
2024,66,Blé dur d'hiver,triticum_durum,winter_hard_wheat,"10,0",quintal_per_hectare
2025,66,Blé dur d'hiver,triticum_durum,winter_hard_wheat,"50,0",quintal_per_hectare
2021,67,Blé dur d'hiver,triticum_durum,winter_hard_wheat,"60,0",quintal_per_hectare
2022,67,Blé dur d'hiver,triticum_durum,winter_hard_wheat,"60,0",quintal_per_hectare
2023,67,Blé dur d'hiver,triticum_durum,winter_hard_wheat,"70,0",quintal_per_hectare
2024,67,Blé dur d'hiver,triticum_durum,winter_hard_wheat,"65,0",quintal_per_hectare
2025,67,Blé dur d'hiver,triticum_durum,winter_hard_wheat,"70,0",quintal_per_hectare
2021,68,Blé dur d'hiver,triticum_durum,winter_hard_wheat,"55,0",quintal_per_hectare
2022,68,Blé dur d'hiver,triticum_durum,winter_hard_wheat,"60,0",quintal_per_hectare
2023,68,Blé dur d'hiver,triticum_durum,winter_hard_wheat,"65,0",quintal_per_hectare
2024,68,Blé dur d'hiver,triticum_durum,winter_hard_wheat,"65,0",quintal_per_hectare
2025,68,Blé dur d'hiver,triticum_durum,winter_hard_wheat,"70,0",quintal_per_hectare
2021,69,Blé dur d'hiver,triticum_durum,winter_hard_wheat,"46,0",quintal_per_hectare
2022,69,Blé dur d'hiver,triticum_durum,winter_hard_wheat,"45,0",quintal_per_hectare
2023,69,Blé dur d'hiver,triticum_durum,winter_hard_wheat,"57,0",quintal_per_hectare
2024,69,Blé dur d'hiver,triticum_durum,winter_hard_wheat,"53,0",quintal_per_hectare
2025,69,Blé dur d'hiver,triticum_durum,winter_hard_wheat,"55,0",quintal_per_hectare
2021,70,Blé dur d'hiver,triticum_durum,winter_hard_wheat,"42,0",quintal_per_hectare
2022,70,Blé dur d'hiver,triticum_durum,winter_hard_wheat,"31,0",quintal_per_hectare
2023,70,Blé dur d'hiver,triticum_durum,winter_hard_wheat,"35,0",quintal_per_hectare
2024,70,Blé dur d'hiver,triticum_durum,winter_hard_wheat,"29,0",quintal_per_hectare
2025,70,Blé dur d'hiver,triticum_durum,winter_hard_wheat,"58,0",quintal_per_hectare
2021,71,Blé dur d'hiver,triticum_durum,winter_hard_wheat,"51,0",quintal_per_hectare
2022,71,Blé dur d'hiver,triticum_durum,winter_hard_wheat,"38,0",quintal_per_hectare
2023,71,Blé dur d'hiver,triticum_durum,winter_hard_wheat,"56,0",quintal_per_hectare
2024,71,Blé dur d'hiver,triticum_durum,winter_hard_wheat,"38,0",quintal_per_hectare
2025,71,Blé dur d'hiver,triticum_durum,winter_hard_wheat,"58,0",quintal_per_hectare
2021,72,Blé dur d'hiver,triticum_durum,winter_hard_wheat,"55,0",quintal_per_hectare
2022,72,Blé dur d'hiver,triticum_durum,winter_hard_wheat,"55,0",quintal_per_hectare
2023,72,Blé dur d'hiver,triticum_durum,winter_hard_wheat,"67,0",quintal_per_hectare
2024,72,Blé dur d'hiver,triticum_durum,winter_hard_wheat,"52,0",quintal_per_hectare
2025,72,Blé dur d'hiver,triticum_durum,winter_hard_wheat,"55,0",quintal_per_hectare
2021,73,Blé dur d'hiver,triticum_durum,winter_hard_wheat,"45,0",quintal_per_hectare
2022,73,Blé dur d'hiver,triticum_durum,winter_hard_wheat,"50,0",quintal_per_hectare
2023,73,Blé dur d'hiver,triticum_durum,winter_hard_wheat,"45,0",quintal_per_hectare
2024,73,Blé dur d'hiver,triticum_durum,winter_hard_wheat,"40,0",quintal_per_hectare
2025,73,Blé dur d'hiver,triticum_durum,winter_hard_wheat,"44,0",quintal_per_hectare
2021,74,Blé dur d'hiver,triticum_durum,winter_hard_wheat,"50,0",quintal_per_hectare
2022,74,Blé dur d'hiver,triticum_durum,winter_hard_wheat,"45,0",quintal_per_hectare
2023,74,Blé dur d'hiver,triticum_durum,winter_hard_wheat,"45,0",quintal_per_hectare
2024,74,Blé dur d'hiver,triticum_durum,winter_hard_wheat,"42,0",quintal_per_hectare
2025,74,Blé dur d'hiver,triticum_durum,winter_hard_wheat,"40,0",quintal_per_hectare
2021,76,Blé dur d'hiver,triticum_durum,winter_hard_wheat,"45,0",quintal_per_hectare
2022,76,Blé dur d'hiver,triticum_durum,winter_hard_wheat,"56,0",quintal_per_hectare
2023,76,Blé dur d'hiver,triticum_durum,winter_hard_wheat,"52,0",quintal_per_hectare
2024,76,Blé dur d'hiver,triticum_durum,winter_hard_wheat,"44,0",quintal_per_hectare
2025,76,Blé dur d'hiver,triticum_durum,winter_hard_wheat,"54,0",quintal_per_hectare
2021,77,Blé dur d'hiver,triticum_durum,winter_hard_wheat,"64,0",quintal_per_hectare
2022,77,Blé dur d'hiver,triticum_durum,winter_hard_wheat,"68,0",quintal_per_hectare
2023,77,Blé dur d'hiver,triticum_durum,winter_hard_wheat,"64,0",quintal_per_hectare
2024,77,Blé dur d'hiver,triticum_durum,winter_hard_wheat,"59,0",quintal_per_hectare
2025,77,Blé dur d'hiver,triticum_durum,winter_hard_wheat,"67,1",quintal_per_hectare
2021,78,Blé dur d'hiver,triticum_durum,winter_hard_wheat,"68,0",quintal_per_hectare
2022,78,Blé dur d'hiver,triticum_durum,winter_hard_wheat,"71,0",quintal_per_hectare
2023,78,Blé dur d'hiver,triticum_durum,winter_hard_wheat,"64,0",quintal_per_hectare
2024,78,Blé dur d'hiver,triticum_durum,winter_hard_wheat,"55,0",quintal_per_hectare
2025,78,Blé dur d'hiver,triticum_durum,winter_hard_wheat,"68,0",quintal_per_hectare
2021,79,Blé dur d'hiver,triticum_durum,winter_hard_wheat,"50,0",quintal_per_hectare
2022,79,Blé dur d'hiver,triticum_durum,winter_hard_wheat,"46,0",quintal_per_hectare
2023,79,Blé dur d'hiver,triticum_durum,winter_hard_wheat,"60,0",quintal_per_hectare
2024,79,Blé dur d'hiver,triticum_durum,winter_hard_wheat,"53,9",quintal_per_hectare
2025,79,Blé dur d'hiver,triticum_durum,winter_hard_wheat,"62,0",quintal_per_hectare
2021,80,Blé dur d'hiver,triticum_durum,winter_hard_wheat,"63,0",quintal_per_hectare
2022,80,Blé dur d'hiver,triticum_durum,winter_hard_wheat,"62,8",quintal_per_hectare
2023,80,Blé dur d'hiver,triticum_durum,winter_hard_wheat,"62,0",quintal_per_hectare
2024,80,Blé dur d'hiver,triticum_durum,winter_hard_wheat,"62,6",quintal_per_hectare
2025,80,Blé dur d'hiver,triticum_durum,winter_hard_wheat,"61,8",quintal_per_hectare
2021,81,Blé dur d'hiver,triticum_durum,winter_hard_wheat,"48,0",quintal_per_hectare
2022,81,Blé dur d'hiver,triticum_durum,winter_hard_wheat,"45,0",quintal_per_hectare
2023,81,Blé dur d'hiver,triticum_durum,winter_hard_wheat,"50,0",quintal_per_hectare
2024,81,Blé dur d'hiver,triticum_durum,winter_hard_wheat,"48,0",quintal_per_hectare
2025,81,Blé dur d'hiver,triticum_durum,winter_hard_wheat,"51,0",quintal_per_hectare
2021,82,Blé dur d'hiver,triticum_durum,winter_hard_wheat,"47,0",quintal_per_hectare
2022,82,Blé dur d'hiver,triticum_durum,winter_hard_wheat,"44,0",quintal_per_hectare
2023,82,Blé dur d'hiver,triticum_durum,winter_hard_wheat,"53,0",quintal_per_hectare
2024,82,Blé dur d'hiver,triticum_durum,winter_hard_wheat,"46,0",quintal_per_hectare
2025,82,Blé dur d'hiver,triticum_durum,winter_hard_wheat,"50,0",quintal_per_hectare
2021,83,Blé dur d'hiver,triticum_durum,winter_hard_wheat,"41,8",quintal_per_hectare
2022,83,Blé dur d'hiver,triticum_durum,winter_hard_wheat,"28,9",quintal_per_hectare
2023,83,Blé dur d'hiver,triticum_durum,winter_hard_wheat,"28,6",quintal_per_hectare
2024,83,Blé dur d'hiver,triticum_durum,winter_hard_wheat,"43,1",quintal_per_hectare
2025,83,Blé dur d'hiver,triticum_durum,winter_hard_wheat,"43,0",quintal_per_hectare
2021,84,Blé dur d'hiver,triticum_durum,winter_hard_wheat,"48,0",quintal_per_hectare
2022,84,Blé dur d'hiver,triticum_durum,winter_hard_wheat,"33,0",quintal_per_hectare
2023,84,Blé dur d'hiver,triticum_durum,winter_hard_wheat,"30,3",quintal_per_hectare
2024,84,Blé dur d'hiver,triticum_durum,winter_hard_wheat,"43,2",quintal_per_hectare
2025,84,Blé dur d'hiver,triticum_durum,winter_hard_wheat,"45,0",quintal_per_hectare
2021,85,Blé dur d'hiver,triticum_durum,winter_hard_wheat,"64,0",quintal_per_hectare
2022,85,Blé dur d'hiver,triticum_durum,winter_hard_wheat,"67,6",quintal_per_hectare
2023,85,Blé dur d'hiver,triticum_durum,winter_hard_wheat,"73,0",quintal_per_hectare
2024,85,Blé dur d'hiver,triticum_durum,winter_hard_wheat,"57,0",quintal_per_hectare
2025,85,Blé dur d'hiver,triticum_durum,winter_hard_wheat,"74,0",quintal_per_hectare
2021,86,Blé dur d'hiver,triticum_durum,winter_hard_wheat,"53,0",quintal_per_hectare
2022,86,Blé dur d'hiver,triticum_durum,winter_hard_wheat,"53,0",quintal_per_hectare
2023,86,Blé dur d'hiver,triticum_durum,winter_hard_wheat,"62,0",quintal_per_hectare
2024,86,Blé dur d'hiver,triticum_durum,winter_hard_wheat,"52,0",quintal_per_hectare
2025,86,Blé dur d'hiver,triticum_durum,winter_hard_wheat,"62,0",quintal_per_hectare
2021,87,Blé dur d'hiver,triticum_durum,winter_hard_wheat,"40,0",quintal_per_hectare
2022,87,Blé dur d'hiver,triticum_durum,winter_hard_wheat,"40,0",quintal_per_hectare
2023,87,Blé dur d'hiver,triticum_durum,winter_hard_wheat,"54,0",quintal_per_hectare
2024,87,Blé dur d'hiver,triticum_durum,winter_hard_wheat,"28,0",quintal_per_hectare
2025,87,Blé dur d'hiver,triticum_durum,winter_hard_wheat,"20,0",quintal_per_hectare
2024,88,Blé dur d'hiver,triticum_durum,winter_hard_wheat,"40,0",quintal_per_hectare
2025,88,Blé dur d'hiver,triticum_durum,winter_hard_wheat,"40,0",quintal_per_hectare
2021,89,Blé dur d'hiver,triticum_durum,winter_hard_wheat,"48,0",quintal_per_hectare
2022,89,Blé dur d'hiver,triticum_durum,winter_hard_wheat,"38,0",quintal_per_hectare
2023,89,Blé dur d'hiver,triticum_durum,winter_hard_wheat,"56,0",quintal_per_hectare
2024,89,Blé dur d'hiver,triticum_durum,winter_hard_wheat,"38,0",quintal_per_hectare
2025,89,Blé dur d'hiver,triticum_durum,winter_hard_wheat,"58,0",quintal_per_hectare
2021,90,Blé dur d'hiver,triticum_durum,winter_hard_wheat,"34,0",quintal_per_hectare
2022,90,Blé dur d'hiver,triticum_durum,winter_hard_wheat,"31,0",quintal_per_hectare
2021,91,Blé dur d'hiver,triticum_durum,winter_hard_wheat,"70,0",quintal_per_hectare
2022,91,Blé dur d'hiver,triticum_durum,winter_hard_wheat,"74,0",quintal_per_hectare
2023,91,Blé dur d'hiver,triticum_durum,winter_hard_wheat,"70,0",quintal_per_hectare
2024,91,Blé dur d'hiver,triticum_durum,winter_hard_wheat,"60,0",quintal_per_hectare
2025,91,Blé dur d'hiver,triticum_durum,winter_hard_wheat,"74,4",quintal_per_hectare
2021,95,Blé dur d'hiver,triticum_durum,winter_hard_wheat,"65,0",quintal_per_hectare
2022,95,Blé dur d'hiver,triticum_durum,winter_hard_wheat,"70,0",quintal_per_hectare
2021,01,Colza d'hiver,brassica_napus_napus,winter_rape,"32,0",quintal_per_hectare
2022,01,Colza d'hiver,brassica_napus_napus,winter_rape,"34,0",quintal_per_hectare
2023,01,Colza d'hiver,brassica_napus_napus,winter_rape,"32,5",quintal_per_hectare
2024,01,Colza d'hiver,brassica_napus_napus,winter_rape,"28,5",quintal_per_hectare
2025,01,Colza d'hiver,brassica_napus_napus,winter_rape,"40,0",quintal_per_hectare
2021,02,Colza d'hiver,brassica_napus_napus,winter_rape,"32,0",quintal_per_hectare
2022,02,Colza d'hiver,brassica_napus_napus,winter_rape,"44,0",quintal_per_hectare
2023,02,Colza d'hiver,brassica_napus_napus,winter_rape,"36,0",quintal_per_hectare
2024,02,Colza d'hiver,brassica_napus_napus,winter_rape,"32,0",quintal_per_hectare
2025,02,Colza d'hiver,brassica_napus_napus,winter_rape,"44,0",quintal_per_hectare
2021,03,Colza d'hiver,brassica_napus_napus,winter_rape,"29,0",quintal_per_hectare
2022,03,Colza d'hiver,brassica_napus_napus,winter_rape,"26,0",quintal_per_hectare
2023,03,Colza d'hiver,brassica_napus_napus,winter_rape,"29,0",quintal_per_hectare
2024,03,Colza d'hiver,brassica_napus_napus,winter_rape,"27,5",quintal_per_hectare
2025,03,Colza d'hiver,brassica_napus_napus,winter_rape,"25,0",quintal_per_hectare
2021,04,Colza d'hiver,brassica_napus_napus,winter_rape,"25,1",quintal_per_hectare
2022,04,Colza d'hiver,brassica_napus_napus,winter_rape,"18,5",quintal_per_hectare
2023,04,Colza d'hiver,brassica_napus_napus,winter_rape,"19,9",quintal_per_hectare
2024,04,Colza d'hiver,brassica_napus_napus,winter_rape,"26,3",quintal_per_hectare
2025,04,Colza d'hiver,brassica_napus_napus,winter_rape,"27,0",quintal_per_hectare
2021,05,Colza d'hiver,brassica_napus_napus,winter_rape,"18,0",quintal_per_hectare
2022,05,Colza d'hiver,brassica_napus_napus,winter_rape,"14,5",quintal_per_hectare
2023,05,Colza d'hiver,brassica_napus_napus,winter_rape,"25,0",quintal_per_hectare
2024,05,Colza d'hiver,brassica_napus_napus,winter_rape,"24,2",quintal_per_hectare
2025,05,Colza d'hiver,brassica_napus_napus,winter_rape,"24,3",quintal_per_hectare
2021,07,Colza d'hiver,brassica_napus_napus,winter_rape,"22,0",quintal_per_hectare
2022,07,Colza d'hiver,brassica_napus_napus,winter_rape,"20,0",quintal_per_hectare
2023,07,Colza d'hiver,brassica_napus_napus,winter_rape,"25,0",quintal_per_hectare
2024,07,Colza d'hiver,brassica_napus_napus,winter_rape,"23,0",quintal_per_hectare
2025,07,Colza d'hiver,brassica_napus_napus,winter_rape,"25,0",quintal_per_hectare
2021,08,Colza d'hiver,brassica_napus_napus,winter_rape,"27,0",quintal_per_hectare
2022,08,Colza d'hiver,brassica_napus_napus,winter_rape,"42,0",quintal_per_hectare
2023,08,Colza d'hiver,brassica_napus_napus,winter_rape,"31,0",quintal_per_hectare
2024,08,Colza d'hiver,brassica_napus_napus,winter_rape,"30,0",quintal_per_hectare
2025,08,Colza d'hiver,brassica_napus_napus,winter_rape,"39,0",quintal_per_hectare
2021,09,Colza d'hiver,brassica_napus_napus,winter_rape,"27,0",quintal_per_hectare
2022,09,Colza d'hiver,brassica_napus_napus,winter_rape,"25,0",quintal_per_hectare
2023,09,Colza d'hiver,brassica_napus_napus,winter_rape,"23,0",quintal_per_hectare
2024,09,Colza d'hiver,brassica_napus_napus,winter_rape,"30,0",quintal_per_hectare
2025,09,Colza d'hiver,brassica_napus_napus,winter_rape,"28,0",quintal_per_hectare
2021,10,Colza d'hiver,brassica_napus_napus,winter_rape,"30,0",quintal_per_hectare
2022,10,Colza d'hiver,brassica_napus_napus,winter_rape,"41,5",quintal_per_hectare
2023,10,Colza d'hiver,brassica_napus_napus,winter_rape,"33,0",quintal_per_hectare
2024,10,Colza d'hiver,brassica_napus_napus,winter_rape,"31,0",quintal_per_hectare
2025,10,Colza d'hiver,brassica_napus_napus,winter_rape,"37,0",quintal_per_hectare
2021,11,Colza d'hiver,brassica_napus_napus,winter_rape,"33,0",quintal_per_hectare
2022,11,Colza d'hiver,brassica_napus_napus,winter_rape,"29,0",quintal_per_hectare
2023,11,Colza d'hiver,brassica_napus_napus,winter_rape,"28,0",quintal_per_hectare
2024,11,Colza d'hiver,brassica_napus_napus,winter_rape,"25,0",quintal_per_hectare
2025,11,Colza d'hiver,brassica_napus_napus,winter_rape,"28,0",quintal_per_hectare
2021,12,Colza d'hiver,brassica_napus_napus,winter_rape,"23,0",quintal_per_hectare
2022,12,Colza d'hiver,brassica_napus_napus,winter_rape,"29,0",quintal_per_hectare
2023,12,Colza d'hiver,brassica_napus_napus,winter_rape,"32,0",quintal_per_hectare
2024,12,Colza d'hiver,brassica_napus_napus,winter_rape,"32,0",quintal_per_hectare
2025,12,Colza d'hiver,brassica_napus_napus,winter_rape,"32,0",quintal_per_hectare
2021,13,Colza d'hiver,brassica_napus_napus,winter_rape,"25,3",quintal_per_hectare
2022,13,Colza d'hiver,brassica_napus_napus,winter_rape,"22,1",quintal_per_hectare
2023,13,Colza d'hiver,brassica_napus_napus,winter_rape,"20,1",quintal_per_hectare
2024,13,Colza d'hiver,brassica_napus_napus,winter_rape,"23,8",quintal_per_hectare
2025,13,Colza d'hiver,brassica_napus_napus,winter_rape,"20,4",quintal_per_hectare
2021,14,Colza d'hiver,brassica_napus_napus,winter_rape,"39,0",quintal_per_hectare
2022,14,Colza d'hiver,brassica_napus_napus,winter_rape,"42,0",quintal_per_hectare
2023,14,Colza d'hiver,brassica_napus_napus,winter_rape,"35,0",quintal_per_hectare
2024,14,Colza d'hiver,brassica_napus_napus,winter_rape,"35,0",quintal_per_hectare
2025,14,Colza d'hiver,brassica_napus_napus,winter_rape,"41,0",quintal_per_hectare
2021,15,Colza d'hiver,brassica_napus_napus,winter_rape,"25,0",quintal_per_hectare
2022,15,Colza d'hiver,brassica_napus_napus,winter_rape,"24,0",quintal_per_hectare
2023,15,Colza d'hiver,brassica_napus_napus,winter_rape,"24,0",quintal_per_hectare
2024,15,Colza d'hiver,brassica_napus_napus,winter_rape,"25,0",quintal_per_hectare
2025,15,Colza d'hiver,brassica_napus_napus,winter_rape,"24,0",quintal_per_hectare
2021,16,Colza d'hiver,brassica_napus_napus,winter_rape,"39,0",quintal_per_hectare
2022,16,Colza d'hiver,brassica_napus_napus,winter_rape,"29,0",quintal_per_hectare
2023,16,Colza d'hiver,brassica_napus_napus,winter_rape,"28,0",quintal_per_hectare
2024,16,Colza d'hiver,brassica_napus_napus,winter_rape,"30,0",quintal_per_hectare
2025,16,Colza d'hiver,brassica_napus_napus,winter_rape,"35,0",quintal_per_hectare
2021,17,Colza d'hiver,brassica_napus_napus,winter_rape,"39,0",quintal_per_hectare
2022,17,Colza d'hiver,brassica_napus_napus,winter_rape,"29,0",quintal_per_hectare
2023,17,Colza d'hiver,brassica_napus_napus,winter_rape,"30,0",quintal_per_hectare
2024,17,Colza d'hiver,brassica_napus_napus,winter_rape,"29,0",quintal_per_hectare
2025,17,Colza d'hiver,brassica_napus_napus,winter_rape,"37,0",quintal_per_hectare
2021,18,Colza d'hiver,brassica_napus_napus,winter_rape,"32,0",quintal_per_hectare
2022,18,Colza d'hiver,brassica_napus_napus,winter_rape,"31,0",quintal_per_hectare
2023,18,Colza d'hiver,brassica_napus_napus,winter_rape,"27,0",quintal_per_hectare
2024,18,Colza d'hiver,brassica_napus_napus,winter_rape,"22,0",quintal_per_hectare
2025,18,Colza d'hiver,brassica_napus_napus,winter_rape,"29,0",quintal_per_hectare
2021,19,Colza d'hiver,brassica_napus_napus,winter_rape,"30,0",quintal_per_hectare
2022,19,Colza d'hiver,brassica_napus_napus,winter_rape,"28,0",quintal_per_hectare
2023,19,Colza d'hiver,brassica_napus_napus,winter_rape,"35,0",quintal_per_hectare
2024,19,Colza d'hiver,brassica_napus_napus,winter_rape,"23,0",quintal_per_hectare
2025,19,Colza d'hiver,brassica_napus_napus,winter_rape,"30,0",quintal_per_hectare
2021,21,Colza d'hiver,brassica_napus_napus,winter_rape,"30,0",quintal_per_hectare
2022,21,Colza d'hiver,brassica_napus_napus,winter_rape,"35,0",quintal_per_hectare
2023,21,Colza d'hiver,brassica_napus_napus,winter_rape,"31,0",quintal_per_hectare
2024,21,Colza d'hiver,brassica_napus_napus,winter_rape,"32,0",quintal_per_hectare
2025,21,Colza d'hiver,brassica_napus_napus,winter_rape,"36,0",quintal_per_hectare
2021,22,Colza d'hiver,brassica_napus_napus,winter_rape,"34,0",quintal_per_hectare
2022,22,Colza d'hiver,brassica_napus_napus,winter_rape,"41,1",quintal_per_hectare
2023,22,Colza d'hiver,brassica_napus_napus,winter_rape,"31,7",quintal_per_hectare
2024,22,Colza d'hiver,brassica_napus_napus,winter_rape,"30,2",quintal_per_hectare
2025,22,Colza d'hiver,brassica_napus_napus,winter_rape,"38,8",quintal_per_hectare
2021,23,Colza d'hiver,brassica_napus_napus,winter_rape,"34,0",quintal_per_hectare
2022,23,Colza d'hiver,brassica_napus_napus,winter_rape,"36,0",quintal_per_hectare
2023,23,Colza d'hiver,brassica_napus_napus,winter_rape,"35,0",quintal_per_hectare
2024,23,Colza d'hiver,brassica_napus_napus,winter_rape,"31,0",quintal_per_hectare
2025,23,Colza d'hiver,brassica_napus_napus,winter_rape,"34,0",quintal_per_hectare
2021,24,Colza d'hiver,brassica_napus_napus,winter_rape,"34,0",quintal_per_hectare
2022,24,Colza d'hiver,brassica_napus_napus,winter_rape,"27,0",quintal_per_hectare
2023,24,Colza d'hiver,brassica_napus_napus,winter_rape,"31,0",quintal_per_hectare
2024,24,Colza d'hiver,brassica_napus_napus,winter_rape,"27,0",quintal_per_hectare
2025,24,Colza d'hiver,brassica_napus_napus,winter_rape,"29,0",quintal_per_hectare
2021,25,Colza d'hiver,brassica_napus_napus,winter_rape,"32,0",quintal_per_hectare
2022,25,Colza d'hiver,brassica_napus_napus,winter_rape,"34,0",quintal_per_hectare
2023,25,Colza d'hiver,brassica_napus_napus,winter_rape,"34,0",quintal_per_hectare
2024,25,Colza d'hiver,brassica_napus_napus,winter_rape,"31,0",quintal_per_hectare
2025,25,Colza d'hiver,brassica_napus_napus,winter_rape,"38,0",quintal_per_hectare
2021,26,Colza d'hiver,brassica_napus_napus,winter_rape,"29,0",quintal_per_hectare
2022,26,Colza d'hiver,brassica_napus_napus,winter_rape,"24,0",quintal_per_hectare
2023,26,Colza d'hiver,brassica_napus_napus,winter_rape,"27,0",quintal_per_hectare
2024,26,Colza d'hiver,brassica_napus_napus,winter_rape,"23,0",quintal_per_hectare
2025,26,Colza d'hiver,brassica_napus_napus,winter_rape,"27,0",quintal_per_hectare
2021,27,Colza d'hiver,brassica_napus_napus,winter_rape,"37,0",quintal_per_hectare
2022,27,Colza d'hiver,brassica_napus_napus,winter_rape,"42,0",quintal_per_hectare
2023,27,Colza d'hiver,brassica_napus_napus,winter_rape,"35,0",quintal_per_hectare
2024,27,Colza d'hiver,brassica_napus_napus,winter_rape,"33,0",quintal_per_hectare
2025,27,Colza d'hiver,brassica_napus_napus,winter_rape,"39,0",quintal_per_hectare
2021,28,Colza d'hiver,brassica_napus_napus,winter_rape,"37,0",quintal_per_hectare
2022,28,Colza d'hiver,brassica_napus_napus,winter_rape,"40,0",quintal_per_hectare
2023,28,Colza d'hiver,brassica_napus_napus,winter_rape,"34,0",quintal_per_hectare
2024,28,Colza d'hiver,brassica_napus_napus,winter_rape,"34,0",quintal_per_hectare
2025,28,Colza d'hiver,brassica_napus_napus,winter_rape,"38,0",quintal_per_hectare
2021,29,Colza d'hiver,brassica_napus_napus,winter_rape,"34,0",quintal_per_hectare
2022,29,Colza d'hiver,brassica_napus_napus,winter_rape,"38,4",quintal_per_hectare
2023,29,Colza d'hiver,brassica_napus_napus,winter_rape,"29,2",quintal_per_hectare
2024,29,Colza d'hiver,brassica_napus_napus,winter_rape,"30,4",quintal_per_hectare
2025,29,Colza d'hiver,brassica_napus_napus,winter_rape,"40,3",quintal_per_hectare
2021,30,Colza d'hiver,brassica_napus_napus,winter_rape,"28,0",quintal_per_hectare
2022,30,Colza d'hiver,brassica_napus_napus,winter_rape,"25,0",quintal_per_hectare
2023,30,Colza d'hiver,brassica_napus_napus,winter_rape,"25,0",quintal_per_hectare
2024,30,Colza d'hiver,brassica_napus_napus,winter_rape,"27,0",quintal_per_hectare
2025,30,Colza d'hiver,brassica_napus_napus,winter_rape,"20,0",quintal_per_hectare
2021,31,Colza d'hiver,brassica_napus_napus,winter_rape,"25,2",quintal_per_hectare
2022,31,Colza d'hiver,brassica_napus_napus,winter_rape,"29,0",quintal_per_hectare
2023,31,Colza d'hiver,brassica_napus_napus,winter_rape,"28,0",quintal_per_hectare
2024,31,Colza d'hiver,brassica_napus_napus,winter_rape,"27,0",quintal_per_hectare
2025,31,Colza d'hiver,brassica_napus_napus,winter_rape,"29,0",quintal_per_hectare
2021,32,Colza d'hiver,brassica_napus_napus,winter_rape,"23,0",quintal_per_hectare
2022,32,Colza d'hiver,brassica_napus_napus,winter_rape,"25,0",quintal_per_hectare
2023,32,Colza d'hiver,brassica_napus_napus,winter_rape,"32,0",quintal_per_hectare
2024,32,Colza d'hiver,brassica_napus_napus,winter_rape,"29,0",quintal_per_hectare
2025,32,Colza d'hiver,brassica_napus_napus,winter_rape,"32,0",quintal_per_hectare
2021,33,Colza d'hiver,brassica_napus_napus,winter_rape,"25,0",quintal_per_hectare
2022,33,Colza d'hiver,brassica_napus_napus,winter_rape,"26,0",quintal_per_hectare
2023,33,Colza d'hiver,brassica_napus_napus,winter_rape,"25,0",quintal_per_hectare
2024,33,Colza d'hiver,brassica_napus_napus,winter_rape,"22,0",quintal_per_hectare
2025,33,Colza d'hiver,brassica_napus_napus,winter_rape,"24,0",quintal_per_hectare
2021,34,Colza d'hiver,brassica_napus_napus,winter_rape,"20,0",quintal_per_hectare
2022,34,Colza d'hiver,brassica_napus_napus,winter_rape,"20,0",quintal_per_hectare
2023,34,Colza d'hiver,brassica_napus_napus,winter_rape,"19,0",quintal_per_hectare
2024,34,Colza d'hiver,brassica_napus_napus,winter_rape,"24,0",quintal_per_hectare
2025,34,Colza d'hiver,brassica_napus_napus,winter_rape,"20,0",quintal_per_hectare
2021,35,Colza d'hiver,brassica_napus_napus,winter_rape,"36,4",quintal_per_hectare
2022,35,Colza d'hiver,brassica_napus_napus,winter_rape,"39,6",quintal_per_hectare
2023,35,Colza d'hiver,brassica_napus_napus,winter_rape,"32,5",quintal_per_hectare
2024,35,Colza d'hiver,brassica_napus_napus,winter_rape,"28,4",quintal_per_hectare
2025,35,Colza d'hiver,brassica_napus_napus,winter_rape,"36,7",quintal_per_hectare
2021,36,Colza d'hiver,brassica_napus_napus,winter_rape,"33,0",quintal_per_hectare
2022,36,Colza d'hiver,brassica_napus_napus,winter_rape,"33,0",quintal_per_hectare
2023,36,Colza d'hiver,brassica_napus_napus,winter_rape,"28,0",quintal_per_hectare
2024,36,Colza d'hiver,brassica_napus_napus,winter_rape,"25,0",quintal_per_hectare
2025,36,Colza d'hiver,brassica_napus_napus,winter_rape,"30,0",quintal_per_hectare
2021,37,Colza d'hiver,brassica_napus_napus,winter_rape,"34,0",quintal_per_hectare
2022,37,Colza d'hiver,brassica_napus_napus,winter_rape,"31,0",quintal_per_hectare
2023,37,Colza d'hiver,brassica_napus_napus,winter_rape,"30,0",quintal_per_hectare
2024,37,Colza d'hiver,brassica_napus_napus,winter_rape,"26,0",quintal_per_hectare
2025,37,Colza d'hiver,brassica_napus_napus,winter_rape,"33,0",quintal_per_hectare
2021,38,Colza d'hiver,brassica_napus_napus,winter_rape,"35,5",quintal_per_hectare
2022,38,Colza d'hiver,brassica_napus_napus,winter_rape,"34,5",quintal_per_hectare
2023,38,Colza d'hiver,brassica_napus_napus,winter_rape,"34,5",quintal_per_hectare
2024,38,Colza d'hiver,brassica_napus_napus,winter_rape,"33,0",quintal_per_hectare
2025,38,Colza d'hiver,brassica_napus_napus,winter_rape,"38,0",quintal_per_hectare
2021,39,Colza d'hiver,brassica_napus_napus,winter_rape,"32,0",quintal_per_hectare
2022,39,Colza d'hiver,brassica_napus_napus,winter_rape,"34,0",quintal_per_hectare
2023,39,Colza d'hiver,brassica_napus_napus,winter_rape,"33,0",quintal_per_hectare
2024,39,Colza d'hiver,brassica_napus_napus,winter_rape,"32,0",quintal_per_hectare
2025,39,Colza d'hiver,brassica_napus_napus,winter_rape,"39,0",quintal_per_hectare
2021,40,Colza d'hiver,brassica_napus_napus,winter_rape,"25,0",quintal_per_hectare
2022,40,Colza d'hiver,brassica_napus_napus,winter_rape,"27,0",quintal_per_hectare
2023,40,Colza d'hiver,brassica_napus_napus,winter_rape,"25,0",quintal_per_hectare
2024,40,Colza d'hiver,brassica_napus_napus,winter_rape,"22,0",quintal_per_hectare
2025,40,Colza d'hiver,brassica_napus_napus,winter_rape,"24,0",quintal_per_hectare
2021,41,Colza d'hiver,brassica_napus_napus,winter_rape,"35,0",quintal_per_hectare
2022,41,Colza d'hiver,brassica_napus_napus,winter_rape,"36,5",quintal_per_hectare
2023,41,Colza d'hiver,brassica_napus_napus,winter_rape,"33,0",quintal_per_hectare
2024,41,Colza d'hiver,brassica_napus_napus,winter_rape,"29,0",quintal_per_hectare
2025,41,Colza d'hiver,brassica_napus_napus,winter_rape,"34,0",quintal_per_hectare
2021,42,Colza d'hiver,brassica_napus_napus,winter_rape,"30,0",quintal_per_hectare
2022,42,Colza d'hiver,brassica_napus_napus,winter_rape,"22,0",quintal_per_hectare
2023,42,Colza d'hiver,brassica_napus_napus,winter_rape,"28,5",quintal_per_hectare
2024,42,Colza d'hiver,brassica_napus_napus,winter_rape,"33,0",quintal_per_hectare
2025,42,Colza d'hiver,brassica_napus_napus,winter_rape,"32,0",quintal_per_hectare
2021,43,Colza d'hiver,brassica_napus_napus,winter_rape,"18,0",quintal_per_hectare
2022,43,Colza d'hiver,brassica_napus_napus,winter_rape,"16,0",quintal_per_hectare
2023,43,Colza d'hiver,brassica_napus_napus,winter_rape,"26,0",quintal_per_hectare
2024,43,Colza d'hiver,brassica_napus_napus,winter_rape,"28,0",quintal_per_hectare
2025,43,Colza d'hiver,brassica_napus_napus,winter_rape,"31,0",quintal_per_hectare
2021,44,Colza d'hiver,brassica_napus_napus,winter_rape,"35,0",quintal_per_hectare
2022,44,Colza d'hiver,brassica_napus_napus,winter_rape,"36,1",quintal_per_hectare
2023,44,Colza d'hiver,brassica_napus_napus,winter_rape,"28,0",quintal_per_hectare
2024,44,Colza d'hiver,brassica_napus_napus,winter_rape,"23,0",quintal_per_hectare
2025,44,Colza d'hiver,brassica_napus_napus,winter_rape,"35,0",quintal_per_hectare
2021,45,Colza d'hiver,brassica_napus_napus,winter_rape,"32,0",quintal_per_hectare
2022,45,Colza d'hiver,brassica_napus_napus,winter_rape,"34,0",quintal_per_hectare
2023,45,Colza d'hiver,brassica_napus_napus,winter_rape,"32,0",quintal_per_hectare
2024,45,Colza d'hiver,brassica_napus_napus,winter_rape,"32,5",quintal_per_hectare
2025,45,Colza d'hiver,brassica_napus_napus,winter_rape,"34,0",quintal_per_hectare
2021,46,Colza d'hiver,brassica_napus_napus,winter_rape,"22,0",quintal_per_hectare
2022,46,Colza d'hiver,brassica_napus_napus,winter_rape,"22,0",quintal_per_hectare
2023,46,Colza d'hiver,brassica_napus_napus,winter_rape,"23,0",quintal_per_hectare
2024,46,Colza d'hiver,brassica_napus_napus,winter_rape,"23,0",quintal_per_hectare
2025,46,Colza d'hiver,brassica_napus_napus,winter_rape,"28,0",quintal_per_hectare
2021,47,Colza d'hiver,brassica_napus_napus,winter_rape,"24,0",quintal_per_hectare
2022,47,Colza d'hiver,brassica_napus_napus,winter_rape,"27,0",quintal_per_hectare
2023,47,Colza d'hiver,brassica_napus_napus,winter_rape,"24,0",quintal_per_hectare
2024,47,Colza d'hiver,brassica_napus_napus,winter_rape,"23,0",quintal_per_hectare
2025,47,Colza d'hiver,brassica_napus_napus,winter_rape,"26,0",quintal_per_hectare
2021,48,Colza d'hiver,brassica_napus_napus,winter_rape,"20,0",quintal_per_hectare
2022,48,Colza d'hiver,brassica_napus_napus,winter_rape,"12,0",quintal_per_hectare
2023,48,Colza d'hiver,brassica_napus_napus,winter_rape,"24,0",quintal_per_hectare
2024,48,Colza d'hiver,brassica_napus_napus,winter_rape,"18,0",quintal_per_hectare
2025,48,Colza d'hiver,brassica_napus_napus,winter_rape,"14,0",quintal_per_hectare
2021,49,Colza d'hiver,brassica_napus_napus,winter_rape,"36,0",quintal_per_hectare
2022,49,Colza d'hiver,brassica_napus_napus,winter_rape,"31,1",quintal_per_hectare
2023,49,Colza d'hiver,brassica_napus_napus,winter_rape,"29,0",quintal_per_hectare
2024,49,Colza d'hiver,brassica_napus_napus,winter_rape,"22,0",quintal_per_hectare
2025,49,Colza d'hiver,brassica_napus_napus,winter_rape,"34,0",quintal_per_hectare
2021,50,Colza d'hiver,brassica_napus_napus,winter_rape,"36,0",quintal_per_hectare
2022,50,Colza d'hiver,brassica_napus_napus,winter_rape,"42,0",quintal_per_hectare
2023,50,Colza d'hiver,brassica_napus_napus,winter_rape,"34,0",quintal_per_hectare
2024,50,Colza d'hiver,brassica_napus_napus,winter_rape,"32,0",quintal_per_hectare
2025,50,Colza d'hiver,brassica_napus_napus,winter_rape,"41,0",quintal_per_hectare
2021,51,Colza d'hiver,brassica_napus_napus,winter_rape,"29,5",quintal_per_hectare
2022,51,Colza d'hiver,brassica_napus_napus,winter_rape,"42,0",quintal_per_hectare
2023,51,Colza d'hiver,brassica_napus_napus,winter_rape,"34,0",quintal_per_hectare
2024,51,Colza d'hiver,brassica_napus_napus,winter_rape,"32,0",quintal_per_hectare
2025,51,Colza d'hiver,brassica_napus_napus,winter_rape,"40,5",quintal_per_hectare
2021,52,Colza d'hiver,brassica_napus_napus,winter_rape,"26,0",quintal_per_hectare
2022,52,Colza d'hiver,brassica_napus_napus,winter_rape,"36,0",quintal_per_hectare
2023,52,Colza d'hiver,brassica_napus_napus,winter_rape,"29,0",quintal_per_hectare
2024,52,Colza d'hiver,brassica_napus_napus,winter_rape,"32,0",quintal_per_hectare
2025,52,Colza d'hiver,brassica_napus_napus,winter_rape,"34,0",quintal_per_hectare
2021,53,Colza d'hiver,brassica_napus_napus,winter_rape,"36,0",quintal_per_hectare
2022,53,Colza d'hiver,brassica_napus_napus,winter_rape,"37,1",quintal_per_hectare
2023,53,Colza d'hiver,brassica_napus_napus,winter_rape,"31,0",quintal_per_hectare
2024,53,Colza d'hiver,brassica_napus_napus,winter_rape,"25,0",quintal_per_hectare
2025,53,Colza d'hiver,brassica_napus_napus,winter_rape,"34,0",quintal_per_hectare
2021,54,Colza d'hiver,brassica_napus_napus,winter_rape,"26,5",quintal_per_hectare
2022,54,Colza d'hiver,brassica_napus_napus,winter_rape,"34,0",quintal_per_hectare
2023,54,Colza d'hiver,brassica_napus_napus,winter_rape,"28,0",quintal_per_hectare
2024,54,Colza d'hiver,brassica_napus_napus,winter_rape,"30,0",quintal_per_hectare
2025,54,Colza d'hiver,brassica_napus_napus,winter_rape,"35,0",quintal_per_hectare
2021,55,Colza d'hiver,brassica_napus_napus,winter_rape,"24,0",quintal_per_hectare
2022,55,Colza d'hiver,brassica_napus_napus,winter_rape,"35,0",quintal_per_hectare
2023,55,Colza d'hiver,brassica_napus_napus,winter_rape,"27,0",quintal_per_hectare
2024,55,Colza d'hiver,brassica_napus_napus,winter_rape,"31,0",quintal_per_hectare
2025,55,Colza d'hiver,brassica_napus_napus,winter_rape,"35,0",quintal_per_hectare
2021,56,Colza d'hiver,brassica_napus_napus,winter_rape,"35,8",quintal_per_hectare
2022,56,Colza d'hiver,brassica_napus_napus,winter_rape,"39,0",quintal_per_hectare
2023,56,Colza d'hiver,brassica_napus_napus,winter_rape,"31,3",quintal_per_hectare
2024,56,Colza d'hiver,brassica_napus_napus,winter_rape,"29,5",quintal_per_hectare
2025,56,Colza d'hiver,brassica_napus_napus,winter_rape,"37,9",quintal_per_hectare
2021,57,Colza d'hiver,brassica_napus_napus,winter_rape,"26,0",quintal_per_hectare
2022,57,Colza d'hiver,brassica_napus_napus,winter_rape,"35,5",quintal_per_hectare
2023,57,Colza d'hiver,brassica_napus_napus,winter_rape,"28,0",quintal_per_hectare
2024,57,Colza d'hiver,brassica_napus_napus,winter_rape,"29,1",quintal_per_hectare
2025,57,Colza d'hiver,brassica_napus_napus,winter_rape,"35,5",quintal_per_hectare
2021,58,Colza d'hiver,brassica_napus_napus,winter_rape,"31,0",quintal_per_hectare
2022,58,Colza d'hiver,brassica_napus_napus,winter_rape,"31,0",quintal_per_hectare
2023,58,Colza d'hiver,brassica_napus_napus,winter_rape,"28,0",quintal_per_hectare
2024,58,Colza d'hiver,brassica_napus_napus,winter_rape,"24,0",quintal_per_hectare
2025,58,Colza d'hiver,brassica_napus_napus,winter_rape,"34,0",quintal_per_hectare
2021,59,Colza d'hiver,brassica_napus_napus,winter_rape,"35,0",quintal_per_hectare
2022,59,Colza d'hiver,brassica_napus_napus,winter_rape,"48,0",quintal_per_hectare
2023,59,Colza d'hiver,brassica_napus_napus,winter_rape,"39,0",quintal_per_hectare
2024,59,Colza d'hiver,brassica_napus_napus,winter_rape,"34,0",quintal_per_hectare
2025,59,Colza d'hiver,brassica_napus_napus,winter_rape,"47,0",quintal_per_hectare
2021,60,Colza d'hiver,brassica_napus_napus,winter_rape,"35,0",quintal_per_hectare
2022,60,Colza d'hiver,brassica_napus_napus,winter_rape,"43,0",quintal_per_hectare
2023,60,Colza d'hiver,brassica_napus_napus,winter_rape,"34,0",quintal_per_hectare
2024,60,Colza d'hiver,brassica_napus_napus,winter_rape,"34,0",quintal_per_hectare
2025,60,Colza d'hiver,brassica_napus_napus,winter_rape,"44,0",quintal_per_hectare
2021,61,Colza d'hiver,brassica_napus_napus,winter_rape,"34,0",quintal_per_hectare
2022,61,Colza d'hiver,brassica_napus_napus,winter_rape,"38,0",quintal_per_hectare
2023,61,Colza d'hiver,brassica_napus_napus,winter_rape,"33,0",quintal_per_hectare
2024,61,Colza d'hiver,brassica_napus_napus,winter_rape,"28,0",quintal_per_hectare
2025,61,Colza d'hiver,brassica_napus_napus,winter_rape,"39,0",quintal_per_hectare
2021,62,Colza d'hiver,brassica_napus_napus,winter_rape,"33,0",quintal_per_hectare
2022,62,Colza d'hiver,brassica_napus_napus,winter_rape,"47,0",quintal_per_hectare
2023,62,Colza d'hiver,brassica_napus_napus,winter_rape,"39,0",quintal_per_hectare
2024,62,Colza d'hiver,brassica_napus_napus,winter_rape,"33,0",quintal_per_hectare
2025,62,Colza d'hiver,brassica_napus_napus,winter_rape,"47,0",quintal_per_hectare
2021,63,Colza d'hiver,brassica_napus_napus,winter_rape,"29,0",quintal_per_hectare
2022,63,Colza d'hiver,brassica_napus_napus,winter_rape,"30,0",quintal_per_hectare
2023,63,Colza d'hiver,brassica_napus_napus,winter_rape,"28,0",quintal_per_hectare
2024,63,Colza d'hiver,brassica_napus_napus,winter_rape,"33,5",quintal_per_hectare
2025,63,Colza d'hiver,brassica_napus_napus,winter_rape,"32,0",quintal_per_hectare
2021,64,Colza d'hiver,brassica_napus_napus,winter_rape,"24,0",quintal_per_hectare
2022,64,Colza d'hiver,brassica_napus_napus,winter_rape,"26,0",quintal_per_hectare
2023,64,Colza d'hiver,brassica_napus_napus,winter_rape,"26,0",quintal_per_hectare
2024,64,Colza d'hiver,brassica_napus_napus,winter_rape,"24,0",quintal_per_hectare
2025,64,Colza d'hiver,brassica_napus_napus,winter_rape,"26,0",quintal_per_hectare
2021,65,Colza d'hiver,brassica_napus_napus,winter_rape,"35,0",quintal_per_hectare
2022,65,Colza d'hiver,brassica_napus_napus,winter_rape,"23,0",quintal_per_hectare
2023,65,Colza d'hiver,brassica_napus_napus,winter_rape,"30,0",quintal_per_hectare
2024,65,Colza d'hiver,brassica_napus_napus,winter_rape,"33,0",quintal_per_hectare
2025,65,Colza d'hiver,brassica_napus_napus,winter_rape,"35,0",quintal_per_hectare
2021,66,Colza d'hiver,brassica_napus_napus,winter_rape,"20,0",quintal_per_hectare
2023,66,Colza d'hiver,brassica_napus_napus,winter_rape,"15,0",quintal_per_hectare
2024,66,Colza d'hiver,brassica_napus_napus,winter_rape,"17,0",quintal_per_hectare
2021,67,Colza d'hiver,brassica_napus_napus,winter_rape,"34,0",quintal_per_hectare
2022,67,Colza d'hiver,brassica_napus_napus,winter_rape,"38,0",quintal_per_hectare
2023,67,Colza d'hiver,brassica_napus_napus,winter_rape,"37,0",quintal_per_hectare
2024,67,Colza d'hiver,brassica_napus_napus,winter_rape,"30,0",quintal_per_hectare
2025,67,Colza d'hiver,brassica_napus_napus,winter_rape,"35,0",quintal_per_hectare
2021,68,Colza d'hiver,brassica_napus_napus,winter_rape,"38,0",quintal_per_hectare
2022,68,Colza d'hiver,brassica_napus_napus,winter_rape,"40,0",quintal_per_hectare
2023,68,Colza d'hiver,brassica_napus_napus,winter_rape,"39,0",quintal_per_hectare
2024,68,Colza d'hiver,brassica_napus_napus,winter_rape,"34,0",quintal_per_hectare
2025,68,Colza d'hiver,brassica_napus_napus,winter_rape,"38,0",quintal_per_hectare
2021,69,Colza d'hiver,brassica_napus_napus,winter_rape,"34,0",quintal_per_hectare
2022,69,Colza d'hiver,brassica_napus_napus,winter_rape,"30,0",quintal_per_hectare
2023,69,Colza d'hiver,brassica_napus_napus,winter_rape,"34,5",quintal_per_hectare
2024,69,Colza d'hiver,brassica_napus_napus,winter_rape,"31,0",quintal_per_hectare
2025,69,Colza d'hiver,brassica_napus_napus,winter_rape,"39,0",quintal_per_hectare
2021,70,Colza d'hiver,brassica_napus_napus,winter_rape,"31,0",quintal_per_hectare
2022,70,Colza d'hiver,brassica_napus_napus,winter_rape,"35,0",quintal_per_hectare
2023,70,Colza d'hiver,brassica_napus_napus,winter_rape,"33,0",quintal_per_hectare
2024,70,Colza d'hiver,brassica_napus_napus,winter_rape,"33,0",quintal_per_hectare
2025,70,Colza d'hiver,brassica_napus_napus,winter_rape,"37,0",quintal_per_hectare
2021,71,Colza d'hiver,brassica_napus_napus,winter_rape,"32,0",quintal_per_hectare
2022,71,Colza d'hiver,brassica_napus_napus,winter_rape,"38,0",quintal_per_hectare
2023,71,Colza d'hiver,brassica_napus_napus,winter_rape,"35,0",quintal_per_hectare
2024,71,Colza d'hiver,brassica_napus_napus,winter_rape,"33,0",quintal_per_hectare
2025,71,Colza d'hiver,brassica_napus_napus,winter_rape,"40,0",quintal_per_hectare
2021,72,Colza d'hiver,brassica_napus_napus,winter_rape,"35,0",quintal_per_hectare
2022,72,Colza d'hiver,brassica_napus_napus,winter_rape,"35,1",quintal_per_hectare
2023,72,Colza d'hiver,brassica_napus_napus,winter_rape,"32,0",quintal_per_hectare
2024,72,Colza d'hiver,brassica_napus_napus,winter_rape,"25,0",quintal_per_hectare
2025,72,Colza d'hiver,brassica_napus_napus,winter_rape,"33,0",quintal_per_hectare
2021,73,Colza d'hiver,brassica_napus_napus,winter_rape,"35,0",quintal_per_hectare
2022,73,Colza d'hiver,brassica_napus_napus,winter_rape,"36,0",quintal_per_hectare
2023,73,Colza d'hiver,brassica_napus_napus,winter_rape,"30,0",quintal_per_hectare
2024,73,Colza d'hiver,brassica_napus_napus,winter_rape,"33,0",quintal_per_hectare
2025,73,Colza d'hiver,brassica_napus_napus,winter_rape,"36,0",quintal_per_hectare
2021,74,Colza d'hiver,brassica_napus_napus,winter_rape,"35,0",quintal_per_hectare
2022,74,Colza d'hiver,brassica_napus_napus,winter_rape,"35,0",quintal_per_hectare
2023,74,Colza d'hiver,brassica_napus_napus,winter_rape,"33,0",quintal_per_hectare
2024,74,Colza d'hiver,brassica_napus_napus,winter_rape,"34,0",quintal_per_hectare
2025,74,Colza d'hiver,brassica_napus_napus,winter_rape,"36,0",quintal_per_hectare
2021,76,Colza d'hiver,brassica_napus_napus,winter_rape,"33,0",quintal_per_hectare
2022,76,Colza d'hiver,brassica_napus_napus,winter_rape,"45,0",quintal_per_hectare
2023,76,Colza d'hiver,brassica_napus_napus,winter_rape,"36,0",quintal_per_hectare
2024,76,Colza d'hiver,brassica_napus_napus,winter_rape,"33,0",quintal_per_hectare
2025,76,Colza d'hiver,brassica_napus_napus,winter_rape,"44,0",quintal_per_hectare
2021,77,Colza d'hiver,brassica_napus_napus,winter_rape,"36,0",quintal_per_hectare
2022,77,Colza d'hiver,brassica_napus_napus,winter_rape,"42,0",quintal_per_hectare
2023,77,Colza d'hiver,brassica_napus_napus,winter_rape,"35,0",quintal_per_hectare
2024,77,Colza d'hiver,brassica_napus_napus,winter_rape,"30,3",quintal_per_hectare
2025,77,Colza d'hiver,brassica_napus_napus,winter_rape,"40,7",quintal_per_hectare
2021,78,Colza d'hiver,brassica_napus_napus,winter_rape,"37,0",quintal_per_hectare
2022,78,Colza d'hiver,brassica_napus_napus,winter_rape,"42,0",quintal_per_hectare
2023,78,Colza d'hiver,brassica_napus_napus,winter_rape,"33,0",quintal_per_hectare
2024,78,Colza d'hiver,brassica_napus_napus,winter_rape,"31,4",quintal_per_hectare
2025,78,Colza d'hiver,brassica_napus_napus,winter_rape,"38,1",quintal_per_hectare
2021,79,Colza d'hiver,brassica_napus_napus,winter_rape,"38,0",quintal_per_hectare
2022,79,Colza d'hiver,brassica_napus_napus,winter_rape,"29,0",quintal_per_hectare
2023,79,Colza d'hiver,brassica_napus_napus,winter_rape,"30,0",quintal_per_hectare
2024,79,Colza d'hiver,brassica_napus_napus,winter_rape,"27,0",quintal_per_hectare
2025,79,Colza d'hiver,brassica_napus_napus,winter_rape,"33,0",quintal_per_hectare
2021,80,Colza d'hiver,brassica_napus_napus,winter_rape,"34,0",quintal_per_hectare
2022,80,Colza d'hiver,brassica_napus_napus,winter_rape,"43,0",quintal_per_hectare
2023,80,Colza d'hiver,brassica_napus_napus,winter_rape,"37,0",quintal_per_hectare
2024,80,Colza d'hiver,brassica_napus_napus,winter_rape,"33,5",quintal_per_hectare
2025,80,Colza d'hiver,brassica_napus_napus,winter_rape,"44,0",quintal_per_hectare
2021,81,Colza d'hiver,brassica_napus_napus,winter_rape,"25,0",quintal_per_hectare
2022,81,Colza d'hiver,brassica_napus_napus,winter_rape,"25,0",quintal_per_hectare
2023,81,Colza d'hiver,brassica_napus_napus,winter_rape,"27,0",quintal_per_hectare
2024,81,Colza d'hiver,brassica_napus_napus,winter_rape,"29,0",quintal_per_hectare
2025,81,Colza d'hiver,brassica_napus_napus,winter_rape,"31,0",quintal_per_hectare
2021,82,Colza d'hiver,brassica_napus_napus,winter_rape,"30,0",quintal_per_hectare
2022,82,Colza d'hiver,brassica_napus_napus,winter_rape,"26,0",quintal_per_hectare
2023,82,Colza d'hiver,brassica_napus_napus,winter_rape,"22,0",quintal_per_hectare
2024,82,Colza d'hiver,brassica_napus_napus,winter_rape,"27,0",quintal_per_hectare
2025,82,Colza d'hiver,brassica_napus_napus,winter_rape,"31,0",quintal_per_hectare
2021,83,Colza d'hiver,brassica_napus_napus,winter_rape,"21,4",quintal_per_hectare
2022,83,Colza d'hiver,brassica_napus_napus,winter_rape,"16,4",quintal_per_hectare
2023,83,Colza d'hiver,brassica_napus_napus,winter_rape,"16,4",quintal_per_hectare
2024,83,Colza d'hiver,brassica_napus_napus,winter_rape,"20,9",quintal_per_hectare
2025,83,Colza d'hiver,brassica_napus_napus,winter_rape,"21,0",quintal_per_hectare
2021,84,Colza d'hiver,brassica_napus_napus,winter_rape,"20,0",quintal_per_hectare
2022,84,Colza d'hiver,brassica_napus_napus,winter_rape,"21,7",quintal_per_hectare
2023,84,Colza d'hiver,brassica_napus_napus,winter_rape,"20,5",quintal_per_hectare
2024,84,Colza d'hiver,brassica_napus_napus,winter_rape,"25,0",quintal_per_hectare
2025,84,Colza d'hiver,brassica_napus_napus,winter_rape,"22,5",quintal_per_hectare
2021,85,Colza d'hiver,brassica_napus_napus,winter_rape,"36,0",quintal_per_hectare
2022,85,Colza d'hiver,brassica_napus_napus,winter_rape,"30,0",quintal_per_hectare
2023,85,Colza d'hiver,brassica_napus_napus,winter_rape,"24,0",quintal_per_hectare
2024,85,Colza d'hiver,brassica_napus_napus,winter_rape,"21,0",quintal_per_hectare
2025,85,Colza d'hiver,brassica_napus_napus,winter_rape,"30,0",quintal_per_hectare
2021,86,Colza d'hiver,brassica_napus_napus,winter_rape,"37,0",quintal_per_hectare
2022,86,Colza d'hiver,brassica_napus_napus,winter_rape,"31,0",quintal_per_hectare
2023,86,Colza d'hiver,brassica_napus_napus,winter_rape,"30,0",quintal_per_hectare
2024,86,Colza d'hiver,brassica_napus_napus,winter_rape,"25,0",quintal_per_hectare
2025,86,Colza d'hiver,brassica_napus_napus,winter_rape,"36,0",quintal_per_hectare
2021,87,Colza d'hiver,brassica_napus_napus,winter_rape,"27,0",quintal_per_hectare
2022,87,Colza d'hiver,brassica_napus_napus,winter_rape,"33,0",quintal_per_hectare
2023,87,Colza d'hiver,brassica_napus_napus,winter_rape,"30,0",quintal_per_hectare
2024,87,Colza d'hiver,brassica_napus_napus,winter_rape,"28,0",quintal_per_hectare
2025,87,Colza d'hiver,brassica_napus_napus,winter_rape,"30,0",quintal_per_hectare
2021,88,Colza d'hiver,brassica_napus_napus,winter_rape,"30,0",quintal_per_hectare
2022,88,Colza d'hiver,brassica_napus_napus,winter_rape,"35,0",quintal_per_hectare
2023,88,Colza d'hiver,brassica_napus_napus,winter_rape,"31,0",quintal_per_hectare
2024,88,Colza d'hiver,brassica_napus_napus,winter_rape,"33,0",quintal_per_hectare
2025,88,Colza d'hiver,brassica_napus_napus,winter_rape,"37,0",quintal_per_hectare
2021,89,Colza d'hiver,brassica_napus_napus,winter_rape,"32,0",quintal_per_hectare
2022,89,Colza d'hiver,brassica_napus_napus,winter_rape,"33,0",quintal_per_hectare
2023,89,Colza d'hiver,brassica_napus_napus,winter_rape,"30,0",quintal_per_hectare
2024,89,Colza d'hiver,brassica_napus_napus,winter_rape,"29,0",quintal_per_hectare
2025,89,Colza d'hiver,brassica_napus_napus,winter_rape,"32,0",quintal_per_hectare
2021,90,Colza d'hiver,brassica_napus_napus,winter_rape,"31,0",quintal_per_hectare
2022,90,Colza d'hiver,brassica_napus_napus,winter_rape,"35,0",quintal_per_hectare
2023,90,Colza d'hiver,brassica_napus_napus,winter_rape,"33,0",quintal_per_hectare
2024,90,Colza d'hiver,brassica_napus_napus,winter_rape,"33,0",quintal_per_hectare
2025,90,Colza d'hiver,brassica_napus_napus,winter_rape,"37,0",quintal_per_hectare
2021,91,Colza d'hiver,brassica_napus_napus,winter_rape,"37,0",quintal_per_hectare
2022,91,Colza d'hiver,brassica_napus_napus,winter_rape,"41,0",quintal_per_hectare
2023,91,Colza d'hiver,brassica_napus_napus,winter_rape,"34,0",quintal_per_hectare
2024,91,Colza d'hiver,brassica_napus_napus,winter_rape,"31,8",quintal_per_hectare
2025,91,Colza d'hiver,brassica_napus_napus,winter_rape,"39,8",quintal_per_hectare
2021,93,Colza d'hiver,brassica_napus_napus,winter_rape,"37,0",quintal_per_hectare
2022,93,Colza d'hiver,brassica_napus_napus,winter_rape,"44,0",quintal_per_hectare
2023,93,Colza d'hiver,brassica_napus_napus,winter_rape,"33,9",quintal_per_hectare
2024,93,Colza d'hiver,brassica_napus_napus,winter_rape,"34,3",quintal_per_hectare
2025,93,Colza d'hiver,brassica_napus_napus,winter_rape,"42,5",quintal_per_hectare
2021,94,Colza d'hiver,brassica_napus_napus,winter_rape,"37,0",quintal_per_hectare
2022,94,Colza d'hiver,brassica_napus_napus,winter_rape,"41,0",quintal_per_hectare
2023,94,Colza d'hiver,brassica_napus_napus,winter_rape,"34,2",quintal_per_hectare
2024,94,Colza d'hiver,brassica_napus_napus,winter_rape,"31,9",quintal_per_hectare
2025,94,Colza d'hiver,brassica_napus_napus,winter_rape,"40,1",quintal_per_hectare
2021,95,Colza d'hiver,brassica_napus_napus,winter_rape,"37,0",quintal_per_hectare
2022,95,Colza d'hiver,brassica_napus_napus,winter_rape,"44,0",quintal_per_hectare
2023,95,Colza d'hiver,brassica_napus_napus,winter_rape,"34,0",quintal_per_hectare
2024,95,Colza d'hiver,brassica_napus_napus,winter_rape,"34,1",quintal_per_hectare
2025,95,Colza d'hiver,brassica_napus_napus,winter_rape,"42,3",quintal_per_hectare
2021,01,Avoine d'hiver,avena_sativa,winter_oat,"39,0",quintal_per_hectare
2022,01,Avoine d'hiver,avena_sativa,winter_oat,"43,0",quintal_per_hectare
2023,01,Avoine d'hiver,avena_sativa,winter_oat,"42,0",quintal_per_hectare
2024,01,Avoine d'hiver,avena_sativa,winter_oat,"30,0",quintal_per_hectare
2025,01,Avoine d'hiver,avena_sativa,winter_oat,"42,0",quintal_per_hectare
2021,02,Avoine d'hiver,avena_sativa,winter_oat,"60,0",quintal_per_hectare
2022,02,Avoine d'hiver,avena_sativa,winter_oat,"60,1",quintal_per_hectare
2023,02,Avoine d'hiver,avena_sativa,winter_oat,"61,0",quintal_per_hectare
2024,02,Avoine d'hiver,avena_sativa,winter_oat,"60,4",quintal_per_hectare
2025,02,Avoine d'hiver,avena_sativa,winter_oat,"60,0",quintal_per_hectare
2021,03,Avoine d'hiver,avena_sativa,winter_oat,"44,0",quintal_per_hectare
2022,03,Avoine d'hiver,avena_sativa,winter_oat,"32,0",quintal_per_hectare
2023,03,Avoine d'hiver,avena_sativa,winter_oat,"35,0",quintal_per_hectare
2024,03,Avoine d'hiver,avena_sativa,winter_oat,"36,0",quintal_per_hectare
2025,03,Avoine d'hiver,avena_sativa,winter_oat,"35,0",quintal_per_hectare
2021,04,Avoine d'hiver,avena_sativa,winter_oat,"25,0",quintal_per_hectare
2022,04,Avoine d'hiver,avena_sativa,winter_oat,"20,0",quintal_per_hectare
2023,04,Avoine d'hiver,avena_sativa,winter_oat,"25,0",quintal_per_hectare
2024,04,Avoine d'hiver,avena_sativa,winter_oat,"40,0",quintal_per_hectare
2025,04,Avoine d'hiver,avena_sativa,winter_oat,"40,0",quintal_per_hectare
2021,05,Avoine d'hiver,avena_sativa,winter_oat,"25,0",quintal_per_hectare
2022,05,Avoine d'hiver,avena_sativa,winter_oat,"25,0",quintal_per_hectare
2023,05,Avoine d'hiver,avena_sativa,winter_oat,"25,0",quintal_per_hectare
2024,05,Avoine d'hiver,avena_sativa,winter_oat,"35,0",quintal_per_hectare
2025,05,Avoine d'hiver,avena_sativa,winter_oat,"37,0",quintal_per_hectare
2021,06,Avoine d'hiver,avena_sativa,winter_oat,"25,0",quintal_per_hectare
2025,06,Avoine d'hiver,avena_sativa,winter_oat,"24,0",quintal_per_hectare
2021,07,Avoine d'hiver,avena_sativa,winter_oat,"25,0",quintal_per_hectare
2022,07,Avoine d'hiver,avena_sativa,winter_oat,"28,0",quintal_per_hectare
2023,07,Avoine d'hiver,avena_sativa,winter_oat,"20,0",quintal_per_hectare
2024,07,Avoine d'hiver,avena_sativa,winter_oat,"22,0",quintal_per_hectare
2025,07,Avoine d'hiver,avena_sativa,winter_oat,"28,0",quintal_per_hectare
2021,08,Avoine d'hiver,avena_sativa,winter_oat,"50,0",quintal_per_hectare
2022,08,Avoine d'hiver,avena_sativa,winter_oat,"48,0",quintal_per_hectare
2023,08,Avoine d'hiver,avena_sativa,winter_oat,"52,0",quintal_per_hectare
2024,08,Avoine d'hiver,avena_sativa,winter_oat,"48,0",quintal_per_hectare
2025,08,Avoine d'hiver,avena_sativa,winter_oat,"50,0",quintal_per_hectare
2021,09,Avoine d'hiver,avena_sativa,winter_oat,"32,0",quintal_per_hectare
2022,09,Avoine d'hiver,avena_sativa,winter_oat,"28,0",quintal_per_hectare
2023,09,Avoine d'hiver,avena_sativa,winter_oat,"29,0",quintal_per_hectare
2024,09,Avoine d'hiver,avena_sativa,winter_oat,"29,0",quintal_per_hectare
2025,09,Avoine d'hiver,avena_sativa,winter_oat,"29,5",quintal_per_hectare
2021,10,Avoine d'hiver,avena_sativa,winter_oat,"44,0",quintal_per_hectare
2022,10,Avoine d'hiver,avena_sativa,winter_oat,"38,0",quintal_per_hectare
2023,10,Avoine d'hiver,avena_sativa,winter_oat,"50,0",quintal_per_hectare
2024,10,Avoine d'hiver,avena_sativa,winter_oat,"40,0",quintal_per_hectare
2025,10,Avoine d'hiver,avena_sativa,winter_oat,"42,0",quintal_per_hectare
2021,11,Avoine d'hiver,avena_sativa,winter_oat,"41,0",quintal_per_hectare
2022,11,Avoine d'hiver,avena_sativa,winter_oat,"35,0",quintal_per_hectare
2023,11,Avoine d'hiver,avena_sativa,winter_oat,"37,0",quintal_per_hectare
2024,11,Avoine d'hiver,avena_sativa,winter_oat,"37,0",quintal_per_hectare
2025,11,Avoine d'hiver,avena_sativa,winter_oat,"43,0",quintal_per_hectare
2021,12,Avoine d'hiver,avena_sativa,winter_oat,"28,0",quintal_per_hectare
2022,12,Avoine d'hiver,avena_sativa,winter_oat,"22,0",quintal_per_hectare
2023,12,Avoine d'hiver,avena_sativa,winter_oat,"24,0",quintal_per_hectare
2024,12,Avoine d'hiver,avena_sativa,winter_oat,"34,0",quintal_per_hectare
2025,12,Avoine d'hiver,avena_sativa,winter_oat,"27,1",quintal_per_hectare
2021,13,Avoine d'hiver,avena_sativa,winter_oat,"25,0",quintal_per_hectare
2022,13,Avoine d'hiver,avena_sativa,winter_oat,"20,0",quintal_per_hectare
2023,13,Avoine d'hiver,avena_sativa,winter_oat,"20,0",quintal_per_hectare
2024,13,Avoine d'hiver,avena_sativa,winter_oat,"25,0",quintal_per_hectare
2025,13,Avoine d'hiver,avena_sativa,winter_oat,"23,0",quintal_per_hectare
2021,14,Avoine d'hiver,avena_sativa,winter_oat,"58,0",quintal_per_hectare
2022,14,Avoine d'hiver,avena_sativa,winter_oat,"54,0",quintal_per_hectare
2023,14,Avoine d'hiver,avena_sativa,winter_oat,"60,0",quintal_per_hectare
2024,14,Avoine d'hiver,avena_sativa,winter_oat,"55,0",quintal_per_hectare
2025,14,Avoine d'hiver,avena_sativa,winter_oat,"64,0",quintal_per_hectare
2021,15,Avoine d'hiver,avena_sativa,winter_oat,"35,0",quintal_per_hectare
2022,15,Avoine d'hiver,avena_sativa,winter_oat,"30,0",quintal_per_hectare
2023,15,Avoine d'hiver,avena_sativa,winter_oat,"34,0",quintal_per_hectare
2024,15,Avoine d'hiver,avena_sativa,winter_oat,"30,0",quintal_per_hectare
2025,15,Avoine d'hiver,avena_sativa,winter_oat,"20,0",quintal_per_hectare
2021,16,Avoine d'hiver,avena_sativa,winter_oat,"39,0",quintal_per_hectare
2022,16,Avoine d'hiver,avena_sativa,winter_oat,"35,0",quintal_per_hectare
2023,16,Avoine d'hiver,avena_sativa,winter_oat,"39,0",quintal_per_hectare
2024,16,Avoine d'hiver,avena_sativa,winter_oat,"34,0",quintal_per_hectare
2025,16,Avoine d'hiver,avena_sativa,winter_oat,"34,0",quintal_per_hectare
2021,17,Avoine d'hiver,avena_sativa,winter_oat,"44,0",quintal_per_hectare
2022,17,Avoine d'hiver,avena_sativa,winter_oat,"37,0",quintal_per_hectare
2023,17,Avoine d'hiver,avena_sativa,winter_oat,"41,0",quintal_per_hectare
2024,17,Avoine d'hiver,avena_sativa,winter_oat,"33,0",quintal_per_hectare
2025,17,Avoine d'hiver,avena_sativa,winter_oat,"32,0",quintal_per_hectare
2021,18,Avoine d'hiver,avena_sativa,winter_oat,"47,0",quintal_per_hectare
2022,18,Avoine d'hiver,avena_sativa,winter_oat,"39,0",quintal_per_hectare
2023,18,Avoine d'hiver,avena_sativa,winter_oat,"46,0",quintal_per_hectare
2024,18,Avoine d'hiver,avena_sativa,winter_oat,"40,0",quintal_per_hectare
2025,18,Avoine d'hiver,avena_sativa,winter_oat,"42,0",quintal_per_hectare
2021,19,Avoine d'hiver,avena_sativa,winter_oat,"25,0",quintal_per_hectare
2022,19,Avoine d'hiver,avena_sativa,winter_oat,"31,0",quintal_per_hectare
2023,19,Avoine d'hiver,avena_sativa,winter_oat,"36,0",quintal_per_hectare
2024,19,Avoine d'hiver,avena_sativa,winter_oat,"30,0",quintal_per_hectare
2025,19,Avoine d'hiver,avena_sativa,winter_oat,"37,0",quintal_per_hectare
2021,2A,Avoine d'hiver,avena_sativa,winter_oat,"30,0",quintal_per_hectare
2022,2A,Avoine d'hiver,avena_sativa,winter_oat,"30,0",quintal_per_hectare
2023,2A,Avoine d'hiver,avena_sativa,winter_oat,"20,0",quintal_per_hectare
2024,2A,Avoine d'hiver,avena_sativa,winter_oat,"25,0",quintal_per_hectare
2025,2A,Avoine d'hiver,avena_sativa,winter_oat,"25,0",quintal_per_hectare
2021,21,Avoine d'hiver,avena_sativa,winter_oat,"39,0",quintal_per_hectare
2022,21,Avoine d'hiver,avena_sativa,winter_oat,"32,0",quintal_per_hectare
2023,21,Avoine d'hiver,avena_sativa,winter_oat,"30,0",quintal_per_hectare
2024,21,Avoine d'hiver,avena_sativa,winter_oat,"38,0",quintal_per_hectare
2025,21,Avoine d'hiver,avena_sativa,winter_oat,"41,0",quintal_per_hectare
2021,2B,Avoine d'hiver,avena_sativa,winter_oat,"30,0",quintal_per_hectare
2022,2B,Avoine d'hiver,avena_sativa,winter_oat,"30,0",quintal_per_hectare
2023,2B,Avoine d'hiver,avena_sativa,winter_oat,"20,0",quintal_per_hectare
2024,2B,Avoine d'hiver,avena_sativa,winter_oat,"25,0",quintal_per_hectare
2025,2B,Avoine d'hiver,avena_sativa,winter_oat,"25,0",quintal_per_hectare
2021,22,Avoine d'hiver,avena_sativa,winter_oat,"59,7",quintal_per_hectare
2022,22,Avoine d'hiver,avena_sativa,winter_oat,"57,0",quintal_per_hectare
2023,22,Avoine d'hiver,avena_sativa,winter_oat,"52,3",quintal_per_hectare
2024,22,Avoine d'hiver,avena_sativa,winter_oat,"50,6",quintal_per_hectare
2025,22,Avoine d'hiver,avena_sativa,winter_oat,"55,6",quintal_per_hectare
2021,23,Avoine d'hiver,avena_sativa,winter_oat,"48,0",quintal_per_hectare
2022,23,Avoine d'hiver,avena_sativa,winter_oat,"33,0",quintal_per_hectare
2023,23,Avoine d'hiver,avena_sativa,winter_oat,"36,0",quintal_per_hectare
2024,23,Avoine d'hiver,avena_sativa,winter_oat,"25,0",quintal_per_hectare
2025,23,Avoine d'hiver,avena_sativa,winter_oat,"44,0",quintal_per_hectare
2021,24,Avoine d'hiver,avena_sativa,winter_oat,"41,0",quintal_per_hectare
2022,24,Avoine d'hiver,avena_sativa,winter_oat,"37,0",quintal_per_hectare
2023,24,Avoine d'hiver,avena_sativa,winter_oat,"41,0",quintal_per_hectare
2024,24,Avoine d'hiver,avena_sativa,winter_oat,"33,0",quintal_per_hectare
2025,24,Avoine d'hiver,avena_sativa,winter_oat,"35,0",quintal_per_hectare
2021,25,Avoine d'hiver,avena_sativa,winter_oat,"41,0",quintal_per_hectare
2022,25,Avoine d'hiver,avena_sativa,winter_oat,"35,0",quintal_per_hectare
2023,25,Avoine d'hiver,avena_sativa,winter_oat,"43,0",quintal_per_hectare
2024,25,Avoine d'hiver,avena_sativa,winter_oat,"33,0",quintal_per_hectare
2025,25,Avoine d'hiver,avena_sativa,winter_oat,"39,0",quintal_per_hectare
2021,26,Avoine d'hiver,avena_sativa,winter_oat,"41,0",quintal_per_hectare
2022,26,Avoine d'hiver,avena_sativa,winter_oat,"29,0",quintal_per_hectare
2023,26,Avoine d'hiver,avena_sativa,winter_oat,"30,0",quintal_per_hectare
2024,26,Avoine d'hiver,avena_sativa,winter_oat,"33,0",quintal_per_hectare
2025,26,Avoine d'hiver,avena_sativa,winter_oat,"30,0",quintal_per_hectare
2021,27,Avoine d'hiver,avena_sativa,winter_oat,"55,0",quintal_per_hectare
2022,27,Avoine d'hiver,avena_sativa,winter_oat,"51,0",quintal_per_hectare
2023,27,Avoine d'hiver,avena_sativa,winter_oat,"55,0",quintal_per_hectare
2024,27,Avoine d'hiver,avena_sativa,winter_oat,"47,0",quintal_per_hectare
2025,27,Avoine d'hiver,avena_sativa,winter_oat,"54,0",quintal_per_hectare
2021,28,Avoine d'hiver,avena_sativa,winter_oat,"58,0",quintal_per_hectare
2022,28,Avoine d'hiver,avena_sativa,winter_oat,"51,0",quintal_per_hectare
2023,28,Avoine d'hiver,avena_sativa,winter_oat,"54,0",quintal_per_hectare
2024,28,Avoine d'hiver,avena_sativa,winter_oat,"50,0",quintal_per_hectare
2025,28,Avoine d'hiver,avena_sativa,winter_oat,"50,0",quintal_per_hectare
2021,29,Avoine d'hiver,avena_sativa,winter_oat,"53,0",quintal_per_hectare
2022,29,Avoine d'hiver,avena_sativa,winter_oat,"42,3",quintal_per_hectare
2023,29,Avoine d'hiver,avena_sativa,winter_oat,"42,9",quintal_per_hectare
2024,29,Avoine d'hiver,avena_sativa,winter_oat,"43,2",quintal_per_hectare
2025,29,Avoine d'hiver,avena_sativa,winter_oat,"58,8",quintal_per_hectare
2021,30,Avoine d'hiver,avena_sativa,winter_oat,"24,0",quintal_per_hectare
2022,30,Avoine d'hiver,avena_sativa,winter_oat,"20,0",quintal_per_hectare
2023,30,Avoine d'hiver,avena_sativa,winter_oat,"23,0",quintal_per_hectare
2024,30,Avoine d'hiver,avena_sativa,winter_oat,"25,0",quintal_per_hectare
2025,30,Avoine d'hiver,avena_sativa,winter_oat,"28,0",quintal_per_hectare
2021,31,Avoine d'hiver,avena_sativa,winter_oat,"29,0",quintal_per_hectare
2022,31,Avoine d'hiver,avena_sativa,winter_oat,"28,0",quintal_per_hectare
2023,31,Avoine d'hiver,avena_sativa,winter_oat,"28,0",quintal_per_hectare
2024,31,Avoine d'hiver,avena_sativa,winter_oat,"25,0",quintal_per_hectare
2025,31,Avoine d'hiver,avena_sativa,winter_oat,"28,7",quintal_per_hectare
2021,32,Avoine d'hiver,avena_sativa,winter_oat,"34,0",quintal_per_hectare
2022,32,Avoine d'hiver,avena_sativa,winter_oat,"30,0",quintal_per_hectare
2023,32,Avoine d'hiver,avena_sativa,winter_oat,"37,0",quintal_per_hectare
2024,32,Avoine d'hiver,avena_sativa,winter_oat,"32,0",quintal_per_hectare
2025,32,Avoine d'hiver,avena_sativa,winter_oat,"28,0",quintal_per_hectare
2021,33,Avoine d'hiver,avena_sativa,winter_oat,"40,0",quintal_per_hectare
2022,33,Avoine d'hiver,avena_sativa,winter_oat,"38,0",quintal_per_hectare
2023,33,Avoine d'hiver,avena_sativa,winter_oat,"43,0",quintal_per_hectare
2024,33,Avoine d'hiver,avena_sativa,winter_oat,"25,0",quintal_per_hectare
2025,33,Avoine d'hiver,avena_sativa,winter_oat,"34,0",quintal_per_hectare
2021,34,Avoine d'hiver,avena_sativa,winter_oat,"25,0",quintal_per_hectare
2022,34,Avoine d'hiver,avena_sativa,winter_oat,"20,0",quintal_per_hectare
2023,34,Avoine d'hiver,avena_sativa,winter_oat,"20,0",quintal_per_hectare
2024,34,Avoine d'hiver,avena_sativa,winter_oat,"30,0",quintal_per_hectare
2025,34,Avoine d'hiver,avena_sativa,winter_oat,"30,0",quintal_per_hectare
2021,35,Avoine d'hiver,avena_sativa,winter_oat,"44,0",quintal_per_hectare
2022,35,Avoine d'hiver,avena_sativa,winter_oat,"39,9",quintal_per_hectare
2023,35,Avoine d'hiver,avena_sativa,winter_oat,"47,0",quintal_per_hectare
2024,35,Avoine d'hiver,avena_sativa,winter_oat,"43,1",quintal_per_hectare
2025,35,Avoine d'hiver,avena_sativa,winter_oat,"45,8",quintal_per_hectare
2021,36,Avoine d'hiver,avena_sativa,winter_oat,"46,0",quintal_per_hectare
2022,36,Avoine d'hiver,avena_sativa,winter_oat,"38,0",quintal_per_hectare
2023,36,Avoine d'hiver,avena_sativa,winter_oat,"47,0",quintal_per_hectare
2024,36,Avoine d'hiver,avena_sativa,winter_oat,"42,0",quintal_per_hectare
2025,36,Avoine d'hiver,avena_sativa,winter_oat,"40,0",quintal_per_hectare
2021,37,Avoine d'hiver,avena_sativa,winter_oat,"46,0",quintal_per_hectare
2022,37,Avoine d'hiver,avena_sativa,winter_oat,"45,0",quintal_per_hectare
2023,37,Avoine d'hiver,avena_sativa,winter_oat,"49,0",quintal_per_hectare
2024,37,Avoine d'hiver,avena_sativa,winter_oat,"42,0",quintal_per_hectare
2025,37,Avoine d'hiver,avena_sativa,winter_oat,"43,0",quintal_per_hectare
2021,38,Avoine d'hiver,avena_sativa,winter_oat,"32,0",quintal_per_hectare
2022,38,Avoine d'hiver,avena_sativa,winter_oat,"28,0",quintal_per_hectare
2023,38,Avoine d'hiver,avena_sativa,winter_oat,"31,0",quintal_per_hectare
2024,38,Avoine d'hiver,avena_sativa,winter_oat,"31,0",quintal_per_hectare
2025,38,Avoine d'hiver,avena_sativa,winter_oat,"35,0",quintal_per_hectare
2021,39,Avoine d'hiver,avena_sativa,winter_oat,"39,0",quintal_per_hectare
2022,39,Avoine d'hiver,avena_sativa,winter_oat,"34,0",quintal_per_hectare
2023,39,Avoine d'hiver,avena_sativa,winter_oat,"33,0",quintal_per_hectare
2025,39,Avoine d'hiver,avena_sativa,winter_oat,"40,0",quintal_per_hectare
2021,40,Avoine d'hiver,avena_sativa,winter_oat,"40,0",quintal_per_hectare
2022,40,Avoine d'hiver,avena_sativa,winter_oat,"37,0",quintal_per_hectare
2023,40,Avoine d'hiver,avena_sativa,winter_oat,"43,0",quintal_per_hectare
2024,40,Avoine d'hiver,avena_sativa,winter_oat,"31,0",quintal_per_hectare
2025,40,Avoine d'hiver,avena_sativa,winter_oat,"31,0",quintal_per_hectare
2021,41,Avoine d'hiver,avena_sativa,winter_oat,"46,0",quintal_per_hectare
2022,41,Avoine d'hiver,avena_sativa,winter_oat,"44,0",quintal_per_hectare
2023,41,Avoine d'hiver,avena_sativa,winter_oat,"49,0",quintal_per_hectare
2024,41,Avoine d'hiver,avena_sativa,winter_oat,"45,0",quintal_per_hectare
2025,41,Avoine d'hiver,avena_sativa,winter_oat,"44,0",quintal_per_hectare
2021,42,Avoine d'hiver,avena_sativa,winter_oat,"30,0",quintal_per_hectare
2022,42,Avoine d'hiver,avena_sativa,winter_oat,"25,0",quintal_per_hectare
2023,42,Avoine d'hiver,avena_sativa,winter_oat,"36,0",quintal_per_hectare
2024,42,Avoine d'hiver,avena_sativa,winter_oat,"40,0",quintal_per_hectare
2025,42,Avoine d'hiver,avena_sativa,winter_oat,"40,0",quintal_per_hectare
2021,43,Avoine d'hiver,avena_sativa,winter_oat,"28,0",quintal_per_hectare
2022,43,Avoine d'hiver,avena_sativa,winter_oat,"20,0",quintal_per_hectare
2023,43,Avoine d'hiver,avena_sativa,winter_oat,"29,0",quintal_per_hectare
2024,43,Avoine d'hiver,avena_sativa,winter_oat,"22,0",quintal_per_hectare
2025,43,Avoine d'hiver,avena_sativa,winter_oat,"20,0",quintal_per_hectare
2021,44,Avoine d'hiver,avena_sativa,winter_oat,"60,0",quintal_per_hectare
2022,44,Avoine d'hiver,avena_sativa,winter_oat,"57,7",quintal_per_hectare
2023,44,Avoine d'hiver,avena_sativa,winter_oat,"56,0",quintal_per_hectare
2024,44,Avoine d'hiver,avena_sativa,winter_oat,"35,0",quintal_per_hectare
2025,44,Avoine d'hiver,avena_sativa,winter_oat,"59,0",quintal_per_hectare
2021,45,Avoine d'hiver,avena_sativa,winter_oat,"44,0",quintal_per_hectare
2022,45,Avoine d'hiver,avena_sativa,winter_oat,"42,0",quintal_per_hectare
2023,45,Avoine d'hiver,avena_sativa,winter_oat,"48,0",quintal_per_hectare
2024,45,Avoine d'hiver,avena_sativa,winter_oat,"44,0",quintal_per_hectare
2025,45,Avoine d'hiver,avena_sativa,winter_oat,"44,0",quintal_per_hectare
2021,46,Avoine d'hiver,avena_sativa,winter_oat,"28,4",quintal_per_hectare
2022,46,Avoine d'hiver,avena_sativa,winter_oat,"25,0",quintal_per_hectare
2023,46,Avoine d'hiver,avena_sativa,winter_oat,"27,0",quintal_per_hectare
2024,46,Avoine d'hiver,avena_sativa,winter_oat,"26,0",quintal_per_hectare
2025,46,Avoine d'hiver,avena_sativa,winter_oat,"26,7",quintal_per_hectare
2021,47,Avoine d'hiver,avena_sativa,winter_oat,"31,0",quintal_per_hectare
2022,47,Avoine d'hiver,avena_sativa,winter_oat,"28,0",quintal_per_hectare
2023,47,Avoine d'hiver,avena_sativa,winter_oat,"35,0",quintal_per_hectare
2024,47,Avoine d'hiver,avena_sativa,winter_oat,"25,0",quintal_per_hectare
2025,47,Avoine d'hiver,avena_sativa,winter_oat,"34,0",quintal_per_hectare
2021,48,Avoine d'hiver,avena_sativa,winter_oat,"24,0",quintal_per_hectare
2022,48,Avoine d'hiver,avena_sativa,winter_oat,"18,0",quintal_per_hectare
2023,48,Avoine d'hiver,avena_sativa,winter_oat,"25,0",quintal_per_hectare
2024,48,Avoine d'hiver,avena_sativa,winter_oat,"24,0",quintal_per_hectare
2025,48,Avoine d'hiver,avena_sativa,winter_oat,"18,0",quintal_per_hectare
2021,49,Avoine d'hiver,avena_sativa,winter_oat,"61,0",quintal_per_hectare
2022,49,Avoine d'hiver,avena_sativa,winter_oat,"46,6",quintal_per_hectare
2023,49,Avoine d'hiver,avena_sativa,winter_oat,"61,0",quintal_per_hectare
2024,49,Avoine d'hiver,avena_sativa,winter_oat,"37,0",quintal_per_hectare
2025,49,Avoine d'hiver,avena_sativa,winter_oat,"54,0",quintal_per_hectare
2021,50,Avoine d'hiver,avena_sativa,winter_oat,"48,0",quintal_per_hectare
2022,50,Avoine d'hiver,avena_sativa,winter_oat,"41,0",quintal_per_hectare
2023,50,Avoine d'hiver,avena_sativa,winter_oat,"42,0",quintal_per_hectare
2024,50,Avoine d'hiver,avena_sativa,winter_oat,"38,0",quintal_per_hectare
2025,50,Avoine d'hiver,avena_sativa,winter_oat,"45,0",quintal_per_hectare
2021,51,Avoine d'hiver,avena_sativa,winter_oat,"50,0",quintal_per_hectare
2022,51,Avoine d'hiver,avena_sativa,winter_oat,"44,0",quintal_per_hectare
2023,51,Avoine d'hiver,avena_sativa,winter_oat,"52,0",quintal_per_hectare
2024,51,Avoine d'hiver,avena_sativa,winter_oat,"47,0",quintal_per_hectare
2025,51,Avoine d'hiver,avena_sativa,winter_oat,"48,0",quintal_per_hectare
2021,52,Avoine d'hiver,avena_sativa,winter_oat,"39,0",quintal_per_hectare
2022,52,Avoine d'hiver,avena_sativa,winter_oat,"34,0",quintal_per_hectare
2023,52,Avoine d'hiver,avena_sativa,winter_oat,"42,0",quintal_per_hectare
2024,52,Avoine d'hiver,avena_sativa,winter_oat,"37,0",quintal_per_hectare
2025,52,Avoine d'hiver,avena_sativa,winter_oat,"41,0",quintal_per_hectare
2021,53,Avoine d'hiver,avena_sativa,winter_oat,"62,0",quintal_per_hectare
2022,53,Avoine d'hiver,avena_sativa,winter_oat,"56,6",quintal_per_hectare
2023,53,Avoine d'hiver,avena_sativa,winter_oat,"67,0",quintal_per_hectare
2024,53,Avoine d'hiver,avena_sativa,winter_oat,"36,0",quintal_per_hectare
2025,53,Avoine d'hiver,avena_sativa,winter_oat,"57,0",quintal_per_hectare
2021,54,Avoine d'hiver,avena_sativa,winter_oat,"41,0",quintal_per_hectare
2022,54,Avoine d'hiver,avena_sativa,winter_oat,"30,0",quintal_per_hectare
2023,54,Avoine d'hiver,avena_sativa,winter_oat,"40,0",quintal_per_hectare
2024,54,Avoine d'hiver,avena_sativa,winter_oat,"37,0",quintal_per_hectare
2025,54,Avoine d'hiver,avena_sativa,winter_oat,"43,0",quintal_per_hectare
2021,55,Avoine d'hiver,avena_sativa,winter_oat,"39,0",quintal_per_hectare
2022,55,Avoine d'hiver,avena_sativa,winter_oat,"34,0",quintal_per_hectare
2023,55,Avoine d'hiver,avena_sativa,winter_oat,"41,0",quintal_per_hectare
2024,55,Avoine d'hiver,avena_sativa,winter_oat,"36,0",quintal_per_hectare
2025,55,Avoine d'hiver,avena_sativa,winter_oat,"43,0",quintal_per_hectare
2021,56,Avoine d'hiver,avena_sativa,winter_oat,"45,9",quintal_per_hectare
2022,56,Avoine d'hiver,avena_sativa,winter_oat,"50,0",quintal_per_hectare
2023,56,Avoine d'hiver,avena_sativa,winter_oat,"51,7",quintal_per_hectare
2024,56,Avoine d'hiver,avena_sativa,winter_oat,"43,9",quintal_per_hectare
2025,56,Avoine d'hiver,avena_sativa,winter_oat,"55,1",quintal_per_hectare
2021,57,Avoine d'hiver,avena_sativa,winter_oat,"40,0",quintal_per_hectare
2022,57,Avoine d'hiver,avena_sativa,winter_oat,"30,0",quintal_per_hectare
2023,57,Avoine d'hiver,avena_sativa,winter_oat,"37,0",quintal_per_hectare
2024,57,Avoine d'hiver,avena_sativa,winter_oat,"34,0",quintal_per_hectare
2025,57,Avoine d'hiver,avena_sativa,winter_oat,"43,0",quintal_per_hectare
2021,58,Avoine d'hiver,avena_sativa,winter_oat,"45,0",quintal_per_hectare
2022,58,Avoine d'hiver,avena_sativa,winter_oat,"40,0",quintal_per_hectare
2023,58,Avoine d'hiver,avena_sativa,winter_oat,"38,0",quintal_per_hectare
2024,58,Avoine d'hiver,avena_sativa,winter_oat,"34,0",quintal_per_hectare
2025,58,Avoine d'hiver,avena_sativa,winter_oat,"43,0",quintal_per_hectare
2021,59,Avoine d'hiver,avena_sativa,winter_oat,"59,0",quintal_per_hectare
2022,59,Avoine d'hiver,avena_sativa,winter_oat,"59,0",quintal_per_hectare
2023,59,Avoine d'hiver,avena_sativa,winter_oat,"58,5",quintal_per_hectare
2024,59,Avoine d'hiver,avena_sativa,winter_oat,"58,8",quintal_per_hectare
2025,59,Avoine d'hiver,avena_sativa,winter_oat,"62,1",quintal_per_hectare
2021,60,Avoine d'hiver,avena_sativa,winter_oat,"60,0",quintal_per_hectare
2022,60,Avoine d'hiver,avena_sativa,winter_oat,"59,9",quintal_per_hectare
2023,60,Avoine d'hiver,avena_sativa,winter_oat,"59,9",quintal_per_hectare
2024,60,Avoine d'hiver,avena_sativa,winter_oat,"59,8",quintal_per_hectare
2025,60,Avoine d'hiver,avena_sativa,winter_oat,"57,1",quintal_per_hectare
2021,61,Avoine d'hiver,avena_sativa,winter_oat,"55,0",quintal_per_hectare
2022,61,Avoine d'hiver,avena_sativa,winter_oat,"51,0",quintal_per_hectare
2023,61,Avoine d'hiver,avena_sativa,winter_oat,"56,0",quintal_per_hectare
2024,61,Avoine d'hiver,avena_sativa,winter_oat,"47,0",quintal_per_hectare
2025,61,Avoine d'hiver,avena_sativa,winter_oat,"54,0",quintal_per_hectare
2021,62,Avoine d'hiver,avena_sativa,winter_oat,"63,0",quintal_per_hectare
2022,62,Avoine d'hiver,avena_sativa,winter_oat,"64,0",quintal_per_hectare
2023,62,Avoine d'hiver,avena_sativa,winter_oat,"63,0",quintal_per_hectare
2024,62,Avoine d'hiver,avena_sativa,winter_oat,"63,4",quintal_per_hectare
2025,62,Avoine d'hiver,avena_sativa,winter_oat,"61,1",quintal_per_hectare
2021,63,Avoine d'hiver,avena_sativa,winter_oat,"41,0",quintal_per_hectare
2022,63,Avoine d'hiver,avena_sativa,winter_oat,"30,0",quintal_per_hectare
2023,63,Avoine d'hiver,avena_sativa,winter_oat,"38,0",quintal_per_hectare
2024,63,Avoine d'hiver,avena_sativa,winter_oat,"30,0",quintal_per_hectare
2025,63,Avoine d'hiver,avena_sativa,winter_oat,"28,0",quintal_per_hectare
2021,64,Avoine d'hiver,avena_sativa,winter_oat,"32,0",quintal_per_hectare
2022,64,Avoine d'hiver,avena_sativa,winter_oat,"26,0",quintal_per_hectare
2023,64,Avoine d'hiver,avena_sativa,winter_oat,"35,0",quintal_per_hectare
2024,64,Avoine d'hiver,avena_sativa,winter_oat,"25,0",quintal_per_hectare
2025,64,Avoine d'hiver,avena_sativa,winter_oat,"32,0",quintal_per_hectare
2021,65,Avoine d'hiver,avena_sativa,winter_oat,"33,0",quintal_per_hectare
2022,65,Avoine d'hiver,avena_sativa,winter_oat,"28,0",quintal_per_hectare
2023,65,Avoine d'hiver,avena_sativa,winter_oat,"32,0",quintal_per_hectare
2024,65,Avoine d'hiver,avena_sativa,winter_oat,"32,0",quintal_per_hectare
2025,65,Avoine d'hiver,avena_sativa,winter_oat,"30,4",quintal_per_hectare
2021,66,Avoine d'hiver,avena_sativa,winter_oat,"28,0",quintal_per_hectare
2022,66,Avoine d'hiver,avena_sativa,winter_oat,"23,0",quintal_per_hectare
2023,66,Avoine d'hiver,avena_sativa,winter_oat,"16,0",quintal_per_hectare
2024,66,Avoine d'hiver,avena_sativa,winter_oat,"15,0",quintal_per_hectare
2025,66,Avoine d'hiver,avena_sativa,winter_oat,"26,0",quintal_per_hectare
2021,67,Avoine d'hiver,avena_sativa,winter_oat,"43,0",quintal_per_hectare
2022,67,Avoine d'hiver,avena_sativa,winter_oat,"42,0",quintal_per_hectare
2023,67,Avoine d'hiver,avena_sativa,winter_oat,"46,0",quintal_per_hectare
2024,67,Avoine d'hiver,avena_sativa,winter_oat,"43,0",quintal_per_hectare
2025,67,Avoine d'hiver,avena_sativa,winter_oat,"45,0",quintal_per_hectare
2021,68,Avoine d'hiver,avena_sativa,winter_oat,"42,0",quintal_per_hectare
2022,68,Avoine d'hiver,avena_sativa,winter_oat,"41,0",quintal_per_hectare
2023,68,Avoine d'hiver,avena_sativa,winter_oat,"46,0",quintal_per_hectare
2024,68,Avoine d'hiver,avena_sativa,winter_oat,"43,0",quintal_per_hectare
2025,68,Avoine d'hiver,avena_sativa,winter_oat,"45,0",quintal_per_hectare
2021,69,Avoine d'hiver,avena_sativa,winter_oat,"38,0",quintal_per_hectare
2022,69,Avoine d'hiver,avena_sativa,winter_oat,"28,0",quintal_per_hectare
2023,69,Avoine d'hiver,avena_sativa,winter_oat,"41,0",quintal_per_hectare
2024,69,Avoine d'hiver,avena_sativa,winter_oat,"38,0",quintal_per_hectare
2025,69,Avoine d'hiver,avena_sativa,winter_oat,"38,0",quintal_per_hectare
2021,70,Avoine d'hiver,avena_sativa,winter_oat,"31,0",quintal_per_hectare
2022,70,Avoine d'hiver,avena_sativa,winter_oat,"34,0",quintal_per_hectare
2023,70,Avoine d'hiver,avena_sativa,winter_oat,"44,0",quintal_per_hectare
2024,70,Avoine d'hiver,avena_sativa,winter_oat,"27,0",quintal_per_hectare
2025,70,Avoine d'hiver,avena_sativa,winter_oat,"33,0",quintal_per_hectare
2021,71,Avoine d'hiver,avena_sativa,winter_oat,"36,0",quintal_per_hectare
2022,71,Avoine d'hiver,avena_sativa,winter_oat,"39,0",quintal_per_hectare
2023,71,Avoine d'hiver,avena_sativa,winter_oat,"45,0",quintal_per_hectare
2024,71,Avoine d'hiver,avena_sativa,winter_oat,"34,0",quintal_per_hectare
2025,71,Avoine d'hiver,avena_sativa,winter_oat,"44,0",quintal_per_hectare
2021,72,Avoine d'hiver,avena_sativa,winter_oat,"66,0",quintal_per_hectare
2022,72,Avoine d'hiver,avena_sativa,winter_oat,"55,0",quintal_per_hectare
2023,72,Avoine d'hiver,avena_sativa,winter_oat,"67,0",quintal_per_hectare
2024,72,Avoine d'hiver,avena_sativa,winter_oat,"48,0",quintal_per_hectare
2025,72,Avoine d'hiver,avena_sativa,winter_oat,"54,0",quintal_per_hectare
2021,73,Avoine d'hiver,avena_sativa,winter_oat,"40,0",quintal_per_hectare
2022,73,Avoine d'hiver,avena_sativa,winter_oat,"37,0",quintal_per_hectare
2023,73,Avoine d'hiver,avena_sativa,winter_oat,"41,0",quintal_per_hectare
2024,73,Avoine d'hiver,avena_sativa,winter_oat,"38,0",quintal_per_hectare
2025,73,Avoine d'hiver,avena_sativa,winter_oat,"40,0",quintal_per_hectare
2021,74,Avoine d'hiver,avena_sativa,winter_oat,"30,0",quintal_per_hectare
2022,74,Avoine d'hiver,avena_sativa,winter_oat,"30,0",quintal_per_hectare
2023,74,Avoine d'hiver,avena_sativa,winter_oat,"30,0",quintal_per_hectare
2024,74,Avoine d'hiver,avena_sativa,winter_oat,"27,0",quintal_per_hectare
2025,74,Avoine d'hiver,avena_sativa,winter_oat,"32,0",quintal_per_hectare
2021,76,Avoine d'hiver,avena_sativa,winter_oat,"66,0",quintal_per_hectare
2022,76,Avoine d'hiver,avena_sativa,winter_oat,"61,0",quintal_per_hectare
2023,76,Avoine d'hiver,avena_sativa,winter_oat,"62,0",quintal_per_hectare
2024,76,Avoine d'hiver,avena_sativa,winter_oat,"56,0",quintal_per_hectare
2025,76,Avoine d'hiver,avena_sativa,winter_oat,"65,0",quintal_per_hectare
2021,77,Avoine d'hiver,avena_sativa,winter_oat,"57,0",quintal_per_hectare
2022,77,Avoine d'hiver,avena_sativa,winter_oat,"59,0",quintal_per_hectare
2023,77,Avoine d'hiver,avena_sativa,winter_oat,"57,0",quintal_per_hectare
2024,77,Avoine d'hiver,avena_sativa,winter_oat,"44,7",quintal_per_hectare
2025,77,Avoine d'hiver,avena_sativa,winter_oat,"58,6",quintal_per_hectare
2021,78,Avoine d'hiver,avena_sativa,winter_oat,"58,0",quintal_per_hectare
2022,78,Avoine d'hiver,avena_sativa,winter_oat,"59,0",quintal_per_hectare
2023,78,Avoine d'hiver,avena_sativa,winter_oat,"57,0",quintal_per_hectare
2024,78,Avoine d'hiver,avena_sativa,winter_oat,"50,9",quintal_per_hectare
2025,78,Avoine d'hiver,avena_sativa,winter_oat,"58,6",quintal_per_hectare
2021,79,Avoine d'hiver,avena_sativa,winter_oat,"38,0",quintal_per_hectare
2022,79,Avoine d'hiver,avena_sativa,winter_oat,"37,0",quintal_per_hectare
2023,79,Avoine d'hiver,avena_sativa,winter_oat,"38,0",quintal_per_hectare
2024,79,Avoine d'hiver,avena_sativa,winter_oat,"30,0",quintal_per_hectare
2025,79,Avoine d'hiver,avena_sativa,winter_oat,"36,0",quintal_per_hectare
2021,80,Avoine d'hiver,avena_sativa,winter_oat,"60,0",quintal_per_hectare
2022,80,Avoine d'hiver,avena_sativa,winter_oat,"60,9",quintal_per_hectare
2023,80,Avoine d'hiver,avena_sativa,winter_oat,"62,1",quintal_per_hectare
2024,80,Avoine d'hiver,avena_sativa,winter_oat,"61,4",quintal_per_hectare
2025,80,Avoine d'hiver,avena_sativa,winter_oat,"61,0",quintal_per_hectare
2021,81,Avoine d'hiver,avena_sativa,winter_oat,"36,0",quintal_per_hectare
2022,81,Avoine d'hiver,avena_sativa,winter_oat,"32,0",quintal_per_hectare
2023,81,Avoine d'hiver,avena_sativa,winter_oat,"33,0",quintal_per_hectare
2024,81,Avoine d'hiver,avena_sativa,winter_oat,"29,0",quintal_per_hectare
2025,81,Avoine d'hiver,avena_sativa,winter_oat,"27,0",quintal_per_hectare
2021,82,Avoine d'hiver,avena_sativa,winter_oat,"36,0",quintal_per_hectare
2022,82,Avoine d'hiver,avena_sativa,winter_oat,"31,0",quintal_per_hectare
2023,82,Avoine d'hiver,avena_sativa,winter_oat,"33,0",quintal_per_hectare
2024,82,Avoine d'hiver,avena_sativa,winter_oat,"34,0",quintal_per_hectare
2025,82,Avoine d'hiver,avena_sativa,winter_oat,"36,0",quintal_per_hectare
2021,83,Avoine d'hiver,avena_sativa,winter_oat,"25,0",quintal_per_hectare
2022,83,Avoine d'hiver,avena_sativa,winter_oat,"20,0",quintal_per_hectare
2023,83,Avoine d'hiver,avena_sativa,winter_oat,"20,0",quintal_per_hectare
2024,83,Avoine d'hiver,avena_sativa,winter_oat,"27,0",quintal_per_hectare
2025,83,Avoine d'hiver,avena_sativa,winter_oat,"23,0",quintal_per_hectare
2021,84,Avoine d'hiver,avena_sativa,winter_oat,"25,0",quintal_per_hectare
2022,84,Avoine d'hiver,avena_sativa,winter_oat,"20,0",quintal_per_hectare
2023,84,Avoine d'hiver,avena_sativa,winter_oat,"25,0",quintal_per_hectare
2024,84,Avoine d'hiver,avena_sativa,winter_oat,"24,0",quintal_per_hectare
2025,84,Avoine d'hiver,avena_sativa,winter_oat,"24,0",quintal_per_hectare
2021,85,Avoine d'hiver,avena_sativa,winter_oat,"60,0",quintal_per_hectare
2022,85,Avoine d'hiver,avena_sativa,winter_oat,"52,0",quintal_per_hectare
2023,85,Avoine d'hiver,avena_sativa,winter_oat,"57,0",quintal_per_hectare
2024,85,Avoine d'hiver,avena_sativa,winter_oat,"40,0",quintal_per_hectare
2025,85,Avoine d'hiver,avena_sativa,winter_oat,"45,0",quintal_per_hectare
2021,86,Avoine d'hiver,avena_sativa,winter_oat,"37,0",quintal_per_hectare
2022,86,Avoine d'hiver,avena_sativa,winter_oat,"31,0",quintal_per_hectare
2023,86,Avoine d'hiver,avena_sativa,winter_oat,"36,0",quintal_per_hectare
2024,86,Avoine d'hiver,avena_sativa,winter_oat,"30,0",quintal_per_hectare
2025,86,Avoine d'hiver,avena_sativa,winter_oat,"34,0",quintal_per_hectare
2021,87,Avoine d'hiver,avena_sativa,winter_oat,"40,0",quintal_per_hectare
2022,87,Avoine d'hiver,avena_sativa,winter_oat,"32,0",quintal_per_hectare
2023,87,Avoine d'hiver,avena_sativa,winter_oat,"40,0",quintal_per_hectare
2024,87,Avoine d'hiver,avena_sativa,winter_oat,"30,0",quintal_per_hectare
2025,87,Avoine d'hiver,avena_sativa,winter_oat,"41,0",quintal_per_hectare
2021,88,Avoine d'hiver,avena_sativa,winter_oat,"36,0",quintal_per_hectare
2022,88,Avoine d'hiver,avena_sativa,winter_oat,"32,0",quintal_per_hectare
2023,88,Avoine d'hiver,avena_sativa,winter_oat,"37,0",quintal_per_hectare
2024,88,Avoine d'hiver,avena_sativa,winter_oat,"35,0",quintal_per_hectare
2025,88,Avoine d'hiver,avena_sativa,winter_oat,"40,0",quintal_per_hectare
2021,89,Avoine d'hiver,avena_sativa,winter_oat,"37,0",quintal_per_hectare
2022,89,Avoine d'hiver,avena_sativa,winter_oat,"29,0",quintal_per_hectare
2023,89,Avoine d'hiver,avena_sativa,winter_oat,"34,0",quintal_per_hectare
2024,89,Avoine d'hiver,avena_sativa,winter_oat,"34,0",quintal_per_hectare
2025,89,Avoine d'hiver,avena_sativa,winter_oat,"36,0",quintal_per_hectare
2021,91,Avoine d'hiver,avena_sativa,winter_oat,"55,0",quintal_per_hectare
2022,91,Avoine d'hiver,avena_sativa,winter_oat,"58,0",quintal_per_hectare
2023,91,Avoine d'hiver,avena_sativa,winter_oat,"57,8",quintal_per_hectare
2024,91,Avoine d'hiver,avena_sativa,winter_oat,"39,6",quintal_per_hectare
2025,91,Avoine d'hiver,avena_sativa,winter_oat,"58,3",quintal_per_hectare
2021,95,Avoine d'hiver,avena_sativa,winter_oat,"62,0",quintal_per_hectare
2022,95,Avoine d'hiver,avena_sativa,winter_oat,"63,0",quintal_per_hectare
2023,95,Avoine d'hiver,avena_sativa,winter_oat,"60,1",quintal_per_hectare
2024,95,Avoine d'hiver,avena_sativa,winter_oat,"50,4",quintal_per_hectare
2025,95,Avoine d'hiver,avena_sativa,winter_oat,"58,3",quintal_per_hectare
2021,01,Maïs grain,zea_mays,grain_corn,"112,0",quintal_per_hectare
2022,01,Maïs grain,zea_mays,grain_corn,"79,2",quintal_per_hectare
2023,01,Maïs grain,zea_mays,grain_corn,"93,7",quintal_per_hectare
2024,01,Maïs grain,zea_mays,grain_corn,"104,3",quintal_per_hectare
2025,01,Maïs grain,zea_mays,grain_corn,"87,7",quintal_per_hectare
2021,02,Maïs grain,zea_mays,grain_corn,"94,4",quintal_per_hectare
2022,02,Maïs grain,zea_mays,grain_corn,"71,4",quintal_per_hectare
2023,02,Maïs grain,zea_mays,grain_corn,"100,0",quintal_per_hectare
2024,02,Maïs grain,zea_mays,grain_corn,"84,1",quintal_per_hectare
2025,02,Maïs grain,zea_mays,grain_corn,"98,0",quintal_per_hectare
2021,03,Maïs grain,zea_mays,grain_corn,"108,0",quintal_per_hectare
2022,03,Maïs grain,zea_mays,grain_corn,"96,1",quintal_per_hectare
2023,03,Maïs grain,zea_mays,grain_corn,"114,8",quintal_per_hectare
2024,03,Maïs grain,zea_mays,grain_corn,"102,3",quintal_per_hectare
2025,03,Maïs grain,zea_mays,grain_corn,"89,2",quintal_per_hectare
2021,04,Maïs grain,zea_mays,grain_corn,"92,9",quintal_per_hectare
2022,04,Maïs grain,zea_mays,grain_corn,"70,4",quintal_per_hectare
2023,04,Maïs grain,zea_mays,grain_corn,"79,6",quintal_per_hectare
2024,04,Maïs grain,zea_mays,grain_corn,"100,5",quintal_per_hectare
2025,04,Maïs grain,zea_mays,grain_corn,"100,0",quintal_per_hectare
2021,05,Maïs grain,zea_mays,grain_corn,"94,0",quintal_per_hectare
2022,05,Maïs grain,zea_mays,grain_corn,"73,0",quintal_per_hectare
2023,05,Maïs grain,zea_mays,grain_corn,"75,6",quintal_per_hectare
2024,05,Maïs grain,zea_mays,grain_corn,"96,4",quintal_per_hectare
2025,05,Maïs grain,zea_mays,grain_corn,"100,1",quintal_per_hectare
2021,07,Maïs grain,zea_mays,grain_corn,"105,3",quintal_per_hectare
2022,07,Maïs grain,zea_mays,grain_corn,"73,1",quintal_per_hectare
2023,07,Maïs grain,zea_mays,grain_corn,"81,0",quintal_per_hectare
2024,07,Maïs grain,zea_mays,grain_corn,"83,9",quintal_per_hectare
2025,07,Maïs grain,zea_mays,grain_corn,"78,0",quintal_per_hectare
2021,08,Maïs grain,zea_mays,grain_corn,"100,0",quintal_per_hectare
2022,08,Maïs grain,zea_mays,grain_corn,"80,0",quintal_per_hectare
2023,08,Maïs grain,zea_mays,grain_corn,"80,0",quintal_per_hectare
2024,08,Maïs grain,zea_mays,grain_corn,"93,0",quintal_per_hectare
2025,08,Maïs grain,zea_mays,grain_corn,"105,0",quintal_per_hectare
2021,09,Maïs grain,zea_mays,grain_corn,"93,6",quintal_per_hectare
2022,09,Maïs grain,zea_mays,grain_corn,"39,4",quintal_per_hectare
2023,09,Maïs grain,zea_mays,grain_corn,"57,8",quintal_per_hectare
2024,09,Maïs grain,zea_mays,grain_corn,"67,0",quintal_per_hectare
2025,09,Maïs grain,zea_mays,grain_corn,"74,7",quintal_per_hectare
2021,10,Maïs grain,zea_mays,grain_corn,"99,2",quintal_per_hectare
2022,10,Maïs grain,zea_mays,grain_corn,"67,2",quintal_per_hectare
2023,10,Maïs grain,zea_mays,grain_corn,"87,7",quintal_per_hectare
2024,10,Maïs grain,zea_mays,grain_corn,"90,6",quintal_per_hectare
2025,10,Maïs grain,zea_mays,grain_corn,"86,4",quintal_per_hectare
2021,11,Maïs grain,zea_mays,grain_corn,"83,2",quintal_per_hectare
2022,11,Maïs grain,zea_mays,grain_corn,"31,3",quintal_per_hectare
2023,11,Maïs grain,zea_mays,grain_corn,"41,8",quintal_per_hectare
2024,11,Maïs grain,zea_mays,grain_corn,"38,4",quintal_per_hectare
2025,11,Maïs grain,zea_mays,grain_corn,"43,1",quintal_per_hectare
2021,12,Maïs grain,zea_mays,grain_corn,"97,9",quintal_per_hectare
2022,12,Maïs grain,zea_mays,grain_corn,"54,0",quintal_per_hectare
2023,12,Maïs grain,zea_mays,grain_corn,"73,6",quintal_per_hectare
2024,12,Maïs grain,zea_mays,grain_corn,"74,8",quintal_per_hectare
2025,12,Maïs grain,zea_mays,grain_corn,"63,1",quintal_per_hectare
2021,13,Maïs grain,zea_mays,grain_corn,"99,1",quintal_per_hectare
2022,13,Maïs grain,zea_mays,grain_corn,"73,5",quintal_per_hectare
2023,13,Maïs grain,zea_mays,grain_corn,"83,2",quintal_per_hectare
2024,13,Maïs grain,zea_mays,grain_corn,"88,0",quintal_per_hectare
2025,13,Maïs grain,zea_mays,grain_corn,"88,6",quintal_per_hectare
2021,14,Maïs grain,zea_mays,grain_corn,"94,5",quintal_per_hectare
2022,14,Maïs grain,zea_mays,grain_corn,"65,1",quintal_per_hectare
2023,14,Maïs grain,zea_mays,grain_corn,"100,0",quintal_per_hectare
2024,14,Maïs grain,zea_mays,grain_corn,"86,1",quintal_per_hectare
2025,14,Maïs grain,zea_mays,grain_corn,"100,1",quintal_per_hectare
2021,15,Maïs grain,zea_mays,grain_corn,"90,4",quintal_per_hectare
2022,15,Maïs grain,zea_mays,grain_corn,"52,5",quintal_per_hectare
2023,15,Maïs grain,zea_mays,grain_corn,"80,0",quintal_per_hectare
2024,15,Maïs grain,zea_mays,grain_corn,"80,0",quintal_per_hectare
2025,15,Maïs grain,zea_mays,grain_corn,"71,2",quintal_per_hectare
2021,16,Maïs grain,zea_mays,grain_corn,"93,5",quintal_per_hectare
2022,16,Maïs grain,zea_mays,grain_corn,"68,4",quintal_per_hectare
2023,16,Maïs grain,zea_mays,grain_corn,"94,3",quintal_per_hectare
2024,16,Maïs grain,zea_mays,grain_corn,"72,5",quintal_per_hectare
2025,16,Maïs grain,zea_mays,grain_corn,"54,4",quintal_per_hectare
2021,17,Maïs grain,zea_mays,grain_corn,"100,3",quintal_per_hectare
2022,17,Maïs grain,zea_mays,grain_corn,"74,3",quintal_per_hectare
2023,17,Maïs grain,zea_mays,grain_corn,"105,6",quintal_per_hectare
2024,17,Maïs grain,zea_mays,grain_corn,"84,3",quintal_per_hectare
2025,17,Maïs grain,zea_mays,grain_corn,"75,0",quintal_per_hectare
2021,18,Maïs grain,zea_mays,grain_corn,"98,6",quintal_per_hectare
2022,18,Maïs grain,zea_mays,grain_corn,"78,3",quintal_per_hectare
2023,18,Maïs grain,zea_mays,grain_corn,"96,1",quintal_per_hectare
2024,18,Maïs grain,zea_mays,grain_corn,"88,1",quintal_per_hectare
2025,18,Maïs grain,zea_mays,grain_corn,"67,6",quintal_per_hectare
2021,19,Maïs grain,zea_mays,grain_corn,"94,6",quintal_per_hectare
2022,19,Maïs grain,zea_mays,grain_corn,"64,6",quintal_per_hectare
2023,19,Maïs grain,zea_mays,grain_corn,"95,5",quintal_per_hectare
2024,19,Maïs grain,zea_mays,grain_corn,"71,4",quintal_per_hectare
2025,19,Maïs grain,zea_mays,grain_corn,"70,2",quintal_per_hectare
2021,2A,Maïs grain,zea_mays,grain_corn,"120,0",quintal_per_hectare
2022,2A,Maïs grain,zea_mays,grain_corn,"100,0",quintal_per_hectare
2023,2A,Maïs grain,zea_mays,grain_corn,"115,0",quintal_per_hectare
2024,2A,Maïs grain,zea_mays,grain_corn,"120,0",quintal_per_hectare
2025,2A,Maïs grain,zea_mays,grain_corn,"100,0",quintal_per_hectare
2021,21,Maïs grain,zea_mays,grain_corn,"100,4",quintal_per_hectare
2022,21,Maïs grain,zea_mays,grain_corn,"71,4",quintal_per_hectare
2023,21,Maïs grain,zea_mays,grain_corn,"93,0",quintal_per_hectare
2024,21,Maïs grain,zea_mays,grain_corn,"100,4",quintal_per_hectare
2025,21,Maïs grain,zea_mays,grain_corn,"99,7",quintal_per_hectare
2021,2B,Maïs grain,zea_mays,grain_corn,"120,0",quintal_per_hectare
2022,2B,Maïs grain,zea_mays,grain_corn,"100,0",quintal_per_hectare
2023,2B,Maïs grain,zea_mays,grain_corn,"115,0",quintal_per_hectare
2024,2B,Maïs grain,zea_mays,grain_corn,"120,0",quintal_per_hectare
2025,2B,Maïs grain,zea_mays,grain_corn,"100,0",quintal_per_hectare
2021,22,Maïs grain,zea_mays,grain_corn,"87,6",quintal_per_hectare
2022,22,Maïs grain,zea_mays,grain_corn,"79,0",quintal_per_hectare
2023,22,Maïs grain,zea_mays,grain_corn,"94,0",quintal_per_hectare
2024,22,Maïs grain,zea_mays,grain_corn,"94,4",quintal_per_hectare
2025,22,Maïs grain,zea_mays,grain_corn,"92,2",quintal_per_hectare
2021,23,Maïs grain,zea_mays,grain_corn,"84,3",quintal_per_hectare
2022,23,Maïs grain,zea_mays,grain_corn,"59,9",quintal_per_hectare
2023,23,Maïs grain,zea_mays,grain_corn,"82,2",quintal_per_hectare
2024,23,Maïs grain,zea_mays,grain_corn,"59,2",quintal_per_hectare
2025,23,Maïs grain,zea_mays,grain_corn,"43,6",quintal_per_hectare
2021,24,Maïs grain,zea_mays,grain_corn,"97,8",quintal_per_hectare
2022,24,Maïs grain,zea_mays,grain_corn,"72,1",quintal_per_hectare
2023,24,Maïs grain,zea_mays,grain_corn,"102,8",quintal_per_hectare
2024,24,Maïs grain,zea_mays,grain_corn,"72,5",quintal_per_hectare
2025,24,Maïs grain,zea_mays,grain_corn,"77,8",quintal_per_hectare
2021,25,Maïs grain,zea_mays,grain_corn,"90,1",quintal_per_hectare
2022,25,Maïs grain,zea_mays,grain_corn,"69,2",quintal_per_hectare
2023,25,Maïs grain,zea_mays,grain_corn,"97,2",quintal_per_hectare
2024,25,Maïs grain,zea_mays,grain_corn,"87,3",quintal_per_hectare
2025,25,Maïs grain,zea_mays,grain_corn,"98,0",quintal_per_hectare
2021,26,Maïs grain,zea_mays,grain_corn,"118,4",quintal_per_hectare
2022,26,Maïs grain,zea_mays,grain_corn,"82,0",quintal_per_hectare
2023,26,Maïs grain,zea_mays,grain_corn,"90,5",quintal_per_hectare
2024,26,Maïs grain,zea_mays,grain_corn,"98,5",quintal_per_hectare
2025,26,Maïs grain,zea_mays,grain_corn,"94,1",quintal_per_hectare
2021,27,Maïs grain,zea_mays,grain_corn,"90,9",quintal_per_hectare
2022,27,Maïs grain,zea_mays,grain_corn,"67,2",quintal_per_hectare
2023,27,Maïs grain,zea_mays,grain_corn,"95,3",quintal_per_hectare
2024,27,Maïs grain,zea_mays,grain_corn,"88,1",quintal_per_hectare
2025,27,Maïs grain,zea_mays,grain_corn,"90,6",quintal_per_hectare
2021,28,Maïs grain,zea_mays,grain_corn,"112,9",quintal_per_hectare
2022,28,Maïs grain,zea_mays,grain_corn,"114,9",quintal_per_hectare
2023,28,Maïs grain,zea_mays,grain_corn,"118,7",quintal_per_hectare
2024,28,Maïs grain,zea_mays,grain_corn,"118,1",quintal_per_hectare
2025,28,Maïs grain,zea_mays,grain_corn,"122,6",quintal_per_hectare
2021,29,Maïs grain,zea_mays,grain_corn,"91,8",quintal_per_hectare
2022,29,Maïs grain,zea_mays,grain_corn,"84,0",quintal_per_hectare
2023,29,Maïs grain,zea_mays,grain_corn,"94,1",quintal_per_hectare
2024,29,Maïs grain,zea_mays,grain_corn,"93,1",quintal_per_hectare
2025,29,Maïs grain,zea_mays,grain_corn,"92,6",quintal_per_hectare
2021,30,Maïs grain,zea_mays,grain_corn,"86,6",quintal_per_hectare
2022,30,Maïs grain,zea_mays,grain_corn,"45,3",quintal_per_hectare
2023,30,Maïs grain,zea_mays,grain_corn,"69,7",quintal_per_hectare
2024,30,Maïs grain,zea_mays,grain_corn,"73,0",quintal_per_hectare
2025,30,Maïs grain,zea_mays,grain_corn,"59,5",quintal_per_hectare
2021,31,Maïs grain,zea_mays,grain_corn,"95,1",quintal_per_hectare
2022,31,Maïs grain,zea_mays,grain_corn,"56,8",quintal_per_hectare
2023,31,Maïs grain,zea_mays,grain_corn,"93,2",quintal_per_hectare
2024,31,Maïs grain,zea_mays,grain_corn,"99,8",quintal_per_hectare
2025,31,Maïs grain,zea_mays,grain_corn,"73,8",quintal_per_hectare
2021,32,Maïs grain,zea_mays,grain_corn,"107,5",quintal_per_hectare
2022,32,Maïs grain,zea_mays,grain_corn,"68,0",quintal_per_hectare
2023,32,Maïs grain,zea_mays,grain_corn,"92,1",quintal_per_hectare
2024,32,Maïs grain,zea_mays,grain_corn,"90,6",quintal_per_hectare
2025,32,Maïs grain,zea_mays,grain_corn,"81,2",quintal_per_hectare
2021,33,Maïs grain,zea_mays,grain_corn,"115,8",quintal_per_hectare
2022,33,Maïs grain,zea_mays,grain_corn,"83,0",quintal_per_hectare
2023,33,Maïs grain,zea_mays,grain_corn,"101,6",quintal_per_hectare
2024,33,Maïs grain,zea_mays,grain_corn,"93,6",quintal_per_hectare
2025,33,Maïs grain,zea_mays,grain_corn,"88,0",quintal_per_hectare
2021,34,Maïs grain,zea_mays,grain_corn,"74,4",quintal_per_hectare
2022,34,Maïs grain,zea_mays,grain_corn,"31,6",quintal_per_hectare
2023,34,Maïs grain,zea_mays,grain_corn,"37,2",quintal_per_hectare
2024,34,Maïs grain,zea_mays,grain_corn,"35,0",quintal_per_hectare
2025,34,Maïs grain,zea_mays,grain_corn,"31,4",quintal_per_hectare
2021,35,Maïs grain,zea_mays,grain_corn,"100,6",quintal_per_hectare
2022,35,Maïs grain,zea_mays,grain_corn,"74,4",quintal_per_hectare
2023,35,Maïs grain,zea_mays,grain_corn,"97,7",quintal_per_hectare
2024,35,Maïs grain,zea_mays,grain_corn,"91,4",quintal_per_hectare
2025,35,Maïs grain,zea_mays,grain_corn,"95,5",quintal_per_hectare
2021,36,Maïs grain,zea_mays,grain_corn,"95,0",quintal_per_hectare
2022,36,Maïs grain,zea_mays,grain_corn,"73,7",quintal_per_hectare
2023,36,Maïs grain,zea_mays,grain_corn,"82,9",quintal_per_hectare
2024,36,Maïs grain,zea_mays,grain_corn,"66,5",quintal_per_hectare
2025,36,Maïs grain,zea_mays,grain_corn,"52,9",quintal_per_hectare
2021,37,Maïs grain,zea_mays,grain_corn,"96,5",quintal_per_hectare
2022,37,Maïs grain,zea_mays,grain_corn,"57,4",quintal_per_hectare
2023,37,Maïs grain,zea_mays,grain_corn,"78,5",quintal_per_hectare
2024,37,Maïs grain,zea_mays,grain_corn,"77,6",quintal_per_hectare
2025,37,Maïs grain,zea_mays,grain_corn,"63,4",quintal_per_hectare
2021,38,Maïs grain,zea_mays,grain_corn,"110,8",quintal_per_hectare
2022,38,Maïs grain,zea_mays,grain_corn,"81,5",quintal_per_hectare
2023,38,Maïs grain,zea_mays,grain_corn,"90,4",quintal_per_hectare
2024,38,Maïs grain,zea_mays,grain_corn,"97,0",quintal_per_hectare
2025,38,Maïs grain,zea_mays,grain_corn,"84,7",quintal_per_hectare
2021,39,Maïs grain,zea_mays,grain_corn,"103,5",quintal_per_hectare
2022,39,Maïs grain,zea_mays,grain_corn,"76,2",quintal_per_hectare
2023,39,Maïs grain,zea_mays,grain_corn,"109,3",quintal_per_hectare
2024,39,Maïs grain,zea_mays,grain_corn,"91,1",quintal_per_hectare
2025,39,Maïs grain,zea_mays,grain_corn,"88,3",quintal_per_hectare
2021,40,Maïs grain,zea_mays,grain_corn,"120,7",quintal_per_hectare
2022,40,Maïs grain,zea_mays,grain_corn,"70,3",quintal_per_hectare
2023,40,Maïs grain,zea_mays,grain_corn,"96,7",quintal_per_hectare
2024,40,Maïs grain,zea_mays,grain_corn,"92,0",quintal_per_hectare
2025,40,Maïs grain,zea_mays,grain_corn,"85,7",quintal_per_hectare
2021,41,Maïs grain,zea_mays,grain_corn,"110,8",quintal_per_hectare
2022,41,Maïs grain,zea_mays,grain_corn,"87,1",quintal_per_hectare
2023,41,Maïs grain,zea_mays,grain_corn,"102,4",quintal_per_hectare
2024,41,Maïs grain,zea_mays,grain_corn,"102,2",quintal_per_hectare
2025,41,Maïs grain,zea_mays,grain_corn,"98,7",quintal_per_hectare
2021,42,Maïs grain,zea_mays,grain_corn,"104,1",quintal_per_hectare
2022,42,Maïs grain,zea_mays,grain_corn,"80,2",quintal_per_hectare
2023,42,Maïs grain,zea_mays,grain_corn,"98,7",quintal_per_hectare
2024,42,Maïs grain,zea_mays,grain_corn,"98,9",quintal_per_hectare
2025,42,Maïs grain,zea_mays,grain_corn,"92,7",quintal_per_hectare
2021,43,Maïs grain,zea_mays,grain_corn,"96,0",quintal_per_hectare
2022,43,Maïs grain,zea_mays,grain_corn,"64,5",quintal_per_hectare
2023,43,Maïs grain,zea_mays,grain_corn,"85,2",quintal_per_hectare
2024,43,Maïs grain,zea_mays,grain_corn,"92,5",quintal_per_hectare
2025,43,Maïs grain,zea_mays,grain_corn,"78,8",quintal_per_hectare
2021,44,Maïs grain,zea_mays,grain_corn,"93,8",quintal_per_hectare
2022,44,Maïs grain,zea_mays,grain_corn,"55,9",quintal_per_hectare
2023,44,Maïs grain,zea_mays,grain_corn,"90,9",quintal_per_hectare
2024,44,Maïs grain,zea_mays,grain_corn,"88,1",quintal_per_hectare
2025,44,Maïs grain,zea_mays,grain_corn,"71,5",quintal_per_hectare
2021,45,Maïs grain,zea_mays,grain_corn,"107,5",quintal_per_hectare
2022,45,Maïs grain,zea_mays,grain_corn,"95,7",quintal_per_hectare
2023,45,Maïs grain,zea_mays,grain_corn,"112,3",quintal_per_hectare
2024,45,Maïs grain,zea_mays,grain_corn,"109,7",quintal_per_hectare
2025,45,Maïs grain,zea_mays,grain_corn,"112,5",quintal_per_hectare
2021,46,Maïs grain,zea_mays,grain_corn,"82,7",quintal_per_hectare
2022,46,Maïs grain,zea_mays,grain_corn,"51,9",quintal_per_hectare
2023,46,Maïs grain,zea_mays,grain_corn,"71,1",quintal_per_hectare
2024,46,Maïs grain,zea_mays,grain_corn,"68,8",quintal_per_hectare
2025,46,Maïs grain,zea_mays,grain_corn,"61,8",quintal_per_hectare
2021,47,Maïs grain,zea_mays,grain_corn,"112,2",quintal_per_hectare
2022,47,Maïs grain,zea_mays,grain_corn,"77,5",quintal_per_hectare
2023,47,Maïs grain,zea_mays,grain_corn,"105,7",quintal_per_hectare
2024,47,Maïs grain,zea_mays,grain_corn,"92,0",quintal_per_hectare
2025,47,Maïs grain,zea_mays,grain_corn,"74,8",quintal_per_hectare
2025,48,Maïs grain,zea_mays,grain_corn,"60,0",quintal_per_hectare
2021,49,Maïs grain,zea_mays,grain_corn,"97,8",quintal_per_hectare
2022,49,Maïs grain,zea_mays,grain_corn,"54,8",quintal_per_hectare
2023,49,Maïs grain,zea_mays,grain_corn,"80,3",quintal_per_hectare
2024,49,Maïs grain,zea_mays,grain_corn,"84,1",quintal_per_hectare
2025,49,Maïs grain,zea_mays,grain_corn,"67,7",quintal_per_hectare
2021,50,Maïs grain,zea_mays,grain_corn,"99,0",quintal_per_hectare
2022,50,Maïs grain,zea_mays,grain_corn,"77,0",quintal_per_hectare
2023,50,Maïs grain,zea_mays,grain_corn,"100,0",quintal_per_hectare
2024,50,Maïs grain,zea_mays,grain_corn,"86,0",quintal_per_hectare
2025,50,Maïs grain,zea_mays,grain_corn,"107,0",quintal_per_hectare
2021,51,Maïs grain,zea_mays,grain_corn,"99,7",quintal_per_hectare
2022,51,Maïs grain,zea_mays,grain_corn,"75,6",quintal_per_hectare
2023,51,Maïs grain,zea_mays,grain_corn,"89,8",quintal_per_hectare
2024,51,Maïs grain,zea_mays,grain_corn,"98,5",quintal_per_hectare
2025,51,Maïs grain,zea_mays,grain_corn,"100,2",quintal_per_hectare
2021,52,Maïs grain,zea_mays,grain_corn,"93,4",quintal_per_hectare
2022,52,Maïs grain,zea_mays,grain_corn,"56,8",quintal_per_hectare
2023,52,Maïs grain,zea_mays,grain_corn,"76,8",quintal_per_hectare
2024,52,Maïs grain,zea_mays,grain_corn,"86,0",quintal_per_hectare
2025,52,Maïs grain,zea_mays,grain_corn,"87,8",quintal_per_hectare
2021,53,Maïs grain,zea_mays,grain_corn,"96,0",quintal_per_hectare
2022,53,Maïs grain,zea_mays,grain_corn,"67,0",quintal_per_hectare
2023,53,Maïs grain,zea_mays,grain_corn,"97,9",quintal_per_hectare
2024,53,Maïs grain,zea_mays,grain_corn,"90,4",quintal_per_hectare
2025,53,Maïs grain,zea_mays,grain_corn,"75,0",quintal_per_hectare
2021,54,Maïs grain,zea_mays,grain_corn,"90,0",quintal_per_hectare
2022,54,Maïs grain,zea_mays,grain_corn,"44,9",quintal_per_hectare
2023,54,Maïs grain,zea_mays,grain_corn,"60,0",quintal_per_hectare
2024,54,Maïs grain,zea_mays,grain_corn,"80,0",quintal_per_hectare
2025,54,Maïs grain,zea_mays,grain_corn,"77,0",quintal_per_hectare
2021,55,Maïs grain,zea_mays,grain_corn,"92,0",quintal_per_hectare
2022,55,Maïs grain,zea_mays,grain_corn,"60,6",quintal_per_hectare
2023,55,Maïs grain,zea_mays,grain_corn,"84,0",quintal_per_hectare
2024,55,Maïs grain,zea_mays,grain_corn,"85,2",quintal_per_hectare
2025,55,Maïs grain,zea_mays,grain_corn,"94,1",quintal_per_hectare
2021,56,Maïs grain,zea_mays,grain_corn,"96,5",quintal_per_hectare
2022,56,Maïs grain,zea_mays,grain_corn,"70,7",quintal_per_hectare
2023,56,Maïs grain,zea_mays,grain_corn,"102,1",quintal_per_hectare
2024,56,Maïs grain,zea_mays,grain_corn,"92,1",quintal_per_hectare
2025,56,Maïs grain,zea_mays,grain_corn,"92,1",quintal_per_hectare
2021,57,Maïs grain,zea_mays,grain_corn,"90,0",quintal_per_hectare
2022,57,Maïs grain,zea_mays,grain_corn,"44,4",quintal_per_hectare
2023,57,Maïs grain,zea_mays,grain_corn,"80,0",quintal_per_hectare
2024,57,Maïs grain,zea_mays,grain_corn,"85,0",quintal_per_hectare
2025,57,Maïs grain,zea_mays,grain_corn,"89,0",quintal_per_hectare
2021,58,Maïs grain,zea_mays,grain_corn,"102,1",quintal_per_hectare
2022,58,Maïs grain,zea_mays,grain_corn,"82,9",quintal_per_hectare
2023,58,Maïs grain,zea_mays,grain_corn,"102,7",quintal_per_hectare
2024,58,Maïs grain,zea_mays,grain_corn,"78,4",quintal_per_hectare
2025,58,Maïs grain,zea_mays,grain_corn,"65,3",quintal_per_hectare
2021,59,Maïs grain,zea_mays,grain_corn,"107,3",quintal_per_hectare
2022,59,Maïs grain,zea_mays,grain_corn,"85,0",quintal_per_hectare
2023,59,Maïs grain,zea_mays,grain_corn,"105,0",quintal_per_hectare
2024,59,Maïs grain,zea_mays,grain_corn,"94,0",quintal_per_hectare
2025,59,Maïs grain,zea_mays,grain_corn,"105,0",quintal_per_hectare
2021,60,Maïs grain,zea_mays,grain_corn,"100,1",quintal_per_hectare
2022,60,Maïs grain,zea_mays,grain_corn,"70,6",quintal_per_hectare
2023,60,Maïs grain,zea_mays,grain_corn,"104,9",quintal_per_hectare
2024,60,Maïs grain,zea_mays,grain_corn,"88,9",quintal_per_hectare
2025,60,Maïs grain,zea_mays,grain_corn,"108,0",quintal_per_hectare
2021,61,Maïs grain,zea_mays,grain_corn,"93,0",quintal_per_hectare
2022,61,Maïs grain,zea_mays,grain_corn,"65,4",quintal_per_hectare
2023,61,Maïs grain,zea_mays,grain_corn,"90,1",quintal_per_hectare
2024,61,Maïs grain,zea_mays,grain_corn,"80,2",quintal_per_hectare
2025,61,Maïs grain,zea_mays,grain_corn,"87,0",quintal_per_hectare
2021,62,Maïs grain,zea_mays,grain_corn,"104,6",quintal_per_hectare
2022,62,Maïs grain,zea_mays,grain_corn,"85,0",quintal_per_hectare
2023,62,Maïs grain,zea_mays,grain_corn,"105,0",quintal_per_hectare
2024,62,Maïs grain,zea_mays,grain_corn,"103,0",quintal_per_hectare
2025,62,Maïs grain,zea_mays,grain_corn,"105,0",quintal_per_hectare
2021,63,Maïs grain,zea_mays,grain_corn,"101,4",quintal_per_hectare
2022,63,Maïs grain,zea_mays,grain_corn,"64,7",quintal_per_hectare
2023,63,Maïs grain,zea_mays,grain_corn,"75,8",quintal_per_hectare
2024,63,Maïs grain,zea_mays,grain_corn,"78,8",quintal_per_hectare
2025,63,Maïs grain,zea_mays,grain_corn,"58,3",quintal_per_hectare
2021,64,Maïs grain,zea_mays,grain_corn,"110,0",quintal_per_hectare
2022,64,Maïs grain,zea_mays,grain_corn,"70,5",quintal_per_hectare
2023,64,Maïs grain,zea_mays,grain_corn,"107,2",quintal_per_hectare
2024,64,Maïs grain,zea_mays,grain_corn,"94,1",quintal_per_hectare
2025,64,Maïs grain,zea_mays,grain_corn,"69,0",quintal_per_hectare
2021,65,Maïs grain,zea_mays,grain_corn,"115,3",quintal_per_hectare
2022,65,Maïs grain,zea_mays,grain_corn,"80,9",quintal_per_hectare
2023,65,Maïs grain,zea_mays,grain_corn,"118,6",quintal_per_hectare
2024,65,Maïs grain,zea_mays,grain_corn,"108,9",quintal_per_hectare
2025,65,Maïs grain,zea_mays,grain_corn,"91,7",quintal_per_hectare
2021,66,Maïs grain,zea_mays,grain_corn,"74,0",quintal_per_hectare
2022,66,Maïs grain,zea_mays,grain_corn,"47,6",quintal_per_hectare
2023,66,Maïs grain,zea_mays,grain_corn,"49,9",quintal_per_hectare
2024,66,Maïs grain,zea_mays,grain_corn,"65,0",quintal_per_hectare
2025,66,Maïs grain,zea_mays,grain_corn,"35,9",quintal_per_hectare
2021,67,Maïs grain,zea_mays,grain_corn,"113,5",quintal_per_hectare
2022,67,Maïs grain,zea_mays,grain_corn,"97,8",quintal_per_hectare
2023,67,Maïs grain,zea_mays,grain_corn,"105,0",quintal_per_hectare
2024,67,Maïs grain,zea_mays,grain_corn,"120,7",quintal_per_hectare
2025,67,Maïs grain,zea_mays,grain_corn,"117,4",quintal_per_hectare
2021,68,Maïs grain,zea_mays,grain_corn,"120,9",quintal_per_hectare
2022,68,Maïs grain,zea_mays,grain_corn,"118,1",quintal_per_hectare
2023,68,Maïs grain,zea_mays,grain_corn,"123,5",quintal_per_hectare
2024,68,Maïs grain,zea_mays,grain_corn,"130,7",quintal_per_hectare
2025,68,Maïs grain,zea_mays,grain_corn,"130,9",quintal_per_hectare
2021,69,Maïs grain,zea_mays,grain_corn,"114,2",quintal_per_hectare
2022,69,Maïs grain,zea_mays,grain_corn,"80,4",quintal_per_hectare
2023,69,Maïs grain,zea_mays,grain_corn,"100,0",quintal_per_hectare
2024,69,Maïs grain,zea_mays,grain_corn,"105,3",quintal_per_hectare
2025,69,Maïs grain,zea_mays,grain_corn,"86,4",quintal_per_hectare
2021,70,Maïs grain,zea_mays,grain_corn,"93,1",quintal_per_hectare
2022,70,Maïs grain,zea_mays,grain_corn,"62,2",quintal_per_hectare
2023,70,Maïs grain,zea_mays,grain_corn,"87,3",quintal_per_hectare
2024,70,Maïs grain,zea_mays,grain_corn,"79,3",quintal_per_hectare
2025,70,Maïs grain,zea_mays,grain_corn,"91,1",quintal_per_hectare
2021,71,Maïs grain,zea_mays,grain_corn,"98,4",quintal_per_hectare
2022,71,Maïs grain,zea_mays,grain_corn,"74,9",quintal_per_hectare
2023,71,Maïs grain,zea_mays,grain_corn,"102,5",quintal_per_hectare
2024,71,Maïs grain,zea_mays,grain_corn,"99,3",quintal_per_hectare
2025,71,Maïs grain,zea_mays,grain_corn,"77,9",quintal_per_hectare
2021,72,Maïs grain,zea_mays,grain_corn,"98,7",quintal_per_hectare
2022,72,Maïs grain,zea_mays,grain_corn,"70,0",quintal_per_hectare
2023,72,Maïs grain,zea_mays,grain_corn,"105,5",quintal_per_hectare
2024,72,Maïs grain,zea_mays,grain_corn,"88,7",quintal_per_hectare
2025,72,Maïs grain,zea_mays,grain_corn,"73,4",quintal_per_hectare
2021,73,Maïs grain,zea_mays,grain_corn,"116,0",quintal_per_hectare
2022,73,Maïs grain,zea_mays,grain_corn,"73,7",quintal_per_hectare
2023,73,Maïs grain,zea_mays,grain_corn,"89,9",quintal_per_hectare
2024,73,Maïs grain,zea_mays,grain_corn,"100,3",quintal_per_hectare
2025,73,Maïs grain,zea_mays,grain_corn,"87,4",quintal_per_hectare
2021,74,Maïs grain,zea_mays,grain_corn,"100,2",quintal_per_hectare
2022,74,Maïs grain,zea_mays,grain_corn,"73,6",quintal_per_hectare
2023,74,Maïs grain,zea_mays,grain_corn,"81,2",quintal_per_hectare
2024,74,Maïs grain,zea_mays,grain_corn,"95,3",quintal_per_hectare
2025,74,Maïs grain,zea_mays,grain_corn,"84,4",quintal_per_hectare
2021,76,Maïs grain,zea_mays,grain_corn,"78,0",quintal_per_hectare
2022,76,Maïs grain,zea_mays,grain_corn,"75,0",quintal_per_hectare
2023,76,Maïs grain,zea_mays,grain_corn,"100,0",quintal_per_hectare
2024,76,Maïs grain,zea_mays,grain_corn,"79,0",quintal_per_hectare
2025,76,Maïs grain,zea_mays,grain_corn,"104,0",quintal_per_hectare
2021,77,Maïs grain,zea_mays,grain_corn,"109,6",quintal_per_hectare
2022,77,Maïs grain,zea_mays,grain_corn,"86,5",quintal_per_hectare
2023,77,Maïs grain,zea_mays,grain_corn,"109,0",quintal_per_hectare
2024,77,Maïs grain,zea_mays,grain_corn,"97,1",quintal_per_hectare
2025,77,Maïs grain,zea_mays,grain_corn,"102,8",quintal_per_hectare
2021,78,Maïs grain,zea_mays,grain_corn,"100,4",quintal_per_hectare
2022,78,Maïs grain,zea_mays,grain_corn,"71,7",quintal_per_hectare
2023,78,Maïs grain,zea_mays,grain_corn,"102,4",quintal_per_hectare
2024,78,Maïs grain,zea_mays,grain_corn,"92,0",quintal_per_hectare
2025,78,Maïs grain,zea_mays,grain_corn,"102,4",quintal_per_hectare
2021,79,Maïs grain,zea_mays,grain_corn,"92,2",quintal_per_hectare
2022,79,Maïs grain,zea_mays,grain_corn,"48,6",quintal_per_hectare
2023,79,Maïs grain,zea_mays,grain_corn,"81,9",quintal_per_hectare
2024,79,Maïs grain,zea_mays,grain_corn,"68,9",quintal_per_hectare
2025,79,Maïs grain,zea_mays,grain_corn,"53,3",quintal_per_hectare
2021,80,Maïs grain,zea_mays,grain_corn,"105,0",quintal_per_hectare
2022,80,Maïs grain,zea_mays,grain_corn,"76,6",quintal_per_hectare
2023,80,Maïs grain,zea_mays,grain_corn,"100,0",quintal_per_hectare
2024,80,Maïs grain,zea_mays,grain_corn,"91,0",quintal_per_hectare
2025,80,Maïs grain,zea_mays,grain_corn,"100,0",quintal_per_hectare
2021,81,Maïs grain,zea_mays,grain_corn,"160,7",quintal_per_hectare
2022,81,Maïs grain,zea_mays,grain_corn,"49,8",quintal_per_hectare
2023,81,Maïs grain,zea_mays,grain_corn,"81,7",quintal_per_hectare
2024,81,Maïs grain,zea_mays,grain_corn,"89,5",quintal_per_hectare
2025,81,Maïs grain,zea_mays,grain_corn,"74,8",quintal_per_hectare
2021,82,Maïs grain,zea_mays,grain_corn,"114,1",quintal_per_hectare
2022,82,Maïs grain,zea_mays,grain_corn,"65,5",quintal_per_hectare
2023,82,Maïs grain,zea_mays,grain_corn,"85,0",quintal_per_hectare
2024,82,Maïs grain,zea_mays,grain_corn,"86,2",quintal_per_hectare
2025,82,Maïs grain,zea_mays,grain_corn,"82,6",quintal_per_hectare
2021,83,Maïs grain,zea_mays,grain_corn,"96,6",quintal_per_hectare
2022,83,Maïs grain,zea_mays,grain_corn,"70,1",quintal_per_hectare
2023,83,Maïs grain,zea_mays,grain_corn,"66,7",quintal_per_hectare
2024,83,Maïs grain,zea_mays,grain_corn,"60,0",quintal_per_hectare
2025,83,Maïs grain,zea_mays,grain_corn,"59,9",quintal_per_hectare
2021,84,Maïs grain,zea_mays,grain_corn,"80,0",quintal_per_hectare
2022,84,Maïs grain,zea_mays,grain_corn,"55,1",quintal_per_hectare
2023,84,Maïs grain,zea_mays,grain_corn,"57,5",quintal_per_hectare
2024,84,Maïs grain,zea_mays,grain_corn,"88,4",quintal_per_hectare
2025,84,Maïs grain,zea_mays,grain_corn,"70,1",quintal_per_hectare
2021,85,Maïs grain,zea_mays,grain_corn,"105,8",quintal_per_hectare
2022,85,Maïs grain,zea_mays,grain_corn,"61,7",quintal_per_hectare
2023,85,Maïs grain,zea_mays,grain_corn,"94,3",quintal_per_hectare
2024,85,Maïs grain,zea_mays,grain_corn,"97,8",quintal_per_hectare
2025,85,Maïs grain,zea_mays,grain_corn,"73,7",quintal_per_hectare
2021,86,Maïs grain,zea_mays,grain_corn,"89,8",quintal_per_hectare
2022,86,Maïs grain,zea_mays,grain_corn,"62,3",quintal_per_hectare
2023,86,Maïs grain,zea_mays,grain_corn,"90,3",quintal_per_hectare
2024,86,Maïs grain,zea_mays,grain_corn,"75,1",quintal_per_hectare
2025,86,Maïs grain,zea_mays,grain_corn,"57,6",quintal_per_hectare
2021,87,Maïs grain,zea_mays,grain_corn,"85,9",quintal_per_hectare
2022,87,Maïs grain,zea_mays,grain_corn,"52,4",quintal_per_hectare
2023,87,Maïs grain,zea_mays,grain_corn,"82,7",quintal_per_hectare
2024,87,Maïs grain,zea_mays,grain_corn,"56,2",quintal_per_hectare
2025,87,Maïs grain,zea_mays,grain_corn,"50,0",quintal_per_hectare
2021,88,Maïs grain,zea_mays,grain_corn,"80,0",quintal_per_hectare
2022,88,Maïs grain,zea_mays,grain_corn,"24,5",quintal_per_hectare
2023,88,Maïs grain,zea_mays,grain_corn,"60,0",quintal_per_hectare
2024,88,Maïs grain,zea_mays,grain_corn,"80,0",quintal_per_hectare
2025,88,Maïs grain,zea_mays,grain_corn,"86,0",quintal_per_hectare
2021,89,Maïs grain,zea_mays,grain_corn,"90,2",quintal_per_hectare
2022,89,Maïs grain,zea_mays,grain_corn,"77,3",quintal_per_hectare
2023,89,Maïs grain,zea_mays,grain_corn,"96,2",quintal_per_hectare
2024,89,Maïs grain,zea_mays,grain_corn,"75,4",quintal_per_hectare
2025,89,Maïs grain,zea_mays,grain_corn,"77,0",quintal_per_hectare
2021,90,Maïs grain,zea_mays,grain_corn,"93,0",quintal_per_hectare
2022,90,Maïs grain,zea_mays,grain_corn,"62,0",quintal_per_hectare
2023,90,Maïs grain,zea_mays,grain_corn,"87,0",quintal_per_hectare
2024,90,Maïs grain,zea_mays,grain_corn,"105,0",quintal_per_hectare
2025,90,Maïs grain,zea_mays,grain_corn,"91,0",quintal_per_hectare
2021,91,Maïs grain,zea_mays,grain_corn,"105,0",quintal_per_hectare
2022,91,Maïs grain,zea_mays,grain_corn,"87,9",quintal_per_hectare
2023,91,Maïs grain,zea_mays,grain_corn,"97,5",quintal_per_hectare
2024,91,Maïs grain,zea_mays,grain_corn,"105,6",quintal_per_hectare
2025,91,Maïs grain,zea_mays,grain_corn,"113,1",quintal_per_hectare
2021,93,Maïs grain,zea_mays,grain_corn,"105,0",quintal_per_hectare
2022,93,Maïs grain,zea_mays,grain_corn,"71,0",quintal_per_hectare
2023,93,Maïs grain,zea_mays,grain_corn,"109,0",quintal_per_hectare
2024,93,Maïs grain,zea_mays,grain_corn,"95,3",quintal_per_hectare
2025,93,Maïs grain,zea_mays,grain_corn,"112,0",quintal_per_hectare
2021,94,Maïs grain,zea_mays,grain_corn,"104,0",quintal_per_hectare
2022,94,Maïs grain,zea_mays,grain_corn,"85,0",quintal_per_hectare
2023,94,Maïs grain,zea_mays,grain_corn,"97,3",quintal_per_hectare
2024,94,Maïs grain,zea_mays,grain_corn,"101,6",quintal_per_hectare
2025,94,Maïs grain,zea_mays,grain_corn,"112,8",quintal_per_hectare
2021,95,Maïs grain,zea_mays,grain_corn,"105,0",quintal_per_hectare
2022,95,Maïs grain,zea_mays,grain_corn,"71,0",quintal_per_hectare
2023,95,Maïs grain,zea_mays,grain_corn,"108,6",quintal_per_hectare
2024,95,Maïs grain,zea_mays,grain_corn,"95,5",quintal_per_hectare
2025,95,Maïs grain,zea_mays,grain_corn,"112,4",quintal_per_hectare
2021,01,Orge d'hiver,hordeum_vulgare,winter_barley,"66,0",quintal_per_hectare
2022,01,Orge d'hiver,hordeum_vulgare,winter_barley,"61,0",quintal_per_hectare
2023,01,Orge d'hiver,hordeum_vulgare,winter_barley,"64,0",quintal_per_hectare
2024,01,Orge d'hiver,hordeum_vulgare,winter_barley,"46,0",quintal_per_hectare
2025,01,Orge d'hiver,hordeum_vulgare,winter_barley,"60,0",quintal_per_hectare
2021,02,Orge d'hiver,hordeum_vulgare,winter_barley,"81,0",quintal_per_hectare
2022,02,Orge d'hiver,hordeum_vulgare,winter_barley,"83,0",quintal_per_hectare
2023,02,Orge d'hiver,hordeum_vulgare,winter_barley,"88,0",quintal_per_hectare
2024,02,Orge d'hiver,hordeum_vulgare,winter_barley,"58,0",quintal_per_hectare
2025,02,Orge d'hiver,hordeum_vulgare,winter_barley,"85,0",quintal_per_hectare
2021,03,Orge d'hiver,hordeum_vulgare,winter_barley,"57,0",quintal_per_hectare
2022,03,Orge d'hiver,hordeum_vulgare,winter_barley,"44,0",quintal_per_hectare
2023,03,Orge d'hiver,hordeum_vulgare,winter_barley,"57,0",quintal_per_hectare
2024,03,Orge d'hiver,hordeum_vulgare,winter_barley,"42,0",quintal_per_hectare
2025,03,Orge d'hiver,hordeum_vulgare,winter_barley,"56,0",quintal_per_hectare
2021,04,Orge d'hiver,hordeum_vulgare,winter_barley,"47,7",quintal_per_hectare
2022,04,Orge d'hiver,hordeum_vulgare,winter_barley,"30,2",quintal_per_hectare
2023,04,Orge d'hiver,hordeum_vulgare,winter_barley,"34,9",quintal_per_hectare
2024,04,Orge d'hiver,hordeum_vulgare,winter_barley,"49,0",quintal_per_hectare
2025,04,Orge d'hiver,hordeum_vulgare,winter_barley,"49,0",quintal_per_hectare
2021,05,Orge d'hiver,hordeum_vulgare,winter_barley,"48,1",quintal_per_hectare
2022,05,Orge d'hiver,hordeum_vulgare,winter_barley,"38,0",quintal_per_hectare
2023,05,Orge d'hiver,hordeum_vulgare,winter_barley,"40,1",quintal_per_hectare
2024,05,Orge d'hiver,hordeum_vulgare,winter_barley,"52,7",quintal_per_hectare
2025,05,Orge d'hiver,hordeum_vulgare,winter_barley,"52,8",quintal_per_hectare
2021,06,Orge d'hiver,hordeum_vulgare,winter_barley,"30,0",quintal_per_hectare
2023,06,Orge d'hiver,hordeum_vulgare,winter_barley,"33,3",quintal_per_hectare
2024,06,Orge d'hiver,hordeum_vulgare,winter_barley,"38,0",quintal_per_hectare
2025,06,Orge d'hiver,hordeum_vulgare,winter_barley,"38,0",quintal_per_hectare
2021,07,Orge d'hiver,hordeum_vulgare,winter_barley,"40,0",quintal_per_hectare
2022,07,Orge d'hiver,hordeum_vulgare,winter_barley,"43,0",quintal_per_hectare
2023,07,Orge d'hiver,hordeum_vulgare,winter_barley,"47,0",quintal_per_hectare
2024,07,Orge d'hiver,hordeum_vulgare,winter_barley,"42,0",quintal_per_hectare
2025,07,Orge d'hiver,hordeum_vulgare,winter_barley,"48,0",quintal_per_hectare
2021,08,Orge d'hiver,hordeum_vulgare,winter_barley,"77,0",quintal_per_hectare
2022,08,Orge d'hiver,hordeum_vulgare,winter_barley,"81,0",quintal_per_hectare
2023,08,Orge d'hiver,hordeum_vulgare,winter_barley,"80,0",quintal_per_hectare
2024,08,Orge d'hiver,hordeum_vulgare,winter_barley,"58,0",quintal_per_hectare
2025,08,Orge d'hiver,hordeum_vulgare,winter_barley,"78,0",quintal_per_hectare
2021,09,Orge d'hiver,hordeum_vulgare,winter_barley,"50,0",quintal_per_hectare
2022,09,Orge d'hiver,hordeum_vulgare,winter_barley,"46,0",quintal_per_hectare
2023,09,Orge d'hiver,hordeum_vulgare,winter_barley,"50,0",quintal_per_hectare
2024,09,Orge d'hiver,hordeum_vulgare,winter_barley,"55,0",quintal_per_hectare
2025,09,Orge d'hiver,hordeum_vulgare,winter_barley,"56,0",quintal_per_hectare
2021,10,Orge d'hiver,hordeum_vulgare,winter_barley,"76,0",quintal_per_hectare
2022,10,Orge d'hiver,hordeum_vulgare,winter_barley,"76,0",quintal_per_hectare
2023,10,Orge d'hiver,hordeum_vulgare,winter_barley,"65,0",quintal_per_hectare
2024,10,Orge d'hiver,hordeum_vulgare,winter_barley,"60,0",quintal_per_hectare
2025,10,Orge d'hiver,hordeum_vulgare,winter_barley,"78,0",quintal_per_hectare
2021,11,Orge d'hiver,hordeum_vulgare,winter_barley,"48,0",quintal_per_hectare
2022,11,Orge d'hiver,hordeum_vulgare,winter_barley,"40,0",quintal_per_hectare
2023,11,Orge d'hiver,hordeum_vulgare,winter_barley,"44,0",quintal_per_hectare
2024,11,Orge d'hiver,hordeum_vulgare,winter_barley,"40,0",quintal_per_hectare
2025,11,Orge d'hiver,hordeum_vulgare,winter_barley,"44,0",quintal_per_hectare
2021,12,Orge d'hiver,hordeum_vulgare,winter_barley,"50,0",quintal_per_hectare
2022,12,Orge d'hiver,hordeum_vulgare,winter_barley,"35,0",quintal_per_hectare
2023,12,Orge d'hiver,hordeum_vulgare,winter_barley,"50,0",quintal_per_hectare
2024,12,Orge d'hiver,hordeum_vulgare,winter_barley,"48,0",quintal_per_hectare
2025,12,Orge d'hiver,hordeum_vulgare,winter_barley,"49,5",quintal_per_hectare
2021,13,Orge d'hiver,hordeum_vulgare,winter_barley,"43,9",quintal_per_hectare
2022,13,Orge d'hiver,hordeum_vulgare,winter_barley,"30,0",quintal_per_hectare
2023,13,Orge d'hiver,hordeum_vulgare,winter_barley,"32,0",quintal_per_hectare
2024,13,Orge d'hiver,hordeum_vulgare,winter_barley,"40,7",quintal_per_hectare
2025,13,Orge d'hiver,hordeum_vulgare,winter_barley,"41,5",quintal_per_hectare
2021,14,Orge d'hiver,hordeum_vulgare,winter_barley,"74,0",quintal_per_hectare
2022,14,Orge d'hiver,hordeum_vulgare,winter_barley,"78,0",quintal_per_hectare
2023,14,Orge d'hiver,hordeum_vulgare,winter_barley,"83,0",quintal_per_hectare
2024,14,Orge d'hiver,hordeum_vulgare,winter_barley,"68,0",quintal_per_hectare
2025,14,Orge d'hiver,hordeum_vulgare,winter_barley,"68,0",quintal_per_hectare
2021,15,Orge d'hiver,hordeum_vulgare,winter_barley,"57,0",quintal_per_hectare
2022,15,Orge d'hiver,hordeum_vulgare,winter_barley,"48,0",quintal_per_hectare
2023,15,Orge d'hiver,hordeum_vulgare,winter_barley,"57,0",quintal_per_hectare
2024,15,Orge d'hiver,hordeum_vulgare,winter_barley,"45,0",quintal_per_hectare
2025,15,Orge d'hiver,hordeum_vulgare,winter_barley,"57,0",quintal_per_hectare
2021,16,Orge d'hiver,hordeum_vulgare,winter_barley,"55,0",quintal_per_hectare
2022,16,Orge d'hiver,hordeum_vulgare,winter_barley,"49,0",quintal_per_hectare
2023,16,Orge d'hiver,hordeum_vulgare,winter_barley,"64,0",quintal_per_hectare
2024,16,Orge d'hiver,hordeum_vulgare,winter_barley,"50,0",quintal_per_hectare
2025,16,Orge d'hiver,hordeum_vulgare,winter_barley,"63,0",quintal_per_hectare
2021,17,Orge d'hiver,hordeum_vulgare,winter_barley,"61,0",quintal_per_hectare
2022,17,Orge d'hiver,hordeum_vulgare,winter_barley,"52,0",quintal_per_hectare
2023,17,Orge d'hiver,hordeum_vulgare,winter_barley,"70,0",quintal_per_hectare
2024,17,Orge d'hiver,hordeum_vulgare,winter_barley,"54,0",quintal_per_hectare
2025,17,Orge d'hiver,hordeum_vulgare,winter_barley,"70,0",quintal_per_hectare
2021,18,Orge d'hiver,hordeum_vulgare,winter_barley,"66,0",quintal_per_hectare
2022,18,Orge d'hiver,hordeum_vulgare,winter_barley,"56,0",quintal_per_hectare
2023,18,Orge d'hiver,hordeum_vulgare,winter_barley,"68,0",quintal_per_hectare
2024,18,Orge d'hiver,hordeum_vulgare,winter_barley,"51,0",quintal_per_hectare
2025,18,Orge d'hiver,hordeum_vulgare,winter_barley,"67,0",quintal_per_hectare
2021,19,Orge d'hiver,hordeum_vulgare,winter_barley,"49,0",quintal_per_hectare
2022,19,Orge d'hiver,hordeum_vulgare,winter_barley,"49,0",quintal_per_hectare
2023,19,Orge d'hiver,hordeum_vulgare,winter_barley,"52,0",quintal_per_hectare
2024,19,Orge d'hiver,hordeum_vulgare,winter_barley,"40,0",quintal_per_hectare
2025,19,Orge d'hiver,hordeum_vulgare,winter_barley,"52,0",quintal_per_hectare
2021,2A,Orge d'hiver,hordeum_vulgare,winter_barley,"55,0",quintal_per_hectare
2022,2A,Orge d'hiver,hordeum_vulgare,winter_barley,"55,0",quintal_per_hectare
2023,2A,Orge d'hiver,hordeum_vulgare,winter_barley,"40,0",quintal_per_hectare
2024,2A,Orge d'hiver,hordeum_vulgare,winter_barley,"40,0",quintal_per_hectare
2025,2A,Orge d'hiver,hordeum_vulgare,winter_barley,"40,0",quintal_per_hectare
2021,21,Orge d'hiver,hordeum_vulgare,winter_barley,"63,0",quintal_per_hectare
2022,21,Orge d'hiver,hordeum_vulgare,winter_barley,"57,0",quintal_per_hectare
2023,21,Orge d'hiver,hordeum_vulgare,winter_barley,"57,0",quintal_per_hectare
2024,21,Orge d'hiver,hordeum_vulgare,winter_barley,"50,0",quintal_per_hectare
2025,21,Orge d'hiver,hordeum_vulgare,winter_barley,"65,0",quintal_per_hectare
2021,2B,Orge d'hiver,hordeum_vulgare,winter_barley,"55,0",quintal_per_hectare
2022,2B,Orge d'hiver,hordeum_vulgare,winter_barley,"55,0",quintal_per_hectare
2023,2B,Orge d'hiver,hordeum_vulgare,winter_barley,"40,0",quintal_per_hectare
2024,2B,Orge d'hiver,hordeum_vulgare,winter_barley,"40,0",quintal_per_hectare
2025,2B,Orge d'hiver,hordeum_vulgare,winter_barley,"40,0",quintal_per_hectare
2021,22,Orge d'hiver,hordeum_vulgare,winter_barley,"66,7",quintal_per_hectare
2022,22,Orge d'hiver,hordeum_vulgare,winter_barley,"71,5",quintal_per_hectare
2023,22,Orge d'hiver,hordeum_vulgare,winter_barley,"71,1",quintal_per_hectare
2024,22,Orge d'hiver,hordeum_vulgare,winter_barley,"67,0",quintal_per_hectare
2025,22,Orge d'hiver,hordeum_vulgare,winter_barley,"74,3",quintal_per_hectare
2021,23,Orge d'hiver,hordeum_vulgare,winter_barley,"58,0",quintal_per_hectare
2022,23,Orge d'hiver,hordeum_vulgare,winter_barley,"51,0",quintal_per_hectare
2023,23,Orge d'hiver,hordeum_vulgare,winter_barley,"60,0",quintal_per_hectare
2024,23,Orge d'hiver,hordeum_vulgare,winter_barley,"41,0",quintal_per_hectare
2025,23,Orge d'hiver,hordeum_vulgare,winter_barley,"58,0",quintal_per_hectare
2021,24,Orge d'hiver,hordeum_vulgare,winter_barley,"51,0",quintal_per_hectare
2022,24,Orge d'hiver,hordeum_vulgare,winter_barley,"46,0",quintal_per_hectare
2023,24,Orge d'hiver,hordeum_vulgare,winter_barley,"54,0",quintal_per_hectare
2024,24,Orge d'hiver,hordeum_vulgare,winter_barley,"36,0",quintal_per_hectare
2025,24,Orge d'hiver,hordeum_vulgare,winter_barley,"55,0",quintal_per_hectare
2021,25,Orge d'hiver,hordeum_vulgare,winter_barley,"56,0",quintal_per_hectare
2022,25,Orge d'hiver,hordeum_vulgare,winter_barley,"57,0",quintal_per_hectare
2023,25,Orge d'hiver,hordeum_vulgare,winter_barley,"59,0",quintal_per_hectare
2024,25,Orge d'hiver,hordeum_vulgare,winter_barley,"45,0",quintal_per_hectare
2025,25,Orge d'hiver,hordeum_vulgare,winter_barley,"61,0",quintal_per_hectare
2021,26,Orge d'hiver,hordeum_vulgare,winter_barley,"54,0",quintal_per_hectare
2022,26,Orge d'hiver,hordeum_vulgare,winter_barley,"43,0",quintal_per_hectare
2023,26,Orge d'hiver,hordeum_vulgare,winter_barley,"45,0",quintal_per_hectare
2024,26,Orge d'hiver,hordeum_vulgare,winter_barley,"47,0",quintal_per_hectare
2025,26,Orge d'hiver,hordeum_vulgare,winter_barley,"53,0",quintal_per_hectare
2021,27,Orge d'hiver,hordeum_vulgare,winter_barley,"83,0",quintal_per_hectare
2022,27,Orge d'hiver,hordeum_vulgare,winter_barley,"85,0",quintal_per_hectare
2023,27,Orge d'hiver,hordeum_vulgare,winter_barley,"88,6",quintal_per_hectare
2024,27,Orge d'hiver,hordeum_vulgare,winter_barley,"73,0",quintal_per_hectare
2025,27,Orge d'hiver,hordeum_vulgare,winter_barley,"74,0",quintal_per_hectare
2021,28,Orge d'hiver,hordeum_vulgare,winter_barley,"84,0",quintal_per_hectare
2022,28,Orge d'hiver,hordeum_vulgare,winter_barley,"82,0",quintal_per_hectare
2023,28,Orge d'hiver,hordeum_vulgare,winter_barley,"84,0",quintal_per_hectare
2024,28,Orge d'hiver,hordeum_vulgare,winter_barley,"65,0",quintal_per_hectare
2025,28,Orge d'hiver,hordeum_vulgare,winter_barley,"76,0",quintal_per_hectare
2021,29,Orge d'hiver,hordeum_vulgare,winter_barley,"71,7",quintal_per_hectare
2022,29,Orge d'hiver,hordeum_vulgare,winter_barley,"70,6",quintal_per_hectare
2023,29,Orge d'hiver,hordeum_vulgare,winter_barley,"74,1",quintal_per_hectare
2024,29,Orge d'hiver,hordeum_vulgare,winter_barley,"68,5",quintal_per_hectare
2025,29,Orge d'hiver,hordeum_vulgare,winter_barley,"72,9",quintal_per_hectare
2021,30,Orge d'hiver,hordeum_vulgare,winter_barley,"43,0",quintal_per_hectare
2022,30,Orge d'hiver,hordeum_vulgare,winter_barley,"40,0",quintal_per_hectare
2023,30,Orge d'hiver,hordeum_vulgare,winter_barley,"35,0",quintal_per_hectare
2024,30,Orge d'hiver,hordeum_vulgare,winter_barley,"46,0",quintal_per_hectare
2025,30,Orge d'hiver,hordeum_vulgare,winter_barley,"38,0",quintal_per_hectare
2021,31,Orge d'hiver,hordeum_vulgare,winter_barley,"45,0",quintal_per_hectare
2022,31,Orge d'hiver,hordeum_vulgare,winter_barley,"42,0",quintal_per_hectare
2023,31,Orge d'hiver,hordeum_vulgare,winter_barley,"52,0",quintal_per_hectare
2024,31,Orge d'hiver,hordeum_vulgare,winter_barley,"47,0",quintal_per_hectare
2025,31,Orge d'hiver,hordeum_vulgare,winter_barley,"50,0",quintal_per_hectare
2021,32,Orge d'hiver,hordeum_vulgare,winter_barley,"45,0",quintal_per_hectare
2022,32,Orge d'hiver,hordeum_vulgare,winter_barley,"41,0",quintal_per_hectare
2023,32,Orge d'hiver,hordeum_vulgare,winter_barley,"50,0",quintal_per_hectare
2024,32,Orge d'hiver,hordeum_vulgare,winter_barley,"40,0",quintal_per_hectare
2025,32,Orge d'hiver,hordeum_vulgare,winter_barley,"52,0",quintal_per_hectare
2021,33,Orge d'hiver,hordeum_vulgare,winter_barley,"50,0",quintal_per_hectare
2022,33,Orge d'hiver,hordeum_vulgare,winter_barley,"48,0",quintal_per_hectare
2023,33,Orge d'hiver,hordeum_vulgare,winter_barley,"54,0",quintal_per_hectare
2024,33,Orge d'hiver,hordeum_vulgare,winter_barley,"38,0",quintal_per_hectare
2025,33,Orge d'hiver,hordeum_vulgare,winter_barley,"49,0",quintal_per_hectare
2021,34,Orge d'hiver,hordeum_vulgare,winter_barley,"35,0",quintal_per_hectare
2022,34,Orge d'hiver,hordeum_vulgare,winter_barley,"34,0",quintal_per_hectare
2023,34,Orge d'hiver,hordeum_vulgare,winter_barley,"27,0",quintal_per_hectare
2024,34,Orge d'hiver,hordeum_vulgare,winter_barley,"48,0",quintal_per_hectare
2025,34,Orge d'hiver,hordeum_vulgare,winter_barley,"47,0",quintal_per_hectare
2021,35,Orge d'hiver,hordeum_vulgare,winter_barley,"71,3",quintal_per_hectare
2022,35,Orge d'hiver,hordeum_vulgare,winter_barley,"67,6",quintal_per_hectare
2023,35,Orge d'hiver,hordeum_vulgare,winter_barley,"70,9",quintal_per_hectare
2024,35,Orge d'hiver,hordeum_vulgare,winter_barley,"59,0",quintal_per_hectare
2025,35,Orge d'hiver,hordeum_vulgare,winter_barley,"71,3",quintal_per_hectare
2021,36,Orge d'hiver,hordeum_vulgare,winter_barley,"71,0",quintal_per_hectare
2022,36,Orge d'hiver,hordeum_vulgare,winter_barley,"57,0",quintal_per_hectare
2023,36,Orge d'hiver,hordeum_vulgare,winter_barley,"69,0",quintal_per_hectare
2024,36,Orge d'hiver,hordeum_vulgare,winter_barley,"49,5",quintal_per_hectare
2025,36,Orge d'hiver,hordeum_vulgare,winter_barley,"66,0",quintal_per_hectare
2021,37,Orge d'hiver,hordeum_vulgare,winter_barley,"67,0",quintal_per_hectare
2022,37,Orge d'hiver,hordeum_vulgare,winter_barley,"61,0",quintal_per_hectare
2023,37,Orge d'hiver,hordeum_vulgare,winter_barley,"74,0",quintal_per_hectare
2024,37,Orge d'hiver,hordeum_vulgare,winter_barley,"52,0",quintal_per_hectare
2025,37,Orge d'hiver,hordeum_vulgare,winter_barley,"64,0",quintal_per_hectare
2021,38,Orge d'hiver,hordeum_vulgare,winter_barley,"63,0",quintal_per_hectare
2022,38,Orge d'hiver,hordeum_vulgare,winter_barley,"52,0",quintal_per_hectare
2023,38,Orge d'hiver,hordeum_vulgare,winter_barley,"53,0",quintal_per_hectare
2024,38,Orge d'hiver,hordeum_vulgare,winter_barley,"51,0",quintal_per_hectare
2025,38,Orge d'hiver,hordeum_vulgare,winter_barley,"62,0",quintal_per_hectare
2021,39,Orge d'hiver,hordeum_vulgare,winter_barley,"62,0",quintal_per_hectare
2022,39,Orge d'hiver,hordeum_vulgare,winter_barley,"65,0",quintal_per_hectare
2023,39,Orge d'hiver,hordeum_vulgare,winter_barley,"64,0",quintal_per_hectare
2024,39,Orge d'hiver,hordeum_vulgare,winter_barley,"47,0",quintal_per_hectare
2025,39,Orge d'hiver,hordeum_vulgare,winter_barley,"65,0",quintal_per_hectare
2021,40,Orge d'hiver,hordeum_vulgare,winter_barley,"51,0",quintal_per_hectare
2022,40,Orge d'hiver,hordeum_vulgare,winter_barley,"51,0",quintal_per_hectare
2023,40,Orge d'hiver,hordeum_vulgare,winter_barley,"57,0",quintal_per_hectare
2024,40,Orge d'hiver,hordeum_vulgare,winter_barley,"38,0",quintal_per_hectare
2025,40,Orge d'hiver,hordeum_vulgare,winter_barley,"49,0",quintal_per_hectare
2021,41,Orge d'hiver,hordeum_vulgare,winter_barley,"74,0",quintal_per_hectare
2022,41,Orge d'hiver,hordeum_vulgare,winter_barley,"68,0",quintal_per_hectare
2023,41,Orge d'hiver,hordeum_vulgare,winter_barley,"79,0",quintal_per_hectare
2024,41,Orge d'hiver,hordeum_vulgare,winter_barley,"59,0",quintal_per_hectare
2025,41,Orge d'hiver,hordeum_vulgare,winter_barley,"71,0",quintal_per_hectare
2021,42,Orge d'hiver,hordeum_vulgare,winter_barley,"56,0",quintal_per_hectare
2022,42,Orge d'hiver,hordeum_vulgare,winter_barley,"40,0",quintal_per_hectare
2023,42,Orge d'hiver,hordeum_vulgare,winter_barley,"57,0",quintal_per_hectare
2024,42,Orge d'hiver,hordeum_vulgare,winter_barley,"51,0",quintal_per_hectare
2025,42,Orge d'hiver,hordeum_vulgare,winter_barley,"55,0",quintal_per_hectare
2021,43,Orge d'hiver,hordeum_vulgare,winter_barley,"55,0",quintal_per_hectare
2022,43,Orge d'hiver,hordeum_vulgare,winter_barley,"38,0",quintal_per_hectare
2023,43,Orge d'hiver,hordeum_vulgare,winter_barley,"57,0",quintal_per_hectare
2024,43,Orge d'hiver,hordeum_vulgare,winter_barley,"51,0",quintal_per_hectare
2025,43,Orge d'hiver,hordeum_vulgare,winter_barley,"52,0",quintal_per_hectare
2021,44,Orge d'hiver,hordeum_vulgare,winter_barley,"70,0",quintal_per_hectare
2022,44,Orge d'hiver,hordeum_vulgare,winter_barley,"66,2",quintal_per_hectare
2023,44,Orge d'hiver,hordeum_vulgare,winter_barley,"66,0",quintal_per_hectare
2024,44,Orge d'hiver,hordeum_vulgare,winter_barley,"53,0",quintal_per_hectare
2025,44,Orge d'hiver,hordeum_vulgare,winter_barley,"67,0",quintal_per_hectare
2021,45,Orge d'hiver,hordeum_vulgare,winter_barley,"70,0",quintal_per_hectare
2022,45,Orge d'hiver,hordeum_vulgare,winter_barley,"64,0",quintal_per_hectare
2023,45,Orge d'hiver,hordeum_vulgare,winter_barley,"74,0",quintal_per_hectare
2024,45,Orge d'hiver,hordeum_vulgare,winter_barley,"62,0",quintal_per_hectare
2025,45,Orge d'hiver,hordeum_vulgare,winter_barley,"71,0",quintal_per_hectare
2021,46,Orge d'hiver,hordeum_vulgare,winter_barley,"41,0",quintal_per_hectare
2022,46,Orge d'hiver,hordeum_vulgare,winter_barley,"43,0",quintal_per_hectare
2023,46,Orge d'hiver,hordeum_vulgare,winter_barley,"48,0",quintal_per_hectare
2024,46,Orge d'hiver,hordeum_vulgare,winter_barley,"44,0",quintal_per_hectare
2025,46,Orge d'hiver,hordeum_vulgare,winter_barley,"56,0",quintal_per_hectare
2021,47,Orge d'hiver,hordeum_vulgare,winter_barley,"51,0",quintal_per_hectare
2022,47,Orge d'hiver,hordeum_vulgare,winter_barley,"48,0",quintal_per_hectare
2023,47,Orge d'hiver,hordeum_vulgare,winter_barley,"59,0",quintal_per_hectare
2024,47,Orge d'hiver,hordeum_vulgare,winter_barley,"38,0",quintal_per_hectare
2025,47,Orge d'hiver,hordeum_vulgare,winter_barley,"48,0",quintal_per_hectare
2021,48,Orge d'hiver,hordeum_vulgare,winter_barley,"45,0",quintal_per_hectare
2022,48,Orge d'hiver,hordeum_vulgare,winter_barley,"21,0",quintal_per_hectare
2023,48,Orge d'hiver,hordeum_vulgare,winter_barley,"45,0",quintal_per_hectare
2024,48,Orge d'hiver,hordeum_vulgare,winter_barley,"40,0",quintal_per_hectare
2025,48,Orge d'hiver,hordeum_vulgare,winter_barley,"33,0",quintal_per_hectare
2021,49,Orge d'hiver,hordeum_vulgare,winter_barley,"68,0",quintal_per_hectare
2022,49,Orge d'hiver,hordeum_vulgare,winter_barley,"63,2",quintal_per_hectare
2023,49,Orge d'hiver,hordeum_vulgare,winter_barley,"71,0",quintal_per_hectare
2024,49,Orge d'hiver,hordeum_vulgare,winter_barley,"53,0",quintal_per_hectare
2025,49,Orge d'hiver,hordeum_vulgare,winter_barley,"66,0",quintal_per_hectare
2021,50,Orge d'hiver,hordeum_vulgare,winter_barley,"65,0",quintal_per_hectare
2022,50,Orge d'hiver,hordeum_vulgare,winter_barley,"65,0",quintal_per_hectare
2023,50,Orge d'hiver,hordeum_vulgare,winter_barley,"74,0",quintal_per_hectare
2024,50,Orge d'hiver,hordeum_vulgare,winter_barley,"60,0",quintal_per_hectare
2025,50,Orge d'hiver,hordeum_vulgare,winter_barley,"76,0",quintal_per_hectare
2021,51,Orge d'hiver,hordeum_vulgare,winter_barley,"80,0",quintal_per_hectare
2022,51,Orge d'hiver,hordeum_vulgare,winter_barley,"84,0",quintal_per_hectare
2023,51,Orge d'hiver,hordeum_vulgare,winter_barley,"84,0",quintal_per_hectare
2024,51,Orge d'hiver,hordeum_vulgare,winter_barley,"60,0",quintal_per_hectare
2025,51,Orge d'hiver,hordeum_vulgare,winter_barley,"87,0",quintal_per_hectare
2021,52,Orge d'hiver,hordeum_vulgare,winter_barley,"63,0",quintal_per_hectare
2022,52,Orge d'hiver,hordeum_vulgare,winter_barley,"59,0",quintal_per_hectare
2023,52,Orge d'hiver,hordeum_vulgare,winter_barley,"62,0",quintal_per_hectare
2024,52,Orge d'hiver,hordeum_vulgare,winter_barley,"52,0",quintal_per_hectare
2025,52,Orge d'hiver,hordeum_vulgare,winter_barley,"64,0",quintal_per_hectare
2021,53,Orge d'hiver,hordeum_vulgare,winter_barley,"72,0",quintal_per_hectare
2022,53,Orge d'hiver,hordeum_vulgare,winter_barley,"67,2",quintal_per_hectare
2023,53,Orge d'hiver,hordeum_vulgare,winter_barley,"74,0",quintal_per_hectare
2024,53,Orge d'hiver,hordeum_vulgare,winter_barley,"54,0",quintal_per_hectare
2025,53,Orge d'hiver,hordeum_vulgare,winter_barley,"69,0",quintal_per_hectare
2021,54,Orge d'hiver,hordeum_vulgare,winter_barley,"64,0",quintal_per_hectare
2022,54,Orge d'hiver,hordeum_vulgare,winter_barley,"62,0",quintal_per_hectare
2023,54,Orge d'hiver,hordeum_vulgare,winter_barley,"62,0",quintal_per_hectare
2024,54,Orge d'hiver,hordeum_vulgare,winter_barley,"52,0",quintal_per_hectare
2025,54,Orge d'hiver,hordeum_vulgare,winter_barley,"70,0",quintal_per_hectare
2021,55,Orge d'hiver,hordeum_vulgare,winter_barley,"65,0",quintal_per_hectare
2022,55,Orge d'hiver,hordeum_vulgare,winter_barley,"65,0",quintal_per_hectare
2023,55,Orge d'hiver,hordeum_vulgare,winter_barley,"65,0",quintal_per_hectare
2024,55,Orge d'hiver,hordeum_vulgare,winter_barley,"50,0",quintal_per_hectare
2025,55,Orge d'hiver,hordeum_vulgare,winter_barley,"71,0",quintal_per_hectare
2021,56,Orge d'hiver,hordeum_vulgare,winter_barley,"65,5",quintal_per_hectare
2022,56,Orge d'hiver,hordeum_vulgare,winter_barley,"67,4",quintal_per_hectare
2023,56,Orge d'hiver,hordeum_vulgare,winter_barley,"70,3",quintal_per_hectare
2024,56,Orge d'hiver,hordeum_vulgare,winter_barley,"61,7",quintal_per_hectare
2025,56,Orge d'hiver,hordeum_vulgare,winter_barley,"70,9",quintal_per_hectare
2021,57,Orge d'hiver,hordeum_vulgare,winter_barley,"67,0",quintal_per_hectare
2022,57,Orge d'hiver,hordeum_vulgare,winter_barley,"67,0",quintal_per_hectare
2023,57,Orge d'hiver,hordeum_vulgare,winter_barley,"65,0",quintal_per_hectare
2024,57,Orge d'hiver,hordeum_vulgare,winter_barley,"50,0",quintal_per_hectare
2025,57,Orge d'hiver,hordeum_vulgare,winter_barley,"73,0",quintal_per_hectare
2021,58,Orge d'hiver,hordeum_vulgare,winter_barley,"64,0",quintal_per_hectare
2022,58,Orge d'hiver,hordeum_vulgare,winter_barley,"59,0",quintal_per_hectare
2023,58,Orge d'hiver,hordeum_vulgare,winter_barley,"64,0",quintal_per_hectare
2024,58,Orge d'hiver,hordeum_vulgare,winter_barley,"44,0",quintal_per_hectare
2025,58,Orge d'hiver,hordeum_vulgare,winter_barley,"65,0",quintal_per_hectare
2021,59,Orge d'hiver,hordeum_vulgare,winter_barley,"82,0",quintal_per_hectare
2022,59,Orge d'hiver,hordeum_vulgare,winter_barley,"94,0",quintal_per_hectare
2023,59,Orge d'hiver,hordeum_vulgare,winter_barley,"91,0",quintal_per_hectare
2024,59,Orge d'hiver,hordeum_vulgare,winter_barley,"71,0",quintal_per_hectare
2025,59,Orge d'hiver,hordeum_vulgare,winter_barley,"90,0",quintal_per_hectare
2021,60,Orge d'hiver,hordeum_vulgare,winter_barley,"80,0",quintal_per_hectare
2022,60,Orge d'hiver,hordeum_vulgare,winter_barley,"86,0",quintal_per_hectare
2023,60,Orge d'hiver,hordeum_vulgare,winter_barley,"89,0",quintal_per_hectare
2024,60,Orge d'hiver,hordeum_vulgare,winter_barley,"62,0",quintal_per_hectare
2025,60,Orge d'hiver,hordeum_vulgare,winter_barley,"83,0",quintal_per_hectare
2021,61,Orge d'hiver,hordeum_vulgare,winter_barley,"74,0",quintal_per_hectare
2022,61,Orge d'hiver,hordeum_vulgare,winter_barley,"75,0",quintal_per_hectare
2023,61,Orge d'hiver,hordeum_vulgare,winter_barley,"80,0",quintal_per_hectare
2024,61,Orge d'hiver,hordeum_vulgare,winter_barley,"58,0",quintal_per_hectare
2025,61,Orge d'hiver,hordeum_vulgare,winter_barley,"73,0",quintal_per_hectare
2021,62,Orge d'hiver,hordeum_vulgare,winter_barley,"81,0",quintal_per_hectare
2022,62,Orge d'hiver,hordeum_vulgare,winter_barley,"93,0",quintal_per_hectare
2023,62,Orge d'hiver,hordeum_vulgare,winter_barley,"91,0",quintal_per_hectare
2024,62,Orge d'hiver,hordeum_vulgare,winter_barley,"73,0",quintal_per_hectare
2025,62,Orge d'hiver,hordeum_vulgare,winter_barley,"90,0",quintal_per_hectare
2021,63,Orge d'hiver,hordeum_vulgare,winter_barley,"55,0",quintal_per_hectare
2022,63,Orge d'hiver,hordeum_vulgare,winter_barley,"49,0",quintal_per_hectare
2023,63,Orge d'hiver,hordeum_vulgare,winter_barley,"63,0",quintal_per_hectare
2024,63,Orge d'hiver,hordeum_vulgare,winter_barley,"57,0",quintal_per_hectare
2025,63,Orge d'hiver,hordeum_vulgare,winter_barley,"61,0",quintal_per_hectare
2021,64,Orge d'hiver,hordeum_vulgare,winter_barley,"51,0",quintal_per_hectare
2022,64,Orge d'hiver,hordeum_vulgare,winter_barley,"48,0",quintal_per_hectare
2023,64,Orge d'hiver,hordeum_vulgare,winter_barley,"54,0",quintal_per_hectare
2024,64,Orge d'hiver,hordeum_vulgare,winter_barley,"48,0",quintal_per_hectare
2025,64,Orge d'hiver,hordeum_vulgare,winter_barley,"50,0",quintal_per_hectare
2021,65,Orge d'hiver,hordeum_vulgare,winter_barley,"60,0",quintal_per_hectare
2022,65,Orge d'hiver,hordeum_vulgare,winter_barley,"49,0",quintal_per_hectare
2023,65,Orge d'hiver,hordeum_vulgare,winter_barley,"49,0",quintal_per_hectare
2024,65,Orge d'hiver,hordeum_vulgare,winter_barley,"44,0",quintal_per_hectare
2025,65,Orge d'hiver,hordeum_vulgare,winter_barley,"47,0",quintal_per_hectare
2021,66,Orge d'hiver,hordeum_vulgare,winter_barley,"30,0",quintal_per_hectare
2022,66,Orge d'hiver,hordeum_vulgare,winter_barley,"30,0",quintal_per_hectare
2023,66,Orge d'hiver,hordeum_vulgare,winter_barley,"17,0",quintal_per_hectare
2024,66,Orge d'hiver,hordeum_vulgare,winter_barley,"14,0",quintal_per_hectare
2025,66,Orge d'hiver,hordeum_vulgare,winter_barley,"32,0",quintal_per_hectare
2021,67,Orge d'hiver,hordeum_vulgare,winter_barley,"67,0",quintal_per_hectare
2022,67,Orge d'hiver,hordeum_vulgare,winter_barley,"67,0",quintal_per_hectare
2023,67,Orge d'hiver,hordeum_vulgare,winter_barley,"75,0",quintal_per_hectare
2024,67,Orge d'hiver,hordeum_vulgare,winter_barley,"65,0",quintal_per_hectare
2025,67,Orge d'hiver,hordeum_vulgare,winter_barley,"70,0",quintal_per_hectare
2021,68,Orge d'hiver,hordeum_vulgare,winter_barley,"71,0",quintal_per_hectare
2022,68,Orge d'hiver,hordeum_vulgare,winter_barley,"70,0",quintal_per_hectare
2023,68,Orge d'hiver,hordeum_vulgare,winter_barley,"78,0",quintal_per_hectare
2024,68,Orge d'hiver,hordeum_vulgare,winter_barley,"67,0",quintal_per_hectare
2025,68,Orge d'hiver,hordeum_vulgare,winter_barley,"72,0",quintal_per_hectare
2021,69,Orge d'hiver,hordeum_vulgare,winter_barley,"65,0",quintal_per_hectare
2022,69,Orge d'hiver,hordeum_vulgare,winter_barley,"52,0",quintal_per_hectare
2023,69,Orge d'hiver,hordeum_vulgare,winter_barley,"63,0",quintal_per_hectare
2024,69,Orge d'hiver,hordeum_vulgare,winter_barley,"51,0",quintal_per_hectare
2025,69,Orge d'hiver,hordeum_vulgare,winter_barley,"62,0",quintal_per_hectare
2021,70,Orge d'hiver,hordeum_vulgare,winter_barley,"62,0",quintal_per_hectare
2022,70,Orge d'hiver,hordeum_vulgare,winter_barley,"66,0",quintal_per_hectare
2023,70,Orge d'hiver,hordeum_vulgare,winter_barley,"67,0",quintal_per_hectare
2024,70,Orge d'hiver,hordeum_vulgare,winter_barley,"48,0",quintal_per_hectare
2025,70,Orge d'hiver,hordeum_vulgare,winter_barley,"67,0",quintal_per_hectare
2021,71,Orge d'hiver,hordeum_vulgare,winter_barley,"70,0",quintal_per_hectare
2022,71,Orge d'hiver,hordeum_vulgare,winter_barley,"62,0",quintal_per_hectare
2023,71,Orge d'hiver,hordeum_vulgare,winter_barley,"66,0",quintal_per_hectare
2024,71,Orge d'hiver,hordeum_vulgare,winter_barley,"49,0",quintal_per_hectare
2025,71,Orge d'hiver,hordeum_vulgare,winter_barley,"69,0",quintal_per_hectare
2021,72,Orge d'hiver,hordeum_vulgare,winter_barley,"72,0",quintal_per_hectare
2022,72,Orge d'hiver,hordeum_vulgare,winter_barley,"64,2",quintal_per_hectare
2023,72,Orge d'hiver,hordeum_vulgare,winter_barley,"74,0",quintal_per_hectare
2024,72,Orge d'hiver,hordeum_vulgare,winter_barley,"52,0",quintal_per_hectare
2025,72,Orge d'hiver,hordeum_vulgare,winter_barley,"65,0",quintal_per_hectare
2021,73,Orge d'hiver,hordeum_vulgare,winter_barley,"62,0",quintal_per_hectare
2022,73,Orge d'hiver,hordeum_vulgare,winter_barley,"58,0",quintal_per_hectare
2023,73,Orge d'hiver,hordeum_vulgare,winter_barley,"58,0",quintal_per_hectare
2024,73,Orge d'hiver,hordeum_vulgare,winter_barley,"51,0",quintal_per_hectare
2025,73,Orge d'hiver,hordeum_vulgare,winter_barley,"59,0",quintal_per_hectare
2021,74,Orge d'hiver,hordeum_vulgare,winter_barley,"66,0",quintal_per_hectare
2022,74,Orge d'hiver,hordeum_vulgare,winter_barley,"60,0",quintal_per_hectare
2023,74,Orge d'hiver,hordeum_vulgare,winter_barley,"61,0",quintal_per_hectare
2024,74,Orge d'hiver,hordeum_vulgare,winter_barley,"51,0",quintal_per_hectare
2025,74,Orge d'hiver,hordeum_vulgare,winter_barley,"59,0",quintal_per_hectare
2021,76,Orge d'hiver,hordeum_vulgare,winter_barley,"77,0",quintal_per_hectare
2022,76,Orge d'hiver,hordeum_vulgare,winter_barley,"87,0",quintal_per_hectare
2023,76,Orge d'hiver,hordeum_vulgare,winter_barley,"89,0",quintal_per_hectare
2024,76,Orge d'hiver,hordeum_vulgare,winter_barley,"71,0",quintal_per_hectare
2025,76,Orge d'hiver,hordeum_vulgare,winter_barley,"83,0",quintal_per_hectare
2021,77,Orge d'hiver,hordeum_vulgare,winter_barley,"81,0",quintal_per_hectare
2022,77,Orge d'hiver,hordeum_vulgare,winter_barley,"76,0",quintal_per_hectare
2023,77,Orge d'hiver,hordeum_vulgare,winter_barley,"83,0",quintal_per_hectare
2024,77,Orge d'hiver,hordeum_vulgare,winter_barley,"59,6",quintal_per_hectare
2025,77,Orge d'hiver,hordeum_vulgare,winter_barley,"81,0",quintal_per_hectare
2021,78,Orge d'hiver,hordeum_vulgare,winter_barley,"77,0",quintal_per_hectare
2022,78,Orge d'hiver,hordeum_vulgare,winter_barley,"76,0",quintal_per_hectare
2023,78,Orge d'hiver,hordeum_vulgare,winter_barley,"77,0",quintal_per_hectare
2024,78,Orge d'hiver,hordeum_vulgare,winter_barley,"60,7",quintal_per_hectare
2025,78,Orge d'hiver,hordeum_vulgare,winter_barley,"71,6",quintal_per_hectare
2021,79,Orge d'hiver,hordeum_vulgare,winter_barley,"59,0",quintal_per_hectare
2022,79,Orge d'hiver,hordeum_vulgare,winter_barley,"54,0",quintal_per_hectare
2023,79,Orge d'hiver,hordeum_vulgare,winter_barley,"70,0",quintal_per_hectare
2024,79,Orge d'hiver,hordeum_vulgare,winter_barley,"51,0",quintal_per_hectare
2025,79,Orge d'hiver,hordeum_vulgare,winter_barley,"69,0",quintal_per_hectare
2021,80,Orge d'hiver,hordeum_vulgare,winter_barley,"80,0",quintal_per_hectare
2022,80,Orge d'hiver,hordeum_vulgare,winter_barley,"90,0",quintal_per_hectare
2023,80,Orge d'hiver,hordeum_vulgare,winter_barley,"90,0",quintal_per_hectare
2024,80,Orge d'hiver,hordeum_vulgare,winter_barley,"70,0",quintal_per_hectare
2025,80,Orge d'hiver,hordeum_vulgare,winter_barley,"88,0",quintal_per_hectare
2021,81,Orge d'hiver,hordeum_vulgare,winter_barley,"52,0",quintal_per_hectare
2022,81,Orge d'hiver,hordeum_vulgare,winter_barley,"43,0",quintal_per_hectare
2023,81,Orge d'hiver,hordeum_vulgare,winter_barley,"49,0",quintal_per_hectare
2024,81,Orge d'hiver,hordeum_vulgare,winter_barley,"44,0",quintal_per_hectare
2025,81,Orge d'hiver,hordeum_vulgare,winter_barley,"47,0",quintal_per_hectare
2021,82,Orge d'hiver,hordeum_vulgare,winter_barley,"44,0",quintal_per_hectare
2022,82,Orge d'hiver,hordeum_vulgare,winter_barley,"43,0",quintal_per_hectare
2023,82,Orge d'hiver,hordeum_vulgare,winter_barley,"52,0",quintal_per_hectare
2024,82,Orge d'hiver,hordeum_vulgare,winter_barley,"37,0",quintal_per_hectare
2025,82,Orge d'hiver,hordeum_vulgare,winter_barley,"51,6",quintal_per_hectare
2021,83,Orge d'hiver,hordeum_vulgare,winter_barley,"43,5",quintal_per_hectare
2022,83,Orge d'hiver,hordeum_vulgare,winter_barley,"29,9",quintal_per_hectare
2023,83,Orge d'hiver,hordeum_vulgare,winter_barley,"31,4",quintal_per_hectare
2024,83,Orge d'hiver,hordeum_vulgare,winter_barley,"45,8",quintal_per_hectare
2025,83,Orge d'hiver,hordeum_vulgare,winter_barley,"43,8",quintal_per_hectare
2021,84,Orge d'hiver,hordeum_vulgare,winter_barley,"47,2",quintal_per_hectare
2022,84,Orge d'hiver,hordeum_vulgare,winter_barley,"30,3",quintal_per_hectare
2023,84,Orge d'hiver,hordeum_vulgare,winter_barley,"31,9",quintal_per_hectare
2024,84,Orge d'hiver,hordeum_vulgare,winter_barley,"38,2",quintal_per_hectare
2025,84,Orge d'hiver,hordeum_vulgare,winter_barley,"39,5",quintal_per_hectare
2021,85,Orge d'hiver,hordeum_vulgare,winter_barley,"64,0",quintal_per_hectare
2022,85,Orge d'hiver,hordeum_vulgare,winter_barley,"58,2",quintal_per_hectare
2023,85,Orge d'hiver,hordeum_vulgare,winter_barley,"68,0",quintal_per_hectare
2024,85,Orge d'hiver,hordeum_vulgare,winter_barley,"51,0",quintal_per_hectare
2025,85,Orge d'hiver,hordeum_vulgare,winter_barley,"65,0",quintal_per_hectare
2021,86,Orge d'hiver,hordeum_vulgare,winter_barley,"65,0",quintal_per_hectare
2022,86,Orge d'hiver,hordeum_vulgare,winter_barley,"52,0",quintal_per_hectare
2023,86,Orge d'hiver,hordeum_vulgare,winter_barley,"69,0",quintal_per_hectare
2024,86,Orge d'hiver,hordeum_vulgare,winter_barley,"52,0",quintal_per_hectare
2025,86,Orge d'hiver,hordeum_vulgare,winter_barley,"68,0",quintal_per_hectare
2021,87,Orge d'hiver,hordeum_vulgare,winter_barley,"54,0",quintal_per_hectare
2022,87,Orge d'hiver,hordeum_vulgare,winter_barley,"50,0",quintal_per_hectare
2023,87,Orge d'hiver,hordeum_vulgare,winter_barley,"60,0",quintal_per_hectare
2024,87,Orge d'hiver,hordeum_vulgare,winter_barley,"40,0",quintal_per_hectare
2025,87,Orge d'hiver,hordeum_vulgare,winter_barley,"60,0",quintal_per_hectare
2021,88,Orge d'hiver,hordeum_vulgare,winter_barley,"64,0",quintal_per_hectare
2022,88,Orge d'hiver,hordeum_vulgare,winter_barley,"65,0",quintal_per_hectare
2023,88,Orge d'hiver,hordeum_vulgare,winter_barley,"62,0",quintal_per_hectare
2024,88,Orge d'hiver,hordeum_vulgare,winter_barley,"53,0",quintal_per_hectare
2025,88,Orge d'hiver,hordeum_vulgare,winter_barley,"68,0",quintal_per_hectare
2021,89,Orge d'hiver,hordeum_vulgare,winter_barley,"69,0",quintal_per_hectare
2022,89,Orge d'hiver,hordeum_vulgare,winter_barley,"59,0",quintal_per_hectare
2023,89,Orge d'hiver,hordeum_vulgare,winter_barley,"68,0",quintal_per_hectare
2024,89,Orge d'hiver,hordeum_vulgare,winter_barley,"48,0",quintal_per_hectare
2025,89,Orge d'hiver,hordeum_vulgare,winter_barley,"68,0",quintal_per_hectare
2021,90,Orge d'hiver,hordeum_vulgare,winter_barley,"62,0",quintal_per_hectare
2022,90,Orge d'hiver,hordeum_vulgare,winter_barley,"66,0",quintal_per_hectare
2023,90,Orge d'hiver,hordeum_vulgare,winter_barley,"67,0",quintal_per_hectare
2024,90,Orge d'hiver,hordeum_vulgare,winter_barley,"48,0",quintal_per_hectare
2025,90,Orge d'hiver,hordeum_vulgare,winter_barley,"67,0",quintal_per_hectare
2021,91,Orge d'hiver,hordeum_vulgare,winter_barley,"81,0",quintal_per_hectare
2022,91,Orge d'hiver,hordeum_vulgare,winter_barley,"79,0",quintal_per_hectare
2023,91,Orge d'hiver,hordeum_vulgare,winter_barley,"81,0",quintal_per_hectare
2024,91,Orge d'hiver,hordeum_vulgare,winter_barley,"57,5",quintal_per_hectare
2025,91,Orge d'hiver,hordeum_vulgare,winter_barley,"79,5",quintal_per_hectare
2021,93,Orge d'hiver,hordeum_vulgare,winter_barley,"0,0",quintal_per_hectare
2023,93,Orge d'hiver,hordeum_vulgare,winter_barley,"83,0",quintal_per_hectare
2024,93,Orge d'hiver,hordeum_vulgare,winter_barley,"64,6",quintal_per_hectare
2021,94,Orge d'hiver,hordeum_vulgare,winter_barley,"81,0",quintal_per_hectare
2022,94,Orge d'hiver,hordeum_vulgare,winter_barley,"79,0",quintal_per_hectare
2023,94,Orge d'hiver,hordeum_vulgare,winter_barley,"80,7",quintal_per_hectare
2024,94,Orge d'hiver,hordeum_vulgare,winter_barley,"57,3",quintal_per_hectare
2025,94,Orge d'hiver,hordeum_vulgare,winter_barley,"79,9",quintal_per_hectare
2021,95,Orge d'hiver,hordeum_vulgare,winter_barley,"78,0",quintal_per_hectare
2022,95,Orge d'hiver,hordeum_vulgare,winter_barley,"84,0",quintal_per_hectare
2023,95,Orge d'hiver,hordeum_vulgare,winter_barley,"83,0",quintal_per_hectare
2024,95,Orge d'hiver,hordeum_vulgare,winter_barley,"64,6",quintal_per_hectare
2025,95,Orge d'hiver,hordeum_vulgare,winter_barley,"78,9",quintal_per_hectare
2021,01,Pois protéagineux,pisum_sativum,winter_proteaginous_pea,"27,4",quintal_per_hectare
2022,01,Pois protéagineux,pisum_sativum,winter_proteaginous_pea,"19,0",quintal_per_hectare
2023,01,Pois protéagineux,pisum_sativum,winter_proteaginous_pea,"30,8",quintal_per_hectare
2024,01,Pois protéagineux,pisum_sativum,winter_proteaginous_pea,"22,0",quintal_per_hectare
2025,01,Pois protéagineux,pisum_sativum,winter_proteaginous_pea,"31,3",quintal_per_hectare
2021,02,Pois protéagineux,pisum_sativum,winter_proteaginous_pea,"31,2",quintal_per_hectare
2022,02,Pois protéagineux,pisum_sativum,winter_proteaginous_pea,"40,2",quintal_per_hectare
2023,02,Pois protéagineux,pisum_sativum,winter_proteaginous_pea,"36,0",quintal_per_hectare
2024,02,Pois protéagineux,pisum_sativum,winter_proteaginous_pea,"31,5",quintal_per_hectare
2025,02,Pois protéagineux,pisum_sativum,winter_proteaginous_pea,"41,1",quintal_per_hectare
2021,03,Pois protéagineux,pisum_sativum,winter_proteaginous_pea,"21,5",quintal_per_hectare
2022,03,Pois protéagineux,pisum_sativum,winter_proteaginous_pea,"21,5",quintal_per_hectare
2023,03,Pois protéagineux,pisum_sativum,winter_proteaginous_pea,"28,8",quintal_per_hectare
2024,03,Pois protéagineux,pisum_sativum,winter_proteaginous_pea,"20,0",quintal_per_hectare
2025,03,Pois protéagineux,pisum_sativum,winter_proteaginous_pea,"23,0",quintal_per_hectare
2021,04,Pois protéagineux,pisum_sativum,winter_proteaginous_pea,"19,7",quintal_per_hectare
2022,04,Pois protéagineux,pisum_sativum,winter_proteaginous_pea,"15,0",quintal_per_hectare
2023,04,Pois protéagineux,pisum_sativum,winter_proteaginous_pea,"20,0",quintal_per_hectare
2024,04,Pois protéagineux,pisum_sativum,winter_proteaginous_pea,"28,1",quintal_per_hectare
2025,04,Pois protéagineux,pisum_sativum,winter_proteaginous_pea,"27,4",quintal_per_hectare
2021,05,Pois protéagineux,pisum_sativum,winter_proteaginous_pea,"24,3",quintal_per_hectare
2022,05,Pois protéagineux,pisum_sativum,winter_proteaginous_pea,"22,2",quintal_per_hectare
2023,05,Pois protéagineux,pisum_sativum,winter_proteaginous_pea,"20,0",quintal_per_hectare
2024,05,Pois protéagineux,pisum_sativum,winter_proteaginous_pea,"23,3",quintal_per_hectare
2025,05,Pois protéagineux,pisum_sativum,winter_proteaginous_pea,"23,0",quintal_per_hectare
2021,07,Pois protéagineux,pisum_sativum,winter_proteaginous_pea,"17,5",quintal_per_hectare
2022,07,Pois protéagineux,pisum_sativum,winter_proteaginous_pea,"15,0",quintal_per_hectare
2023,07,Pois protéagineux,pisum_sativum,winter_proteaginous_pea,"16,6",quintal_per_hectare
2024,07,Pois protéagineux,pisum_sativum,winter_proteaginous_pea,"20,0",quintal_per_hectare
2025,07,Pois protéagineux,pisum_sativum,winter_proteaginous_pea,"18,6",quintal_per_hectare
2021,08,Pois protéagineux,pisum_sativum,winter_proteaginous_pea,"28,0",quintal_per_hectare
2022,08,Pois protéagineux,pisum_sativum,winter_proteaginous_pea,"40,0",quintal_per_hectare
2023,08,Pois protéagineux,pisum_sativum,winter_proteaginous_pea,"36,0",quintal_per_hectare
2024,08,Pois protéagineux,pisum_sativum,winter_proteaginous_pea,"30,0",quintal_per_hectare
2025,08,Pois protéagineux,pisum_sativum,winter_proteaginous_pea,"36,0",quintal_per_hectare
2021,09,Pois protéagineux,pisum_sativum,winter_proteaginous_pea,"32,9",quintal_per_hectare
2022,09,Pois protéagineux,pisum_sativum,winter_proteaginous_pea,"31,8",quintal_per_hectare
2023,09,Pois protéagineux,pisum_sativum,winter_proteaginous_pea,"30,8",quintal_per_hectare
2024,09,Pois protéagineux,pisum_sativum,winter_proteaginous_pea,"41,1",quintal_per_hectare
2025,09,Pois protéagineux,pisum_sativum,winter_proteaginous_pea,"32,4",quintal_per_hectare
2021,10,Pois protéagineux,pisum_sativum,winter_proteaginous_pea,"32,0",quintal_per_hectare
2022,10,Pois protéagineux,pisum_sativum,winter_proteaginous_pea,"26,9",quintal_per_hectare
2023,10,Pois protéagineux,pisum_sativum,winter_proteaginous_pea,"30,0",quintal_per_hectare
2024,10,Pois protéagineux,pisum_sativum,winter_proteaginous_pea,"30,0",quintal_per_hectare
2025,10,Pois protéagineux,pisum_sativum,winter_proteaginous_pea,"34,0",quintal_per_hectare
2021,11,Pois protéagineux,pisum_sativum,winter_proteaginous_pea,"34,7",quintal_per_hectare
2022,11,Pois protéagineux,pisum_sativum,winter_proteaginous_pea,"26,6",quintal_per_hectare
2023,11,Pois protéagineux,pisum_sativum,winter_proteaginous_pea,"37,8",quintal_per_hectare
2024,11,Pois protéagineux,pisum_sativum,winter_proteaginous_pea,"37,8",quintal_per_hectare
2025,11,Pois protéagineux,pisum_sativum,winter_proteaginous_pea,"33,9",quintal_per_hectare
2021,12,Pois protéagineux,pisum_sativum,winter_proteaginous_pea,"32,6",quintal_per_hectare
2022,12,Pois protéagineux,pisum_sativum,winter_proteaginous_pea,"29,4",quintal_per_hectare
2023,12,Pois protéagineux,pisum_sativum,winter_proteaginous_pea,"32,2",quintal_per_hectare
2024,12,Pois protéagineux,pisum_sativum,winter_proteaginous_pea,"28,2",quintal_per_hectare
2025,12,Pois protéagineux,pisum_sativum,winter_proteaginous_pea,"34,2",quintal_per_hectare
2021,13,Pois protéagineux,pisum_sativum,winter_proteaginous_pea,"22,0",quintal_per_hectare
2022,13,Pois protéagineux,pisum_sativum,winter_proteaginous_pea,"24,1",quintal_per_hectare
2023,13,Pois protéagineux,pisum_sativum,winter_proteaginous_pea,"25,6",quintal_per_hectare
2024,13,Pois protéagineux,pisum_sativum,winter_proteaginous_pea,"24,7",quintal_per_hectare
2025,13,Pois protéagineux,pisum_sativum,winter_proteaginous_pea,"24,3",quintal_per_hectare
2021,14,Pois protéagineux,pisum_sativum,winter_proteaginous_pea,"29,0",quintal_per_hectare
2022,14,Pois protéagineux,pisum_sativum,winter_proteaginous_pea,"36,0",quintal_per_hectare
2023,14,Pois protéagineux,pisum_sativum,winter_proteaginous_pea,"41,0",quintal_per_hectare
2024,14,Pois protéagineux,pisum_sativum,winter_proteaginous_pea,"39,0",quintal_per_hectare
2025,14,Pois protéagineux,pisum_sativum,winter_proteaginous_pea,"42,0",quintal_per_hectare
2021,15,Pois protéagineux,pisum_sativum,winter_proteaginous_pea,"22,0",quintal_per_hectare
2022,15,Pois protéagineux,pisum_sativum,winter_proteaginous_pea,"22,7",quintal_per_hectare
2023,15,Pois protéagineux,pisum_sativum,winter_proteaginous_pea,"20,0",quintal_per_hectare
2024,15,Pois protéagineux,pisum_sativum,winter_proteaginous_pea,"21,8",quintal_per_hectare
2025,15,Pois protéagineux,pisum_sativum,winter_proteaginous_pea,"21,0",quintal_per_hectare
2021,16,Pois protéagineux,pisum_sativum,winter_proteaginous_pea,"27,2",quintal_per_hectare
2022,16,Pois protéagineux,pisum_sativum,winter_proteaginous_pea,"24,3",quintal_per_hectare
2023,16,Pois protéagineux,pisum_sativum,winter_proteaginous_pea,"31,4",quintal_per_hectare
2024,16,Pois protéagineux,pisum_sativum,winter_proteaginous_pea,"24,3",quintal_per_hectare
2025,16,Pois protéagineux,pisum_sativum,winter_proteaginous_pea,"31,5",quintal_per_hectare
2021,17,Pois protéagineux,pisum_sativum,winter_proteaginous_pea,"27,2",quintal_per_hectare
2022,17,Pois protéagineux,pisum_sativum,winter_proteaginous_pea,"23,4",quintal_per_hectare
2023,17,Pois protéagineux,pisum_sativum,winter_proteaginous_pea,"31,1",quintal_per_hectare
2024,17,Pois protéagineux,pisum_sativum,winter_proteaginous_pea,"30,1",quintal_per_hectare
2025,17,Pois protéagineux,pisum_sativum,winter_proteaginous_pea,"33,9",quintal_per_hectare
2021,18,Pois protéagineux,pisum_sativum,winter_proteaginous_pea,"25,0",quintal_per_hectare
2022,18,Pois protéagineux,pisum_sativum,winter_proteaginous_pea,"22,0",quintal_per_hectare
2023,18,Pois protéagineux,pisum_sativum,winter_proteaginous_pea,"24,0",quintal_per_hectare
2024,18,Pois protéagineux,pisum_sativum,winter_proteaginous_pea,"20,0",quintal_per_hectare
2025,18,Pois protéagineux,pisum_sativum,winter_proteaginous_pea,"25,7",quintal_per_hectare
2021,19,Pois protéagineux,pisum_sativum,winter_proteaginous_pea,"28,1",quintal_per_hectare
2022,19,Pois protéagineux,pisum_sativum,winter_proteaginous_pea,"29,1",quintal_per_hectare
2023,19,Pois protéagineux,pisum_sativum,winter_proteaginous_pea,"31,4",quintal_per_hectare
2024,19,Pois protéagineux,pisum_sativum,winter_proteaginous_pea,"23,6",quintal_per_hectare
2025,19,Pois protéagineux,pisum_sativum,winter_proteaginous_pea,"29,3",quintal_per_hectare
2021,21,Pois protéagineux,pisum_sativum,winter_proteaginous_pea,"22,0",quintal_per_hectare
2022,21,Pois protéagineux,pisum_sativum,winter_proteaginous_pea,"22,0",quintal_per_hectare
2023,21,Pois protéagineux,pisum_sativum,winter_proteaginous_pea,"20,0",quintal_per_hectare
2024,21,Pois protéagineux,pisum_sativum,winter_proteaginous_pea,"23,6",quintal_per_hectare
2025,21,Pois protéagineux,pisum_sativum,winter_proteaginous_pea,"30,2",quintal_per_hectare
2021,2B,Pois protéagineux,pisum_sativum,winter_proteaginous_pea,"18,0",quintal_per_hectare
2022,2B,Pois protéagineux,pisum_sativum,winter_proteaginous_pea,"18,0",quintal_per_hectare
2023,2B,Pois protéagineux,pisum_sativum,winter_proteaginous_pea,"19,0",quintal_per_hectare
2024,2B,Pois protéagineux,pisum_sativum,winter_proteaginous_pea,"29,0",quintal_per_hectare
2025,2B,Pois protéagineux,pisum_sativum,winter_proteaginous_pea,"29,0",quintal_per_hectare
2021,22,Pois protéagineux,pisum_sativum,winter_proteaginous_pea,"38,9",quintal_per_hectare
2022,22,Pois protéagineux,pisum_sativum,winter_proteaginous_pea,"36,4",quintal_per_hectare
2023,22,Pois protéagineux,pisum_sativum,winter_proteaginous_pea,"39,3",quintal_per_hectare
2024,22,Pois protéagineux,pisum_sativum,winter_proteaginous_pea,"56,5",quintal_per_hectare
2025,22,Pois protéagineux,pisum_sativum,winter_proteaginous_pea,"43,0",quintal_per_hectare
2021,23,Pois protéagineux,pisum_sativum,winter_proteaginous_pea,"29,4",quintal_per_hectare
2022,23,Pois protéagineux,pisum_sativum,winter_proteaginous_pea,"30,5",quintal_per_hectare
2023,23,Pois protéagineux,pisum_sativum,winter_proteaginous_pea,"25,7",quintal_per_hectare
2024,23,Pois protéagineux,pisum_sativum,winter_proteaginous_pea,"26,0",quintal_per_hectare
2025,23,Pois protéagineux,pisum_sativum,winter_proteaginous_pea,"26,3",quintal_per_hectare
2021,24,Pois protéagineux,pisum_sativum,winter_proteaginous_pea,"29,0",quintal_per_hectare
2022,24,Pois protéagineux,pisum_sativum,winter_proteaginous_pea,"26,4",quintal_per_hectare
2023,24,Pois protéagineux,pisum_sativum,winter_proteaginous_pea,"28,5",quintal_per_hectare
2024,24,Pois protéagineux,pisum_sativum,winter_proteaginous_pea,"26,5",quintal_per_hectare
2025,24,Pois protéagineux,pisum_sativum,winter_proteaginous_pea,"28,5",quintal_per_hectare
2021,25,Pois protéagineux,pisum_sativum,winter_proteaginous_pea,"10,0",quintal_per_hectare
2022,25,Pois protéagineux,pisum_sativum,winter_proteaginous_pea,"26,1",quintal_per_hectare
2023,25,Pois protéagineux,pisum_sativum,winter_proteaginous_pea,"21,0",quintal_per_hectare
2024,25,Pois protéagineux,pisum_sativum,winter_proteaginous_pea,"16,0",quintal_per_hectare
2025,25,Pois protéagineux,pisum_sativum,winter_proteaginous_pea,"31,0",quintal_per_hectare
2021,26,Pois protéagineux,pisum_sativum,winter_proteaginous_pea,"28,8",quintal_per_hectare
2022,26,Pois protéagineux,pisum_sativum,winter_proteaginous_pea,"26,2",quintal_per_hectare
2023,26,Pois protéagineux,pisum_sativum,winter_proteaginous_pea,"27,0",quintal_per_hectare
2024,26,Pois protéagineux,pisum_sativum,winter_proteaginous_pea,"20,0",quintal_per_hectare
2025,26,Pois protéagineux,pisum_sativum,winter_proteaginous_pea,"34,3",quintal_per_hectare
2021,27,Pois protéagineux,pisum_sativum,winter_proteaginous_pea,"30,0",quintal_per_hectare
2022,27,Pois protéagineux,pisum_sativum,winter_proteaginous_pea,"34,0",quintal_per_hectare
2023,27,Pois protéagineux,pisum_sativum,winter_proteaginous_pea,"35,0",quintal_per_hectare
2024,27,Pois protéagineux,pisum_sativum,winter_proteaginous_pea,"37,0",quintal_per_hectare
2025,27,Pois protéagineux,pisum_sativum,winter_proteaginous_pea,"43,7",quintal_per_hectare
2021,28,Pois protéagineux,pisum_sativum,winter_proteaginous_pea,"34,0",quintal_per_hectare
2022,28,Pois protéagineux,pisum_sativum,winter_proteaginous_pea,"40,0",quintal_per_hectare
2023,28,Pois protéagineux,pisum_sativum,winter_proteaginous_pea,"38,0",quintal_per_hectare
2024,28,Pois protéagineux,pisum_sativum,winter_proteaginous_pea,"30,0",quintal_per_hectare
2025,28,Pois protéagineux,pisum_sativum,winter_proteaginous_pea,"40,9",quintal_per_hectare
2021,29,Pois protéagineux,pisum_sativum,winter_proteaginous_pea,"38,0",quintal_per_hectare
2022,29,Pois protéagineux,pisum_sativum,winter_proteaginous_pea,"36,4",quintal_per_hectare
2023,29,Pois protéagineux,pisum_sativum,winter_proteaginous_pea,"32,2",quintal_per_hectare
2024,29,Pois protéagineux,pisum_sativum,winter_proteaginous_pea,"58,3",quintal_per_hectare
2025,29,Pois protéagineux,pisum_sativum,winter_proteaginous_pea,"35,0",quintal_per_hectare
2021,30,Pois protéagineux,pisum_sativum,winter_proteaginous_pea,"23,3",quintal_per_hectare
2022,30,Pois protéagineux,pisum_sativum,winter_proteaginous_pea,"24,3",quintal_per_hectare
2023,30,Pois protéagineux,pisum_sativum,winter_proteaginous_pea,"31,6",quintal_per_hectare
2024,30,Pois protéagineux,pisum_sativum,winter_proteaginous_pea,"29,3",quintal_per_hectare
2025,30,Pois protéagineux,pisum_sativum,winter_proteaginous_pea,"31,5",quintal_per_hectare
2021,31,Pois protéagineux,pisum_sativum,winter_proteaginous_pea,"35,0",quintal_per_hectare
2022,31,Pois protéagineux,pisum_sativum,winter_proteaginous_pea,"31,7",quintal_per_hectare
2023,31,Pois protéagineux,pisum_sativum,winter_proteaginous_pea,"34,0",quintal_per_hectare
2024,31,Pois protéagineux,pisum_sativum,winter_proteaginous_pea,"31,8",quintal_per_hectare
2025,31,Pois protéagineux,pisum_sativum,winter_proteaginous_pea,"31,4",quintal_per_hectare
2021,32,Pois protéagineux,pisum_sativum,winter_proteaginous_pea,"37,6",quintal_per_hectare
2022,32,Pois protéagineux,pisum_sativum,winter_proteaginous_pea,"36,0",quintal_per_hectare
2023,32,Pois protéagineux,pisum_sativum,winter_proteaginous_pea,"38,2",quintal_per_hectare
2024,32,Pois protéagineux,pisum_sativum,winter_proteaginous_pea,"35,1",quintal_per_hectare
2025,32,Pois protéagineux,pisum_sativum,winter_proteaginous_pea,"35,7",quintal_per_hectare
2021,33,Pois protéagineux,pisum_sativum,winter_proteaginous_pea,"29,7",quintal_per_hectare
2022,33,Pois protéagineux,pisum_sativum,winter_proteaginous_pea,"26,8",quintal_per_hectare
2023,33,Pois protéagineux,pisum_sativum,winter_proteaginous_pea,"28,8",quintal_per_hectare
2024,33,Pois protéagineux,pisum_sativum,winter_proteaginous_pea,"24,6",quintal_per_hectare
2025,33,Pois protéagineux,pisum_sativum,winter_proteaginous_pea,"29,0",quintal_per_hectare
2021,34,Pois protéagineux,pisum_sativum,winter_proteaginous_pea,"25,9",quintal_per_hectare
2022,34,Pois protéagineux,pisum_sativum,winter_proteaginous_pea,"24,7",quintal_per_hectare
2023,34,Pois protéagineux,pisum_sativum,winter_proteaginous_pea,"25,3",quintal_per_hectare
2024,34,Pois protéagineux,pisum_sativum,winter_proteaginous_pea,"28,0",quintal_per_hectare
2025,34,Pois protéagineux,pisum_sativum,winter_proteaginous_pea,"25,5",quintal_per_hectare
2021,35,Pois protéagineux,pisum_sativum,winter_proteaginous_pea,"36,3",quintal_per_hectare
2022,35,Pois protéagineux,pisum_sativum,winter_proteaginous_pea,"36,4",quintal_per_hectare
2023,35,Pois protéagineux,pisum_sativum,winter_proteaginous_pea,"44,6",quintal_per_hectare
2024,35,Pois protéagineux,pisum_sativum,winter_proteaginous_pea,"50,4",quintal_per_hectare
2025,35,Pois protéagineux,pisum_sativum,winter_proteaginous_pea,"28,0",quintal_per_hectare
2021,36,Pois protéagineux,pisum_sativum,winter_proteaginous_pea,"28,0",quintal_per_hectare
2022,36,Pois protéagineux,pisum_sativum,winter_proteaginous_pea,"21,0",quintal_per_hectare
2023,36,Pois protéagineux,pisum_sativum,winter_proteaginous_pea,"25,0",quintal_per_hectare
2024,36,Pois protéagineux,pisum_sativum,winter_proteaginous_pea,"20,0",quintal_per_hectare
2025,36,Pois protéagineux,pisum_sativum,winter_proteaginous_pea,"24,8",quintal_per_hectare
2021,37,Pois protéagineux,pisum_sativum,winter_proteaginous_pea,"26,0",quintal_per_hectare
2022,37,Pois protéagineux,pisum_sativum,winter_proteaginous_pea,"26,0",quintal_per_hectare
2023,37,Pois protéagineux,pisum_sativum,winter_proteaginous_pea,"30,0",quintal_per_hectare
2024,37,Pois protéagineux,pisum_sativum,winter_proteaginous_pea,"20,0",quintal_per_hectare
2025,37,Pois protéagineux,pisum_sativum,winter_proteaginous_pea,"29,7",quintal_per_hectare
2021,38,Pois protéagineux,pisum_sativum,winter_proteaginous_pea,"28,6",quintal_per_hectare
2022,38,Pois protéagineux,pisum_sativum,winter_proteaginous_pea,"30,8",quintal_per_hectare
2023,38,Pois protéagineux,pisum_sativum,winter_proteaginous_pea,"26,8",quintal_per_hectare
2024,38,Pois protéagineux,pisum_sativum,winter_proteaginous_pea,"30,0",quintal_per_hectare
2025,38,Pois protéagineux,pisum_sativum,winter_proteaginous_pea,"30,0",quintal_per_hectare
2021,39,Pois protéagineux,pisum_sativum,winter_proteaginous_pea,"15,0",quintal_per_hectare
2022,39,Pois protéagineux,pisum_sativum,winter_proteaginous_pea,"26,0",quintal_per_hectare
2023,39,Pois protéagineux,pisum_sativum,winter_proteaginous_pea,"31,0",quintal_per_hectare
2024,39,Pois protéagineux,pisum_sativum,winter_proteaginous_pea,"23,2",quintal_per_hectare
2025,39,Pois protéagineux,pisum_sativum,winter_proteaginous_pea,"32,5",quintal_per_hectare
2021,40,Pois protéagineux,pisum_sativum,winter_proteaginous_pea,"23,7",quintal_per_hectare
2022,40,Pois protéagineux,pisum_sativum,winter_proteaginous_pea,"22,3",quintal_per_hectare
2023,40,Pois protéagineux,pisum_sativum,winter_proteaginous_pea,"25,9",quintal_per_hectare
2024,40,Pois protéagineux,pisum_sativum,winter_proteaginous_pea,"20,7",quintal_per_hectare
2025,40,Pois protéagineux,pisum_sativum,winter_proteaginous_pea,"18,2",quintal_per_hectare
2021,41,Pois protéagineux,pisum_sativum,winter_proteaginous_pea,"28,0",quintal_per_hectare
2022,41,Pois protéagineux,pisum_sativum,winter_proteaginous_pea,"34,0",quintal_per_hectare
2023,41,Pois protéagineux,pisum_sativum,winter_proteaginous_pea,"35,0",quintal_per_hectare
2024,41,Pois protéagineux,pisum_sativum,winter_proteaginous_pea,"25,0",quintal_per_hectare
2025,41,Pois protéagineux,pisum_sativum,winter_proteaginous_pea,"37,8",quintal_per_hectare
2021,42,Pois protéagineux,pisum_sativum,winter_proteaginous_pea,"22,0",quintal_per_hectare
2022,42,Pois protéagineux,pisum_sativum,winter_proteaginous_pea,"23,6",quintal_per_hectare
2023,42,Pois protéagineux,pisum_sativum,winter_proteaginous_pea,"21,0",quintal_per_hectare
2024,42,Pois protéagineux,pisum_sativum,winter_proteaginous_pea,"24,0",quintal_per_hectare
2025,42,Pois protéagineux,pisum_sativum,winter_proteaginous_pea,"24,9",quintal_per_hectare
2021,43,Pois protéagineux,pisum_sativum,winter_proteaginous_pea,"15,0",quintal_per_hectare
2022,43,Pois protéagineux,pisum_sativum,winter_proteaginous_pea,"19,4",quintal_per_hectare
2023,43,Pois protéagineux,pisum_sativum,winter_proteaginous_pea,"16,7",quintal_per_hectare
2024,43,Pois protéagineux,pisum_sativum,winter_proteaginous_pea,"15,0",quintal_per_hectare
2025,43,Pois protéagineux,pisum_sativum,winter_proteaginous_pea,"20,9",quintal_per_hectare
2021,44,Pois protéagineux,pisum_sativum,winter_proteaginous_pea,"44,6",quintal_per_hectare
2022,44,Pois protéagineux,pisum_sativum,winter_proteaginous_pea,"37,1",quintal_per_hectare
2023,44,Pois protéagineux,pisum_sativum,winter_proteaginous_pea,"42,7",quintal_per_hectare
2024,44,Pois protéagineux,pisum_sativum,winter_proteaginous_pea,"33,2",quintal_per_hectare
2025,44,Pois protéagineux,pisum_sativum,winter_proteaginous_pea,"43,1",quintal_per_hectare
2021,45,Pois protéagineux,pisum_sativum,winter_proteaginous_pea,"28,0",quintal_per_hectare
2022,45,Pois protéagineux,pisum_sativum,winter_proteaginous_pea,"35,0",quintal_per_hectare
2023,45,Pois protéagineux,pisum_sativum,winter_proteaginous_pea,"32,0",quintal_per_hectare
2024,45,Pois protéagineux,pisum_sativum,winter_proteaginous_pea,"24,0",quintal_per_hectare
2025,45,Pois protéagineux,pisum_sativum,winter_proteaginous_pea,"34,8",quintal_per_hectare
2021,46,Pois protéagineux,pisum_sativum,winter_proteaginous_pea,"35,3",quintal_per_hectare
2022,46,Pois protéagineux,pisum_sativum,winter_proteaginous_pea,"36,1",quintal_per_hectare
2023,46,Pois protéagineux,pisum_sativum,winter_proteaginous_pea,"35,8",quintal_per_hectare
2024,46,Pois protéagineux,pisum_sativum,winter_proteaginous_pea,"33,8",quintal_per_hectare
2025,46,Pois protéagineux,pisum_sativum,winter_proteaginous_pea,"36,1",quintal_per_hectare
2021,47,Pois protéagineux,pisum_sativum,winter_proteaginous_pea,"31,5",quintal_per_hectare
2022,47,Pois protéagineux,pisum_sativum,winter_proteaginous_pea,"28,8",quintal_per_hectare
2023,47,Pois protéagineux,pisum_sativum,winter_proteaginous_pea,"31,2",quintal_per_hectare
2024,47,Pois protéagineux,pisum_sativum,winter_proteaginous_pea,"27,9",quintal_per_hectare
2025,47,Pois protéagineux,pisum_sativum,winter_proteaginous_pea,"31,3",quintal_per_hectare
2021,48,Pois protéagineux,pisum_sativum,winter_proteaginous_pea,"40,0",quintal_per_hectare
2022,48,Pois protéagineux,pisum_sativum,winter_proteaginous_pea,"28,2",quintal_per_hectare
2023,48,Pois protéagineux,pisum_sativum,winter_proteaginous_pea,"33,3",quintal_per_hectare
2024,48,Pois protéagineux,pisum_sativum,winter_proteaginous_pea,"35,4",quintal_per_hectare
2025,48,Pois protéagineux,pisum_sativum,winter_proteaginous_pea,"32,0",quintal_per_hectare
2021,49,Pois protéagineux,pisum_sativum,winter_proteaginous_pea,"39,9",quintal_per_hectare
2022,49,Pois protéagineux,pisum_sativum,winter_proteaginous_pea,"37,4",quintal_per_hectare
2023,49,Pois protéagineux,pisum_sativum,winter_proteaginous_pea,"36,8",quintal_per_hectare
2024,49,Pois protéagineux,pisum_sativum,winter_proteaginous_pea,"24,8",quintal_per_hectare
2025,49,Pois protéagineux,pisum_sativum,winter_proteaginous_pea,"39,5",quintal_per_hectare
2021,50,Pois protéagineux,pisum_sativum,winter_proteaginous_pea,"36,0",quintal_per_hectare
2022,50,Pois protéagineux,pisum_sativum,winter_proteaginous_pea,"38,0",quintal_per_hectare
2023,50,Pois protéagineux,pisum_sativum,winter_proteaginous_pea,"38,0",quintal_per_hectare
2024,50,Pois protéagineux,pisum_sativum,winter_proteaginous_pea,"37,0",quintal_per_hectare
2025,50,Pois protéagineux,pisum_sativum,winter_proteaginous_pea,"40,0",quintal_per_hectare
2021,51,Pois protéagineux,pisum_sativum,winter_proteaginous_pea,"33,0",quintal_per_hectare
2022,51,Pois protéagineux,pisum_sativum,winter_proteaginous_pea,"39,0",quintal_per_hectare
2023,51,Pois protéagineux,pisum_sativum,winter_proteaginous_pea,"35,0",quintal_per_hectare
2024,51,Pois protéagineux,pisum_sativum,winter_proteaginous_pea,"32,0",quintal_per_hectare
2025,51,Pois protéagineux,pisum_sativum,winter_proteaginous_pea,"40,0",quintal_per_hectare
2021,52,Pois protéagineux,pisum_sativum,winter_proteaginous_pea,"25,0",quintal_per_hectare
2022,52,Pois protéagineux,pisum_sativum,winter_proteaginous_pea,"21,8",quintal_per_hectare
2023,52,Pois protéagineux,pisum_sativum,winter_proteaginous_pea,"25,0",quintal_per_hectare
2024,52,Pois protéagineux,pisum_sativum,winter_proteaginous_pea,"23,0",quintal_per_hectare
2025,52,Pois protéagineux,pisum_sativum,winter_proteaginous_pea,"30,0",quintal_per_hectare
2021,53,Pois protéagineux,pisum_sativum,winter_proteaginous_pea,"32,0",quintal_per_hectare
2022,53,Pois protéagineux,pisum_sativum,winter_proteaginous_pea,"37,6",quintal_per_hectare
2023,53,Pois protéagineux,pisum_sativum,winter_proteaginous_pea,"34,6",quintal_per_hectare
2024,53,Pois protéagineux,pisum_sativum,winter_proteaginous_pea,"23,1",quintal_per_hectare
2025,53,Pois protéagineux,pisum_sativum,winter_proteaginous_pea,"31,4",quintal_per_hectare
2021,54,Pois protéagineux,pisum_sativum,winter_proteaginous_pea,"25,0",quintal_per_hectare
2022,54,Pois protéagineux,pisum_sativum,winter_proteaginous_pea,"22,0",quintal_per_hectare
2023,54,Pois protéagineux,pisum_sativum,winter_proteaginous_pea,"25,0",quintal_per_hectare
2024,54,Pois protéagineux,pisum_sativum,winter_proteaginous_pea,"26,0",quintal_per_hectare
2025,54,Pois protéagineux,pisum_sativum,winter_proteaginous_pea,"29,4",quintal_per_hectare
2021,55,Pois protéagineux,pisum_sativum,winter_proteaginous_pea,"27,0",quintal_per_hectare
2022,55,Pois protéagineux,pisum_sativum,winter_proteaginous_pea,"25,0",quintal_per_hectare
2023,55,Pois protéagineux,pisum_sativum,winter_proteaginous_pea,"22,0",quintal_per_hectare
2024,55,Pois protéagineux,pisum_sativum,winter_proteaginous_pea,"30,0",quintal_per_hectare
2025,55,Pois protéagineux,pisum_sativum,winter_proteaginous_pea,"34,0",quintal_per_hectare
2021,56,Pois protéagineux,pisum_sativum,winter_proteaginous_pea,"40,3",quintal_per_hectare
2022,56,Pois protéagineux,pisum_sativum,winter_proteaginous_pea,"36,4",quintal_per_hectare
2023,56,Pois protéagineux,pisum_sativum,winter_proteaginous_pea,"40,7",quintal_per_hectare
2024,56,Pois protéagineux,pisum_sativum,winter_proteaginous_pea,"41,4",quintal_per_hectare
2025,56,Pois protéagineux,pisum_sativum,winter_proteaginous_pea,"28,0",quintal_per_hectare
2021,57,Pois protéagineux,pisum_sativum,winter_proteaginous_pea,"30,0",quintal_per_hectare
2022,57,Pois protéagineux,pisum_sativum,winter_proteaginous_pea,"25,7",quintal_per_hectare
2023,57,Pois protéagineux,pisum_sativum,winter_proteaginous_pea,"25,0",quintal_per_hectare
2024,57,Pois protéagineux,pisum_sativum,winter_proteaginous_pea,"33,0",quintal_per_hectare
2025,57,Pois protéagineux,pisum_sativum,winter_proteaginous_pea,"37,0",quintal_per_hectare
2021,58,Pois protéagineux,pisum_sativum,winter_proteaginous_pea,"21,0",quintal_per_hectare
2022,58,Pois protéagineux,pisum_sativum,winter_proteaginous_pea,"24,3",quintal_per_hectare
2023,58,Pois protéagineux,pisum_sativum,winter_proteaginous_pea,"22,0",quintal_per_hectare
2024,58,Pois protéagineux,pisum_sativum,winter_proteaginous_pea,"15,5",quintal_per_hectare
2025,58,Pois protéagineux,pisum_sativum,winter_proteaginous_pea,"33,8",quintal_per_hectare
2021,59,Pois protéagineux,pisum_sativum,winter_proteaginous_pea,"32,2",quintal_per_hectare
2022,59,Pois protéagineux,pisum_sativum,winter_proteaginous_pea,"45,0",quintal_per_hectare
2023,59,Pois protéagineux,pisum_sativum,winter_proteaginous_pea,"40,0",quintal_per_hectare
2024,59,Pois protéagineux,pisum_sativum,winter_proteaginous_pea,"35,8",quintal_per_hectare
2025,59,Pois protéagineux,pisum_sativum,winter_proteaginous_pea,"46,2",quintal_per_hectare
2021,60,Pois protéagineux,pisum_sativum,winter_proteaginous_pea,"30,5",quintal_per_hectare
2022,60,Pois protéagineux,pisum_sativum,winter_proteaginous_pea,"41,2",quintal_per_hectare
2023,60,Pois protéagineux,pisum_sativum,winter_proteaginous_pea,"40,0",quintal_per_hectare
2024,60,Pois protéagineux,pisum_sativum,winter_proteaginous_pea,"31,0",quintal_per_hectare
2025,60,Pois protéagineux,pisum_sativum,winter_proteaginous_pea,"43,3",quintal_per_hectare
2021,61,Pois protéagineux,pisum_sativum,winter_proteaginous_pea,"30,0",quintal_per_hectare
2022,61,Pois protéagineux,pisum_sativum,winter_proteaginous_pea,"36,0",quintal_per_hectare
2023,61,Pois protéagineux,pisum_sativum,winter_proteaginous_pea,"40,0",quintal_per_hectare
2024,61,Pois protéagineux,pisum_sativum,winter_proteaginous_pea,"36,0",quintal_per_hectare
2025,61,Pois protéagineux,pisum_sativum,winter_proteaginous_pea,"39,0",quintal_per_hectare
2021,62,Pois protéagineux,pisum_sativum,winter_proteaginous_pea,"32,4",quintal_per_hectare
2022,62,Pois protéagineux,pisum_sativum,winter_proteaginous_pea,"44,0",quintal_per_hectare
2023,62,Pois protéagineux,pisum_sativum,winter_proteaginous_pea,"40,0",quintal_per_hectare
2024,62,Pois protéagineux,pisum_sativum,winter_proteaginous_pea,"35,6",quintal_per_hectare
2025,62,Pois protéagineux,pisum_sativum,winter_proteaginous_pea,"45,7",quintal_per_hectare
2021,63,Pois protéagineux,pisum_sativum,winter_proteaginous_pea,"20,0",quintal_per_hectare
2022,63,Pois protéagineux,pisum_sativum,winter_proteaginous_pea,"26,8",quintal_per_hectare
2023,63,Pois protéagineux,pisum_sativum,winter_proteaginous_pea,"32,9",quintal_per_hectare
2024,63,Pois protéagineux,pisum_sativum,winter_proteaginous_pea,"28,0",quintal_per_hectare
2025,63,Pois protéagineux,pisum_sativum,winter_proteaginous_pea,"36,9",quintal_per_hectare
2021,64,Pois protéagineux,pisum_sativum,winter_proteaginous_pea,"34,1",quintal_per_hectare
2022,64,Pois protéagineux,pisum_sativum,winter_proteaginous_pea,"29,3",quintal_per_hectare
2023,64,Pois protéagineux,pisum_sativum,winter_proteaginous_pea,"32,1",quintal_per_hectare
2024,64,Pois protéagineux,pisum_sativum,winter_proteaginous_pea,"29,2",quintal_per_hectare
2025,64,Pois protéagineux,pisum_sativum,winter_proteaginous_pea,"28,1",quintal_per_hectare
2021,65,Pois protéagineux,pisum_sativum,winter_proteaginous_pea,"40,0",quintal_per_hectare
2022,65,Pois protéagineux,pisum_sativum,winter_proteaginous_pea,"38,0",quintal_per_hectare
2023,65,Pois protéagineux,pisum_sativum,winter_proteaginous_pea,"37,6",quintal_per_hectare
2024,65,Pois protéagineux,pisum_sativum,winter_proteaginous_pea,"35,0",quintal_per_hectare
2025,65,Pois protéagineux,pisum_sativum,winter_proteaginous_pea,"39,0",quintal_per_hectare
2021,66,Pois protéagineux,pisum_sativum,winter_proteaginous_pea,"40,0",quintal_per_hectare
2022,66,Pois protéagineux,pisum_sativum,winter_proteaginous_pea,"30,0",quintal_per_hectare
2023,66,Pois protéagineux,pisum_sativum,winter_proteaginous_pea,"30,0",quintal_per_hectare
2024,66,Pois protéagineux,pisum_sativum,winter_proteaginous_pea,"21,0",quintal_per_hectare
2025,66,Pois protéagineux,pisum_sativum,winter_proteaginous_pea,"34,0",quintal_per_hectare
2021,67,Pois protéagineux,pisum_sativum,winter_proteaginous_pea,"35,0",quintal_per_hectare
2022,67,Pois protéagineux,pisum_sativum,winter_proteaginous_pea,"30,0",quintal_per_hectare
2023,67,Pois protéagineux,pisum_sativum,winter_proteaginous_pea,"29,9",quintal_per_hectare
2024,67,Pois protéagineux,pisum_sativum,winter_proteaginous_pea,"30,0",quintal_per_hectare
2025,67,Pois protéagineux,pisum_sativum,winter_proteaginous_pea,"32,0",quintal_per_hectare
2021,68,Pois protéagineux,pisum_sativum,winter_proteaginous_pea,"25,0",quintal_per_hectare
2022,68,Pois protéagineux,pisum_sativum,winter_proteaginous_pea,"30,0",quintal_per_hectare
2023,68,Pois protéagineux,pisum_sativum,winter_proteaginous_pea,"30,1",quintal_per_hectare
2024,68,Pois protéagineux,pisum_sativum,winter_proteaginous_pea,"30,0",quintal_per_hectare
2025,68,Pois protéagineux,pisum_sativum,winter_proteaginous_pea,"33,0",quintal_per_hectare
2021,69,Pois protéagineux,pisum_sativum,winter_proteaginous_pea,"29,2",quintal_per_hectare
2022,69,Pois protéagineux,pisum_sativum,winter_proteaginous_pea,"29,1",quintal_per_hectare
2023,69,Pois protéagineux,pisum_sativum,winter_proteaginous_pea,"33,0",quintal_per_hectare
2024,69,Pois protéagineux,pisum_sativum,winter_proteaginous_pea,"30,0",quintal_per_hectare
2025,69,Pois protéagineux,pisum_sativum,winter_proteaginous_pea,"32,3",quintal_per_hectare
2021,70,Pois protéagineux,pisum_sativum,winter_proteaginous_pea,"10,0",quintal_per_hectare
2022,70,Pois protéagineux,pisum_sativum,winter_proteaginous_pea,"26,0",quintal_per_hectare
2023,70,Pois protéagineux,pisum_sativum,winter_proteaginous_pea,"24,0",quintal_per_hectare
2024,70,Pois protéagineux,pisum_sativum,winter_proteaginous_pea,"25,2",quintal_per_hectare
2025,70,Pois protéagineux,pisum_sativum,winter_proteaginous_pea,"34,6",quintal_per_hectare
2021,71,Pois protéagineux,pisum_sativum,winter_proteaginous_pea,"17,0",quintal_per_hectare
2022,71,Pois protéagineux,pisum_sativum,winter_proteaginous_pea,"19,8",quintal_per_hectare
2023,71,Pois protéagineux,pisum_sativum,winter_proteaginous_pea,"22,0",quintal_per_hectare
2024,71,Pois protéagineux,pisum_sativum,winter_proteaginous_pea,"21,7",quintal_per_hectare
2025,71,Pois protéagineux,pisum_sativum,winter_proteaginous_pea,"31,0",quintal_per_hectare
2021,72,Pois protéagineux,pisum_sativum,winter_proteaginous_pea,"35,3",quintal_per_hectare
2022,72,Pois protéagineux,pisum_sativum,winter_proteaginous_pea,"38,1",quintal_per_hectare
2023,72,Pois protéagineux,pisum_sativum,winter_proteaginous_pea,"33,3",quintal_per_hectare
2024,72,Pois protéagineux,pisum_sativum,winter_proteaginous_pea,"31,7",quintal_per_hectare
2025,72,Pois protéagineux,pisum_sativum,winter_proteaginous_pea,"39,4",quintal_per_hectare
2021,73,Pois protéagineux,pisum_sativum,winter_proteaginous_pea,"26,0",quintal_per_hectare
2022,73,Pois protéagineux,pisum_sativum,winter_proteaginous_pea,"24,0",quintal_per_hectare
2023,73,Pois protéagineux,pisum_sativum,winter_proteaginous_pea,"27,3",quintal_per_hectare
2024,73,Pois protéagineux,pisum_sativum,winter_proteaginous_pea,"25,6",quintal_per_hectare
2025,73,Pois protéagineux,pisum_sativum,winter_proteaginous_pea,"28,0",quintal_per_hectare
2021,74,Pois protéagineux,pisum_sativum,winter_proteaginous_pea,"35,0",quintal_per_hectare
2022,74,Pois protéagineux,pisum_sativum,winter_proteaginous_pea,"32,2",quintal_per_hectare
2023,74,Pois protéagineux,pisum_sativum,winter_proteaginous_pea,"34,0",quintal_per_hectare
2024,74,Pois protéagineux,pisum_sativum,winter_proteaginous_pea,"26,3",quintal_per_hectare
2025,74,Pois protéagineux,pisum_sativum,winter_proteaginous_pea,"32,5",quintal_per_hectare
2021,76,Pois protéagineux,pisum_sativum,winter_proteaginous_pea,"27,0",quintal_per_hectare
2022,76,Pois protéagineux,pisum_sativum,winter_proteaginous_pea,"38,0",quintal_per_hectare
2023,76,Pois protéagineux,pisum_sativum,winter_proteaginous_pea,"46,0",quintal_per_hectare
2024,76,Pois protéagineux,pisum_sativum,winter_proteaginous_pea,"39,0",quintal_per_hectare
2025,76,Pois protéagineux,pisum_sativum,winter_proteaginous_pea,"45,0",quintal_per_hectare
2021,77,Pois protéagineux,pisum_sativum,winter_proteaginous_pea,"30,0",quintal_per_hectare
2022,77,Pois protéagineux,pisum_sativum,winter_proteaginous_pea,"40,0",quintal_per_hectare
2023,77,Pois protéagineux,pisum_sativum,winter_proteaginous_pea,"37,0",quintal_per_hectare
2024,77,Pois protéagineux,pisum_sativum,winter_proteaginous_pea,"18,3",quintal_per_hectare
2025,77,Pois protéagineux,pisum_sativum,winter_proteaginous_pea,"40,6",quintal_per_hectare
2021,78,Pois protéagineux,pisum_sativum,winter_proteaginous_pea,"34,0",quintal_per_hectare
2022,78,Pois protéagineux,pisum_sativum,winter_proteaginous_pea,"41,0",quintal_per_hectare
2023,78,Pois protéagineux,pisum_sativum,winter_proteaginous_pea,"37,0",quintal_per_hectare
2024,78,Pois protéagineux,pisum_sativum,winter_proteaginous_pea,"22,0",quintal_per_hectare
2025,78,Pois protéagineux,pisum_sativum,winter_proteaginous_pea,"42,7",quintal_per_hectare
2021,79,Pois protéagineux,pisum_sativum,winter_proteaginous_pea,"28,5",quintal_per_hectare
2022,79,Pois protéagineux,pisum_sativum,winter_proteaginous_pea,"25,0",quintal_per_hectare
2023,79,Pois protéagineux,pisum_sativum,winter_proteaginous_pea,"30,6",quintal_per_hectare
2024,79,Pois protéagineux,pisum_sativum,winter_proteaginous_pea,"29,0",quintal_per_hectare
2025,79,Pois protéagineux,pisum_sativum,winter_proteaginous_pea,"34,3",quintal_per_hectare
2021,80,Pois protéagineux,pisum_sativum,winter_proteaginous_pea,"33,3",quintal_per_hectare
2022,80,Pois protéagineux,pisum_sativum,winter_proteaginous_pea,"40,4",quintal_per_hectare
2023,80,Pois protéagineux,pisum_sativum,winter_proteaginous_pea,"39,0",quintal_per_hectare
2024,80,Pois protéagineux,pisum_sativum,winter_proteaginous_pea,"32,4",quintal_per_hectare
2025,80,Pois protéagineux,pisum_sativum,winter_proteaginous_pea,"42,2",quintal_per_hectare
2021,81,Pois protéagineux,pisum_sativum,winter_proteaginous_pea,"35,5",quintal_per_hectare
2022,81,Pois protéagineux,pisum_sativum,winter_proteaginous_pea,"34,8",quintal_per_hectare
2023,81,Pois protéagineux,pisum_sativum,winter_proteaginous_pea,"34,9",quintal_per_hectare
2024,81,Pois protéagineux,pisum_sativum,winter_proteaginous_pea,"40,4",quintal_per_hectare
2025,81,Pois protéagineux,pisum_sativum,winter_proteaginous_pea,"35,4",quintal_per_hectare
2021,82,Pois protéagineux,pisum_sativum,winter_proteaginous_pea,"34,4",quintal_per_hectare
2022,82,Pois protéagineux,pisum_sativum,winter_proteaginous_pea,"32,4",quintal_per_hectare
2023,82,Pois protéagineux,pisum_sativum,winter_proteaginous_pea,"35,8",quintal_per_hectare
2024,82,Pois protéagineux,pisum_sativum,winter_proteaginous_pea,"28,0",quintal_per_hectare
2025,82,Pois protéagineux,pisum_sativum,winter_proteaginous_pea,"32,4",quintal_per_hectare
2021,83,Pois protéagineux,pisum_sativum,winter_proteaginous_pea,"18,0",quintal_per_hectare
2022,83,Pois protéagineux,pisum_sativum,winter_proteaginous_pea,"10,0",quintal_per_hectare
2023,83,Pois protéagineux,pisum_sativum,winter_proteaginous_pea,"22,9",quintal_per_hectare
2024,83,Pois protéagineux,pisum_sativum,winter_proteaginous_pea,"21,3",quintal_per_hectare
2025,83,Pois protéagineux,pisum_sativum,winter_proteaginous_pea,"18,2",quintal_per_hectare
2021,84,Pois protéagineux,pisum_sativum,winter_proteaginous_pea,"22,7",quintal_per_hectare
2022,84,Pois protéagineux,pisum_sativum,winter_proteaginous_pea,"12,5",quintal_per_hectare
2023,84,Pois protéagineux,pisum_sativum,winter_proteaginous_pea,"20,3",quintal_per_hectare
2024,84,Pois protéagineux,pisum_sativum,winter_proteaginous_pea,"18,3",quintal_per_hectare
2025,84,Pois protéagineux,pisum_sativum,winter_proteaginous_pea,"19,3",quintal_per_hectare
2021,85,Pois protéagineux,pisum_sativum,winter_proteaginous_pea,"42,6",quintal_per_hectare
2022,85,Pois protéagineux,pisum_sativum,winter_proteaginous_pea,"35,3",quintal_per_hectare
2023,85,Pois protéagineux,pisum_sativum,winter_proteaginous_pea,"37,9",quintal_per_hectare
2024,85,Pois protéagineux,pisum_sativum,winter_proteaginous_pea,"29,5",quintal_per_hectare
2025,85,Pois protéagineux,pisum_sativum,winter_proteaginous_pea,"41,5",quintal_per_hectare
2021,86,Pois protéagineux,pisum_sativum,winter_proteaginous_pea,"31,1",quintal_per_hectare
2022,86,Pois protéagineux,pisum_sativum,winter_proteaginous_pea,"27,9",quintal_per_hectare
2023,86,Pois protéagineux,pisum_sativum,winter_proteaginous_pea,"32,5",quintal_per_hectare
2024,86,Pois protéagineux,pisum_sativum,winter_proteaginous_pea,"24,7",quintal_per_hectare
2025,86,Pois protéagineux,pisum_sativum,winter_proteaginous_pea,"34,3",quintal_per_hectare
2021,87,Pois protéagineux,pisum_sativum,winter_proteaginous_pea,"25,1",quintal_per_hectare
2022,87,Pois protéagineux,pisum_sativum,winter_proteaginous_pea,"26,4",quintal_per_hectare
2023,87,Pois protéagineux,pisum_sativum,winter_proteaginous_pea,"28,2",quintal_per_hectare
2024,87,Pois protéagineux,pisum_sativum,winter_proteaginous_pea,"23,1",quintal_per_hectare
2025,87,Pois protéagineux,pisum_sativum,winter_proteaginous_pea,"28,4",quintal_per_hectare
2021,88,Pois protéagineux,pisum_sativum,winter_proteaginous_pea,"21,0",quintal_per_hectare
2022,88,Pois protéagineux,pisum_sativum,winter_proteaginous_pea,"27,9",quintal_per_hectare
2023,88,Pois protéagineux,pisum_sativum,winter_proteaginous_pea,"26,0",quintal_per_hectare
2024,88,Pois protéagineux,pisum_sativum,winter_proteaginous_pea,"28,0",quintal_per_hectare
2025,88,Pois protéagineux,pisum_sativum,winter_proteaginous_pea,"30,0",quintal_per_hectare
2021,89,Pois protéagineux,pisum_sativum,winter_proteaginous_pea,"26,0",quintal_per_hectare
2022,89,Pois protéagineux,pisum_sativum,winter_proteaginous_pea,"19,2",quintal_per_hectare
2023,89,Pois protéagineux,pisum_sativum,winter_proteaginous_pea,"24,0",quintal_per_hectare
2024,89,Pois protéagineux,pisum_sativum,winter_proteaginous_pea,"24,2",quintal_per_hectare
2025,89,Pois protéagineux,pisum_sativum,winter_proteaginous_pea,"34,0",quintal_per_hectare
2021,90,Pois protéagineux,pisum_sativum,winter_proteaginous_pea,"10,0",quintal_per_hectare
2022,90,Pois protéagineux,pisum_sativum,winter_proteaginous_pea,"26,0",quintal_per_hectare
2023,90,Pois protéagineux,pisum_sativum,winter_proteaginous_pea,"26,0",quintal_per_hectare
2021,91,Pois protéagineux,pisum_sativum,winter_proteaginous_pea,"35,0",quintal_per_hectare
2022,91,Pois protéagineux,pisum_sativum,winter_proteaginous_pea,"43,0",quintal_per_hectare
2023,91,Pois protéagineux,pisum_sativum,winter_proteaginous_pea,"33,0",quintal_per_hectare
2024,91,Pois protéagineux,pisum_sativum,winter_proteaginous_pea,"18,0",quintal_per_hectare
2025,91,Pois protéagineux,pisum_sativum,winter_proteaginous_pea,"39,8",quintal_per_hectare
2021,95,Pois protéagineux,pisum_sativum,winter_proteaginous_pea,"32,0",quintal_per_hectare
2022,95,Pois protéagineux,pisum_sativum,winter_proteaginous_pea,"43,0",quintal_per_hectare
2023,95,Pois protéagineux,pisum_sativum,winter_proteaginous_pea,"42,0",quintal_per_hectare
2024,95,Pois protéagineux,pisum_sativum,winter_proteaginous_pea,"25,0",quintal_per_hectare
2025,95,Pois protéagineux,pisum_sativum,winter_proteaginous_pea,"45,3",quintal_per_hectare
2021,01,Soja,glycine_max,soy,"29,0",quintal_per_hectare
2022,01,Soja,glycine_max,soy,"22,0",quintal_per_hectare
2023,01,Soja,glycine_max,soy,"26,0",quintal_per_hectare
2024,01,Soja,glycine_max,soy,"29,0",quintal_per_hectare
2025,01,Soja,glycine_max,soy,"28,0",quintal_per_hectare
2021,02,Soja,glycine_max,soy,"30,0",quintal_per_hectare
2022,02,Soja,glycine_max,soy,"26,0",quintal_per_hectare
2023,02,Soja,glycine_max,soy,"33,9",quintal_per_hectare
2024,02,Soja,glycine_max,soy,"30,0",quintal_per_hectare
2025,02,Soja,glycine_max,soy,"32,0",quintal_per_hectare
2021,03,Soja,glycine_max,soy,"22,0",quintal_per_hectare
2022,03,Soja,glycine_max,soy,"22,0",quintal_per_hectare
2023,03,Soja,glycine_max,soy,"26,0",quintal_per_hectare
2024,03,Soja,glycine_max,soy,"29,0",quintal_per_hectare
2025,03,Soja,glycine_max,soy,"20,0",quintal_per_hectare
2021,04,Soja,glycine_max,soy,"27,5",quintal_per_hectare
2022,04,Soja,glycine_max,soy,"27,5",quintal_per_hectare
2023,04,Soja,glycine_max,soy,"23,0",quintal_per_hectare
2024,04,Soja,glycine_max,soy,"23,0",quintal_per_hectare
2025,04,Soja,glycine_max,soy,"25,2",quintal_per_hectare
2021,05,Soja,glycine_max,soy,"25,0",quintal_per_hectare
2022,05,Soja,glycine_max,soy,"25,0",quintal_per_hectare
2023,05,Soja,glycine_max,soy,"25,0",quintal_per_hectare
2024,05,Soja,glycine_max,soy,"23,0",quintal_per_hectare
2025,05,Soja,glycine_max,soy,"24,6",quintal_per_hectare
2021,07,Soja,glycine_max,soy,"24,0",quintal_per_hectare
2022,07,Soja,glycine_max,soy,"33,0",quintal_per_hectare
2023,07,Soja,glycine_max,soy,"25,0",quintal_per_hectare
2024,07,Soja,glycine_max,soy,"28,0",quintal_per_hectare
2025,07,Soja,glycine_max,soy,"26,0",quintal_per_hectare
2021,08,Soja,glycine_max,soy,"25,0",quintal_per_hectare
2022,08,Soja,glycine_max,soy,"16,0",quintal_per_hectare
2023,08,Soja,glycine_max,soy,"25,0",quintal_per_hectare
2024,08,Soja,glycine_max,soy,"35,0",quintal_per_hectare
2025,08,Soja,glycine_max,soy,"30,0",quintal_per_hectare
2021,09,Soja,glycine_max,soy,"25,0",quintal_per_hectare
2022,09,Soja,glycine_max,soy,"20,0",quintal_per_hectare
2023,09,Soja,glycine_max,soy,"20,0",quintal_per_hectare
2024,09,Soja,glycine_max,soy,"19,0",quintal_per_hectare
2025,09,Soja,glycine_max,soy,"40,0",quintal_per_hectare
2021,10,Soja,glycine_max,soy,"30,0",quintal_per_hectare
2022,10,Soja,glycine_max,soy,"16,0",quintal_per_hectare
2023,10,Soja,glycine_max,soy,"25,0",quintal_per_hectare
2024,10,Soja,glycine_max,soy,"32,0",quintal_per_hectare
2025,10,Soja,glycine_max,soy,"29,0",quintal_per_hectare
2021,11,Soja,glycine_max,soy,"30,0",quintal_per_hectare
2022,11,Soja,glycine_max,soy,"15,0",quintal_per_hectare
2023,11,Soja,glycine_max,soy,"19,0",quintal_per_hectare
2024,11,Soja,glycine_max,soy,"21,0",quintal_per_hectare
2025,11,Soja,glycine_max,soy,"19,0",quintal_per_hectare
2021,12,Soja,glycine_max,soy,"24,0",quintal_per_hectare
2022,12,Soja,glycine_max,soy,"18,0",quintal_per_hectare
2023,12,Soja,glycine_max,soy,"18,0",quintal_per_hectare
2024,12,Soja,glycine_max,soy,"20,0",quintal_per_hectare
2025,12,Soja,glycine_max,soy,"20,0",quintal_per_hectare
2021,13,Soja,glycine_max,soy,"25,4",quintal_per_hectare
2022,13,Soja,glycine_max,soy,"25,4",quintal_per_hectare
2023,13,Soja,glycine_max,soy,"25,4",quintal_per_hectare
2024,13,Soja,glycine_max,soy,"20,1",quintal_per_hectare
2025,13,Soja,glycine_max,soy,"22,0",quintal_per_hectare
2021,14,Soja,glycine_max,soy,"27,0",quintal_per_hectare
2022,14,Soja,glycine_max,soy,"30,0",quintal_per_hectare
2023,14,Soja,glycine_max,soy,"25,0",quintal_per_hectare
2024,14,Soja,glycine_max,soy,"23,0",quintal_per_hectare
2025,14,Soja,glycine_max,soy,"27,0",quintal_per_hectare
2025,15,Soja,glycine_max,soy,"15,0",quintal_per_hectare
2021,16,Soja,glycine_max,soy,"31,0",quintal_per_hectare
2022,16,Soja,glycine_max,soy,"23,0",quintal_per_hectare
2023,16,Soja,glycine_max,soy,"26,0",quintal_per_hectare
2024,16,Soja,glycine_max,soy,"21,0",quintal_per_hectare
2025,16,Soja,glycine_max,soy,"22,0",quintal_per_hectare
2021,17,Soja,glycine_max,soy,"31,0",quintal_per_hectare
2022,17,Soja,glycine_max,soy,"18,0",quintal_per_hectare
2023,17,Soja,glycine_max,soy,"27,0",quintal_per_hectare
2024,17,Soja,glycine_max,soy,"24,0",quintal_per_hectare
2025,17,Soja,glycine_max,soy,"20,0",quintal_per_hectare
2021,18,Soja,glycine_max,soy,"21,0",quintal_per_hectare
2022,18,Soja,glycine_max,soy,"20,0",quintal_per_hectare
2023,18,Soja,glycine_max,soy,"22,0",quintal_per_hectare
2024,18,Soja,glycine_max,soy,"18,0",quintal_per_hectare
2025,18,Soja,glycine_max,soy,"12,0",quintal_per_hectare
2021,19,Soja,glycine_max,soy,"15,0",quintal_per_hectare
2022,19,Soja,glycine_max,soy,"12,0",quintal_per_hectare
2023,19,Soja,glycine_max,soy,"15,0",quintal_per_hectare
2024,19,Soja,glycine_max,soy,"15,0",quintal_per_hectare
2025,19,Soja,glycine_max,soy,"12,0",quintal_per_hectare
2021,21,Soja,glycine_max,soy,"29,0",quintal_per_hectare
2022,21,Soja,glycine_max,soy,"18,0",quintal_per_hectare
2023,21,Soja,glycine_max,soy,"26,0",quintal_per_hectare
2024,21,Soja,glycine_max,soy,"28,0",quintal_per_hectare
2025,21,Soja,glycine_max,soy,"26,0",quintal_per_hectare
2021,22,Soja,glycine_max,soy,"34,0",quintal_per_hectare
2022,22,Soja,glycine_max,soy,"27,4",quintal_per_hectare
2023,22,Soja,glycine_max,soy,"28,0",quintal_per_hectare
2024,22,Soja,glycine_max,soy,"27,8",quintal_per_hectare
2025,22,Soja,glycine_max,soy,"28,3",quintal_per_hectare
2021,23,Soja,glycine_max,soy,"24,0",quintal_per_hectare
2022,23,Soja,glycine_max,soy,"18,0",quintal_per_hectare
2023,23,Soja,glycine_max,soy,"18,0",quintal_per_hectare
2024,23,Soja,glycine_max,soy,"8,0",quintal_per_hectare
2025,23,Soja,glycine_max,soy,"10,0",quintal_per_hectare
2021,24,Soja,glycine_max,soy,"36,0",quintal_per_hectare
2022,24,Soja,glycine_max,soy,"20,0",quintal_per_hectare
2023,24,Soja,glycine_max,soy,"22,0",quintal_per_hectare
2024,24,Soja,glycine_max,soy,"23,0",quintal_per_hectare
2025,24,Soja,glycine_max,soy,"25,0",quintal_per_hectare
2021,25,Soja,glycine_max,soy,"27,0",quintal_per_hectare
2022,25,Soja,glycine_max,soy,"14,0",quintal_per_hectare
2023,25,Soja,glycine_max,soy,"32,0",quintal_per_hectare
2024,25,Soja,glycine_max,soy,"26,0",quintal_per_hectare
2025,25,Soja,glycine_max,soy,"27,0",quintal_per_hectare
2021,26,Soja,glycine_max,soy,"33,5",quintal_per_hectare
2022,26,Soja,glycine_max,soy,"34,0",quintal_per_hectare
2023,26,Soja,glycine_max,soy,"32,0",quintal_per_hectare
2024,26,Soja,glycine_max,soy,"33,0",quintal_per_hectare
2025,26,Soja,glycine_max,soy,"32,0",quintal_per_hectare
2021,27,Soja,glycine_max,soy,"27,0",quintal_per_hectare
2022,27,Soja,glycine_max,soy,"30,0",quintal_per_hectare
2023,27,Soja,glycine_max,soy,"25,0",quintal_per_hectare
2024,27,Soja,glycine_max,soy,"23,0",quintal_per_hectare
2025,27,Soja,glycine_max,soy,"27,0",quintal_per_hectare
2021,28,Soja,glycine_max,soy,"25,0",quintal_per_hectare
2022,28,Soja,glycine_max,soy,"29,0",quintal_per_hectare
2023,28,Soja,glycine_max,soy,"34,0",quintal_per_hectare
2024,28,Soja,glycine_max,soy,"21,0",quintal_per_hectare
2025,28,Soja,glycine_max,soy,"29,0",quintal_per_hectare
2021,29,Soja,glycine_max,soy,"29,2",quintal_per_hectare
2022,29,Soja,glycine_max,soy,"28,0",quintal_per_hectare
2023,29,Soja,glycine_max,soy,"27,8",quintal_per_hectare
2024,29,Soja,glycine_max,soy,"27,4",quintal_per_hectare
2025,29,Soja,glycine_max,soy,"27,5",quintal_per_hectare
2021,30,Soja,glycine_max,soy,"22,0",quintal_per_hectare
2022,30,Soja,glycine_max,soy,"16,0",quintal_per_hectare
2023,30,Soja,glycine_max,soy,"19,0",quintal_per_hectare
2024,30,Soja,glycine_max,soy,"22,0",quintal_per_hectare
2025,30,Soja,glycine_max,soy,"17,0",quintal_per_hectare
2021,31,Soja,glycine_max,soy,"27,0",quintal_per_hectare
2022,31,Soja,glycine_max,soy,"18,0",quintal_per_hectare
2023,31,Soja,glycine_max,soy,"19,0",quintal_per_hectare
2024,31,Soja,glycine_max,soy,"27,0",quintal_per_hectare
2025,31,Soja,glycine_max,soy,"28,0",quintal_per_hectare
2021,32,Soja,glycine_max,soy,"27,0",quintal_per_hectare
2022,32,Soja,glycine_max,soy,"18,0",quintal_per_hectare
2023,32,Soja,glycine_max,soy,"17,0",quintal_per_hectare
2024,32,Soja,glycine_max,soy,"22,0",quintal_per_hectare
2025,32,Soja,glycine_max,soy,"21,0",quintal_per_hectare
2021,33,Soja,glycine_max,soy,"27,0",quintal_per_hectare
2022,33,Soja,glycine_max,soy,"25,0",quintal_per_hectare
2023,33,Soja,glycine_max,soy,"25,0",quintal_per_hectare
2024,33,Soja,glycine_max,soy,"24,0",quintal_per_hectare
2025,33,Soja,glycine_max,soy,"25,0",quintal_per_hectare
2021,34,Soja,glycine_max,soy,"16,0",quintal_per_hectare
2022,34,Soja,glycine_max,soy,"11,0",quintal_per_hectare
2023,34,Soja,glycine_max,soy,"16,0",quintal_per_hectare
2024,34,Soja,glycine_max,soy,"14,0",quintal_per_hectare
2025,34,Soja,glycine_max,soy,"12,0",quintal_per_hectare
2021,35,Soja,glycine_max,soy,"27,0",quintal_per_hectare
2022,35,Soja,glycine_max,soy,"27,4",quintal_per_hectare
2023,35,Soja,glycine_max,soy,"26,9",quintal_per_hectare
2024,35,Soja,glycine_max,soy,"26,3",quintal_per_hectare
2025,35,Soja,glycine_max,soy,"26,5",quintal_per_hectare
2021,36,Soja,glycine_max,soy,"22,0",quintal_per_hectare
2022,36,Soja,glycine_max,soy,"20,0",quintal_per_hectare
2023,36,Soja,glycine_max,soy,"20,0",quintal_per_hectare
2024,36,Soja,glycine_max,soy,"17,0",quintal_per_hectare
2025,36,Soja,glycine_max,soy,"15,0",quintal_per_hectare
2021,37,Soja,glycine_max,soy,"23,0",quintal_per_hectare
2022,37,Soja,glycine_max,soy,"25,0",quintal_per_hectare
2023,37,Soja,glycine_max,soy,"24,0",quintal_per_hectare
2024,37,Soja,glycine_max,soy,"18,0",quintal_per_hectare
2025,37,Soja,glycine_max,soy,"25,0",quintal_per_hectare
2021,38,Soja,glycine_max,soy,"32,0",quintal_per_hectare
2022,38,Soja,glycine_max,soy,"27,0",quintal_per_hectare
2023,38,Soja,glycine_max,soy,"27,0",quintal_per_hectare
2024,38,Soja,glycine_max,soy,"29,0",quintal_per_hectare
2025,38,Soja,glycine_max,soy,"30,0",quintal_per_hectare
2021,39,Soja,glycine_max,soy,"30,0",quintal_per_hectare
2022,39,Soja,glycine_max,soy,"20,0",quintal_per_hectare
2023,39,Soja,glycine_max,soy,"32,0",quintal_per_hectare
2024,39,Soja,glycine_max,soy,"28,0",quintal_per_hectare
2025,39,Soja,glycine_max,soy,"28,0",quintal_per_hectare
2021,40,Soja,glycine_max,soy,"28,0",quintal_per_hectare
2022,40,Soja,glycine_max,soy,"23,0",quintal_per_hectare
2023,40,Soja,glycine_max,soy,"25,0",quintal_per_hectare
2024,40,Soja,glycine_max,soy,"24,0",quintal_per_hectare
2025,40,Soja,glycine_max,soy,"27,0",quintal_per_hectare
2021,41,Soja,glycine_max,soy,"28,0",quintal_per_hectare
2022,41,Soja,glycine_max,soy,"29,0",quintal_per_hectare
2023,41,Soja,glycine_max,soy,"30,0",quintal_per_hectare
2024,41,Soja,glycine_max,soy,"20,0",quintal_per_hectare
2025,41,Soja,glycine_max,soy,"35,0",quintal_per_hectare
2021,42,Soja,glycine_max,soy,"25,0",quintal_per_hectare
2022,42,Soja,glycine_max,soy,"22,0",quintal_per_hectare
2023,42,Soja,glycine_max,soy,"20,0",quintal_per_hectare
2024,42,Soja,glycine_max,soy,"26,0",quintal_per_hectare
2025,42,Soja,glycine_max,soy,"28,0",quintal_per_hectare
2021,43,Soja,glycine_max,soy,"22,0",quintal_per_hectare
2022,43,Soja,glycine_max,soy,"15,0",quintal_per_hectare
2023,43,Soja,glycine_max,soy,"20,0",quintal_per_hectare
2025,43,Soja,glycine_max,soy,"15,0",quintal_per_hectare
2021,44,Soja,glycine_max,soy,"18,0",quintal_per_hectare
2022,44,Soja,glycine_max,soy,"14,0",quintal_per_hectare
2023,44,Soja,glycine_max,soy,"19,0",quintal_per_hectare
2024,44,Soja,glycine_max,soy,"18,0",quintal_per_hectare
2025,44,Soja,glycine_max,soy,"17,0",quintal_per_hectare
2021,45,Soja,glycine_max,soy,"25,0",quintal_per_hectare
2022,45,Soja,glycine_max,soy,"26,0",quintal_per_hectare
2023,45,Soja,glycine_max,soy,"31,0",quintal_per_hectare
2024,45,Soja,glycine_max,soy,"24,0",quintal_per_hectare
2025,45,Soja,glycine_max,soy,"28,0",quintal_per_hectare
2021,46,Soja,glycine_max,soy,"28,6",quintal_per_hectare
2022,46,Soja,glycine_max,soy,"19,0",quintal_per_hectare
2023,46,Soja,glycine_max,soy,"21,0",quintal_per_hectare
2024,46,Soja,glycine_max,soy,"21,0",quintal_per_hectare
2025,46,Soja,glycine_max,soy,"22,0",quintal_per_hectare
2021,47,Soja,glycine_max,soy,"30,0",quintal_per_hectare
2022,47,Soja,glycine_max,soy,"20,0",quintal_per_hectare
2023,47,Soja,glycine_max,soy,"21,0",quintal_per_hectare
2024,47,Soja,glycine_max,soy,"23,0",quintal_per_hectare
2025,47,Soja,glycine_max,soy,"22,0",quintal_per_hectare
2021,49,Soja,glycine_max,soy,"27,0",quintal_per_hectare
2022,49,Soja,glycine_max,soy,"21,0",quintal_per_hectare
2023,49,Soja,glycine_max,soy,"25,0",quintal_per_hectare
2024,49,Soja,glycine_max,soy,"24,0",quintal_per_hectare
2025,49,Soja,glycine_max,soy,"24,0",quintal_per_hectare
2021,50,Soja,glycine_max,soy,"27,0",quintal_per_hectare
2022,50,Soja,glycine_max,soy,"30,0",quintal_per_hectare
2023,50,Soja,glycine_max,soy,"25,0",quintal_per_hectare
2021,51,Soja,glycine_max,soy,"30,0",quintal_per_hectare
2022,51,Soja,glycine_max,soy,"21,0",quintal_per_hectare
2023,51,Soja,glycine_max,soy,"30,0",quintal_per_hectare
2024,51,Soja,glycine_max,soy,"28,0",quintal_per_hectare
2025,51,Soja,glycine_max,soy,"29,0",quintal_per_hectare
2021,52,Soja,glycine_max,soy,"20,0",quintal_per_hectare
2022,52,Soja,glycine_max,soy,"16,9",quintal_per_hectare
2023,52,Soja,glycine_max,soy,"23,0",quintal_per_hectare
2024,52,Soja,glycine_max,soy,"28,0",quintal_per_hectare
2025,52,Soja,glycine_max,soy,"26,0",quintal_per_hectare
2021,53,Soja,glycine_max,soy,"24,0",quintal_per_hectare
2022,53,Soja,glycine_max,soy,"18,0",quintal_per_hectare
2023,53,Soja,glycine_max,soy,"22,0",quintal_per_hectare
2024,53,Soja,glycine_max,soy,"21,0",quintal_per_hectare
2025,53,Soja,glycine_max,soy,"21,0",quintal_per_hectare
2021,54,Soja,glycine_max,soy,"17,0",quintal_per_hectare
2022,54,Soja,glycine_max,soy,"12,0",quintal_per_hectare
2023,54,Soja,glycine_max,soy,"16,0",quintal_per_hectare
2024,54,Soja,glycine_max,soy,"16,0",quintal_per_hectare
2025,54,Soja,glycine_max,soy,"28,0",quintal_per_hectare
2021,55,Soja,glycine_max,soy,"18,0",quintal_per_hectare
2022,55,Soja,glycine_max,soy,"13,0",quintal_per_hectare
2023,55,Soja,glycine_max,soy,"19,0",quintal_per_hectare
2024,55,Soja,glycine_max,soy,"19,0",quintal_per_hectare
2025,55,Soja,glycine_max,soy,"18,0",quintal_per_hectare
2021,56,Soja,glycine_max,soy,"34,2",quintal_per_hectare
2022,56,Soja,glycine_max,soy,"27,8",quintal_per_hectare
2023,56,Soja,glycine_max,soy,"28,2",quintal_per_hectare
2024,56,Soja,glycine_max,soy,"28,3",quintal_per_hectare
2025,56,Soja,glycine_max,soy,"28,9",quintal_per_hectare
2021,57,Soja,glycine_max,soy,"17,0",quintal_per_hectare
2022,57,Soja,glycine_max,soy,"11,8",quintal_per_hectare
2023,57,Soja,glycine_max,soy,"16,0",quintal_per_hectare
2024,57,Soja,glycine_max,soy,"16,0",quintal_per_hectare
2025,57,Soja,glycine_max,soy,"16,0",quintal_per_hectare
2021,58,Soja,glycine_max,soy,"24,0",quintal_per_hectare
2022,58,Soja,glycine_max,soy,"20,0",quintal_per_hectare
2023,58,Soja,glycine_max,soy,"23,0",quintal_per_hectare
2024,58,Soja,glycine_max,soy,"21,0",quintal_per_hectare
2025,58,Soja,glycine_max,soy,"18,0",quintal_per_hectare
2021,59,Soja,glycine_max,soy,"30,0",quintal_per_hectare
2022,59,Soja,glycine_max,soy,"28,0",quintal_per_hectare
2023,59,Soja,glycine_max,soy,"33,9",quintal_per_hectare
2024,59,Soja,glycine_max,soy,"27,4",quintal_per_hectare
2025,59,Soja,glycine_max,soy,"28,2",quintal_per_hectare
2021,60,Soja,glycine_max,soy,"30,0",quintal_per_hectare
2022,60,Soja,glycine_max,soy,"26,0",quintal_per_hectare
2023,60,Soja,glycine_max,soy,"32,9",quintal_per_hectare
2024,60,Soja,glycine_max,soy,"30,1",quintal_per_hectare
2025,60,Soja,glycine_max,soy,"31,9",quintal_per_hectare
2021,61,Soja,glycine_max,soy,"27,0",quintal_per_hectare
2022,61,Soja,glycine_max,soy,"30,0",quintal_per_hectare
2023,61,Soja,glycine_max,soy,"25,0",quintal_per_hectare
2024,61,Soja,glycine_max,soy,"23,0",quintal_per_hectare
2025,61,Soja,glycine_max,soy,"28,0",quintal_per_hectare
2021,62,Soja,glycine_max,soy,"30,0",quintal_per_hectare
2022,62,Soja,glycine_max,soy,"28,0",quintal_per_hectare
2023,62,Soja,glycine_max,soy,"32,7",quintal_per_hectare
2024,62,Soja,glycine_max,soy,"30,7",quintal_per_hectare
2025,62,Soja,glycine_max,soy,"30,7",quintal_per_hectare
2021,63,Soja,glycine_max,soy,"25,0",quintal_per_hectare
2022,63,Soja,glycine_max,soy,"21,0",quintal_per_hectare
2023,63,Soja,glycine_max,soy,"24,0",quintal_per_hectare
2024,63,Soja,glycine_max,soy,"30,0",quintal_per_hectare
2025,63,Soja,glycine_max,soy,"20,0",quintal_per_hectare
2021,64,Soja,glycine_max,soy,"32,0",quintal_per_hectare
2022,64,Soja,glycine_max,soy,"26,0",quintal_per_hectare
2023,64,Soja,glycine_max,soy,"31,0",quintal_per_hectare
2024,64,Soja,glycine_max,soy,"28,0",quintal_per_hectare
2025,64,Soja,glycine_max,soy,"27,0",quintal_per_hectare
2021,65,Soja,glycine_max,soy,"32,0",quintal_per_hectare
2022,65,Soja,glycine_max,soy,"15,0",quintal_per_hectare
2023,65,Soja,glycine_max,soy,"29,0",quintal_per_hectare
2024,65,Soja,glycine_max,soy,"31,0",quintal_per_hectare
2025,65,Soja,glycine_max,soy,"32,0",quintal_per_hectare
2021,67,Soja,glycine_max,soy,"34,0",quintal_per_hectare
2022,67,Soja,glycine_max,soy,"27,0",quintal_per_hectare
2023,67,Soja,glycine_max,soy,"29,0",quintal_per_hectare
2024,67,Soja,glycine_max,soy,"33,0",quintal_per_hectare
2025,67,Soja,glycine_max,soy,"33,0",quintal_per_hectare
2021,68,Soja,glycine_max,soy,"34,0",quintal_per_hectare
2022,68,Soja,glycine_max,soy,"32,0",quintal_per_hectare
2023,68,Soja,glycine_max,soy,"35,0",quintal_per_hectare
2024,68,Soja,glycine_max,soy,"38,0",quintal_per_hectare
2025,68,Soja,glycine_max,soy,"38,0",quintal_per_hectare
2021,69,Soja,glycine_max,soy,"32,0",quintal_per_hectare
2022,69,Soja,glycine_max,soy,"28,0",quintal_per_hectare
2023,69,Soja,glycine_max,soy,"30,0",quintal_per_hectare
2024,69,Soja,glycine_max,soy,"31,0",quintal_per_hectare
2025,69,Soja,glycine_max,soy,"29,0",quintal_per_hectare
2021,70,Soja,glycine_max,soy,"26,0",quintal_per_hectare
2022,70,Soja,glycine_max,soy,"16,0",quintal_per_hectare
2023,70,Soja,glycine_max,soy,"26,0",quintal_per_hectare
2024,70,Soja,glycine_max,soy,"24,0",quintal_per_hectare
2025,70,Soja,glycine_max,soy,"26,0",quintal_per_hectare
2021,71,Soja,glycine_max,soy,"27,0",quintal_per_hectare
2022,71,Soja,glycine_max,soy,"18,0",quintal_per_hectare
2023,71,Soja,glycine_max,soy,"29,0",quintal_per_hectare
2024,71,Soja,glycine_max,soy,"31,0",quintal_per_hectare
2025,71,Soja,glycine_max,soy,"25,0",quintal_per_hectare
2021,72,Soja,glycine_max,soy,"27,0",quintal_per_hectare
2022,72,Soja,glycine_max,soy,"21,0",quintal_per_hectare
2023,72,Soja,glycine_max,soy,"10,0",quintal_per_hectare
2024,72,Soja,glycine_max,soy,"20,0",quintal_per_hectare
2025,72,Soja,glycine_max,soy,"20,0",quintal_per_hectare
2021,73,Soja,glycine_max,soy,"34,0",quintal_per_hectare
2022,73,Soja,glycine_max,soy,"26,0",quintal_per_hectare
2023,73,Soja,glycine_max,soy,"28,0",quintal_per_hectare
2024,73,Soja,glycine_max,soy,"29,0",quintal_per_hectare
2025,73,Soja,glycine_max,soy,"31,0",quintal_per_hectare
2021,74,Soja,glycine_max,soy,"32,0",quintal_per_hectare
2022,74,Soja,glycine_max,soy,"23,0",quintal_per_hectare
2023,74,Soja,glycine_max,soy,"22,0",quintal_per_hectare
2024,74,Soja,glycine_max,soy,"26,0",quintal_per_hectare
2025,74,Soja,glycine_max,soy,"26,0",quintal_per_hectare
2021,76,Soja,glycine_max,soy,"27,0",quintal_per_hectare
2022,76,Soja,glycine_max,soy,"30,0",quintal_per_hectare
2023,76,Soja,glycine_max,soy,"25,0",quintal_per_hectare
2024,76,Soja,glycine_max,soy,"23,0",quintal_per_hectare
2025,76,Soja,glycine_max,soy,"27,0",quintal_per_hectare
2021,77,Soja,glycine_max,soy,"28,0",quintal_per_hectare
2022,77,Soja,glycine_max,soy,"28,0",quintal_per_hectare
2023,77,Soja,glycine_max,soy,"28,0",quintal_per_hectare
2024,77,Soja,glycine_max,soy,"21,6",quintal_per_hectare
2025,77,Soja,glycine_max,soy,"30,0",quintal_per_hectare
2021,78,Soja,glycine_max,soy,"28,0",quintal_per_hectare
2022,78,Soja,glycine_max,soy,"28,0",quintal_per_hectare
2023,78,Soja,glycine_max,soy,"28,0",quintal_per_hectare
2024,78,Soja,glycine_max,soy,"21,5",quintal_per_hectare
2025,78,Soja,glycine_max,soy,"30,1",quintal_per_hectare
2021,79,Soja,glycine_max,soy,"23,0",quintal_per_hectare
2022,79,Soja,glycine_max,soy,"18,0",quintal_per_hectare
2023,79,Soja,glycine_max,soy,"24,0",quintal_per_hectare
2024,79,Soja,glycine_max,soy,"22,0",quintal_per_hectare
2025,79,Soja,glycine_max,soy,"20,0",quintal_per_hectare
2021,80,Soja,glycine_max,soy,"30,0",quintal_per_hectare
2022,80,Soja,glycine_max,soy,"26,0",quintal_per_hectare
2023,80,Soja,glycine_max,soy,"31,2",quintal_per_hectare
2024,80,Soja,glycine_max,soy,"30,0",quintal_per_hectare
2025,80,Soja,glycine_max,soy,"29,9",quintal_per_hectare
2021,81,Soja,glycine_max,soy,"26,0",quintal_per_hectare
2022,81,Soja,glycine_max,soy,"19,0",quintal_per_hectare
2023,81,Soja,glycine_max,soy,"22,0",quintal_per_hectare
2024,81,Soja,glycine_max,soy,"23,0",quintal_per_hectare
2025,81,Soja,glycine_max,soy,"25,0",quintal_per_hectare
2021,82,Soja,glycine_max,soy,"29,0",quintal_per_hectare
2022,82,Soja,glycine_max,soy,"20,0",quintal_per_hectare
2023,82,Soja,glycine_max,soy,"20,0",quintal_per_hectare
2024,82,Soja,glycine_max,soy,"22,0",quintal_per_hectare
2025,82,Soja,glycine_max,soy,"29,0",quintal_per_hectare
2021,83,Soja,glycine_max,soy,"26,0",quintal_per_hectare
2022,83,Soja,glycine_max,soy,"26,0",quintal_per_hectare
2023,83,Soja,glycine_max,soy,"26,0",quintal_per_hectare
2024,83,Soja,glycine_max,soy,"23,2",quintal_per_hectare
2025,83,Soja,glycine_max,soy,"25,0",quintal_per_hectare
2021,84,Soja,glycine_max,soy,"22,0",quintal_per_hectare
2022,84,Soja,glycine_max,soy,"22,0",quintal_per_hectare
2023,84,Soja,glycine_max,soy,"21,8",quintal_per_hectare
2024,84,Soja,glycine_max,soy,"23,0",quintal_per_hectare
2025,84,Soja,glycine_max,soy,"21,8",quintal_per_hectare
2021,85,Soja,glycine_max,soy,"28,0",quintal_per_hectare
2022,85,Soja,glycine_max,soy,"22,0",quintal_per_hectare
2023,85,Soja,glycine_max,soy,"27,0",quintal_per_hectare
2024,85,Soja,glycine_max,soy,"28,0",quintal_per_hectare
2025,85,Soja,glycine_max,soy,"26,0",quintal_per_hectare
2021,86,Soja,glycine_max,soy,"26,0",quintal_per_hectare
2022,86,Soja,glycine_max,soy,"20,0",quintal_per_hectare
2023,86,Soja,glycine_max,soy,"25,0",quintal_per_hectare
2024,86,Soja,glycine_max,soy,"22,0",quintal_per_hectare
2025,86,Soja,glycine_max,soy,"19,0",quintal_per_hectare
2021,87,Soja,glycine_max,soy,"14,0",quintal_per_hectare
2022,87,Soja,glycine_max,soy,"15,0",quintal_per_hectare
2023,87,Soja,glycine_max,soy,"19,0",quintal_per_hectare
2024,87,Soja,glycine_max,soy,"10,0",quintal_per_hectare
2025,87,Soja,glycine_max,soy,"10,0",quintal_per_hectare
2021,88,Soja,glycine_max,soy,"20,0",quintal_per_hectare
2022,88,Soja,glycine_max,soy,"11,9",quintal_per_hectare
2023,88,Soja,glycine_max,soy,"17,0",quintal_per_hectare
2024,88,Soja,glycine_max,soy,"17,0",quintal_per_hectare
2025,88,Soja,glycine_max,soy,"16,0",quintal_per_hectare
2021,89,Soja,glycine_max,soy,"19,0",quintal_per_hectare
2022,89,Soja,glycine_max,soy,"12,0",quintal_per_hectare
2023,89,Soja,glycine_max,soy,"24,0",quintal_per_hectare
2024,89,Soja,glycine_max,soy,"20,0",quintal_per_hectare
2025,89,Soja,glycine_max,soy,"16,0",quintal_per_hectare
2021,90,Soja,glycine_max,soy,"26,0",quintal_per_hectare
2022,90,Soja,glycine_max,soy,"16,0",quintal_per_hectare
2023,90,Soja,glycine_max,soy,"26,0",quintal_per_hectare
2024,90,Soja,glycine_max,soy,"32,0",quintal_per_hectare
2025,90,Soja,glycine_max,soy,"26,0",quintal_per_hectare
2021,91,Soja,glycine_max,soy,"28,0",quintal_per_hectare
2022,91,Soja,glycine_max,soy,"28,0",quintal_per_hectare
2023,91,Soja,glycine_max,soy,"28,0",quintal_per_hectare
2024,91,Soja,glycine_max,soy,"21,6",quintal_per_hectare
2025,91,Soja,glycine_max,soy,"30,0",quintal_per_hectare
2021,95,Soja,glycine_max,soy,"0,0",quintal_per_hectare
2022,95,Soja,glycine_max,soy,"28,0",quintal_per_hectare
2021,01,Sorgho,sorghum,sorghum,"62,0",quintal_per_hectare
2022,01,Sorgho,sorghum,sorghum,"45,0",quintal_per_hectare
2023,01,Sorgho,sorghum,sorghum,"50,0",quintal_per_hectare
2024,01,Sorgho,sorghum,sorghum,"53,0",quintal_per_hectare
2025,01,Sorgho,sorghum,sorghum,"43,0",quintal_per_hectare
2021,02,Sorgho,sorghum,sorghum,"55,0",quintal_per_hectare
2022,02,Sorgho,sorghum,sorghum,"53,0",quintal_per_hectare
2023,02,Sorgho,sorghum,sorghum,"54,0",quintal_per_hectare
2024,02,Sorgho,sorghum,sorghum,"52,3",quintal_per_hectare
2025,02,Sorgho,sorghum,sorghum,"53,0",quintal_per_hectare
2021,03,Sorgho,sorghum,sorghum,"43,0",quintal_per_hectare
2022,03,Sorgho,sorghum,sorghum,"38,0",quintal_per_hectare
2023,03,Sorgho,sorghum,sorghum,"56,0",quintal_per_hectare
2024,03,Sorgho,sorghum,sorghum,"52,0",quintal_per_hectare
2025,03,Sorgho,sorghum,sorghum,"40,0",quintal_per_hectare
2021,04,Sorgho,sorghum,sorghum,"68,5",quintal_per_hectare
2022,04,Sorgho,sorghum,sorghum,"58,3",quintal_per_hectare
2023,04,Sorgho,sorghum,sorghum,"56,8",quintal_per_hectare
2024,04,Sorgho,sorghum,sorghum,"61,1",quintal_per_hectare
2025,04,Sorgho,sorghum,sorghum,"58,7",quintal_per_hectare
2021,05,Sorgho,sorghum,sorghum,"63,0",quintal_per_hectare
2022,05,Sorgho,sorghum,sorghum,"53,6",quintal_per_hectare
2023,05,Sorgho,sorghum,sorghum,"51,3",quintal_per_hectare
2024,05,Sorgho,sorghum,sorghum,"39,4",quintal_per_hectare
2025,05,Sorgho,sorghum,sorghum,"51,0",quintal_per_hectare
2021,07,Sorgho,sorghum,sorghum,"55,0",quintal_per_hectare
2022,07,Sorgho,sorghum,sorghum,"40,0",quintal_per_hectare
2023,07,Sorgho,sorghum,sorghum,"40,0",quintal_per_hectare
2024,07,Sorgho,sorghum,sorghum,"45,0",quintal_per_hectare
2025,07,Sorgho,sorghum,sorghum,"39,0",quintal_per_hectare
2021,08,Sorgho,sorghum,sorghum,"40,0",quintal_per_hectare
2022,08,Sorgho,sorghum,sorghum,"44,0",quintal_per_hectare
2023,08,Sorgho,sorghum,sorghum,"69,0",quintal_per_hectare
2024,08,Sorgho,sorghum,sorghum,"47,0",quintal_per_hectare
2021,09,Sorgho,sorghum,sorghum,"52,0",quintal_per_hectare
2022,09,Sorgho,sorghum,sorghum,"36,0",quintal_per_hectare
2023,09,Sorgho,sorghum,sorghum,"55,0",quintal_per_hectare
2024,09,Sorgho,sorghum,sorghum,"55,0",quintal_per_hectare
2025,09,Sorgho,sorghum,sorghum,"45,0",quintal_per_hectare
2021,10,Sorgho,sorghum,sorghum,"40,0",quintal_per_hectare
2022,10,Sorgho,sorghum,sorghum,"42,0",quintal_per_hectare
2023,10,Sorgho,sorghum,sorghum,"69,0",quintal_per_hectare
2024,10,Sorgho,sorghum,sorghum,"47,0",quintal_per_hectare
2025,10,Sorgho,sorghum,sorghum,"49,0",quintal_per_hectare
2021,11,Sorgho,sorghum,sorghum,"65,0",quintal_per_hectare
2022,11,Sorgho,sorghum,sorghum,"40,0",quintal_per_hectare
2023,11,Sorgho,sorghum,sorghum,"57,0",quintal_per_hectare
2024,11,Sorgho,sorghum,sorghum,"55,0",quintal_per_hectare
2025,11,Sorgho,sorghum,sorghum,"40,0",quintal_per_hectare
2021,12,Sorgho,sorghum,sorghum,"55,0",quintal_per_hectare
2022,12,Sorgho,sorghum,sorghum,"30,0",quintal_per_hectare
2023,12,Sorgho,sorghum,sorghum,"35,4",quintal_per_hectare
2024,12,Sorgho,sorghum,sorghum,"37,0",quintal_per_hectare
2025,12,Sorgho,sorghum,sorghum,"40,0",quintal_per_hectare
2021,13,Sorgho,sorghum,sorghum,"48,3",quintal_per_hectare
2022,13,Sorgho,sorghum,sorghum,"41,0",quintal_per_hectare
2023,13,Sorgho,sorghum,sorghum,"39,0",quintal_per_hectare
2024,13,Sorgho,sorghum,sorghum,"51,0",quintal_per_hectare
2025,13,Sorgho,sorghum,sorghum,"51,1",quintal_per_hectare
2021,14,Sorgho,sorghum,sorghum,"52,0",quintal_per_hectare
2022,14,Sorgho,sorghum,sorghum,"40,0",quintal_per_hectare
2021,15,Sorgho,sorghum,sorghum,"45,0",quintal_per_hectare
2022,15,Sorgho,sorghum,sorghum,"20,0",quintal_per_hectare
2023,15,Sorgho,sorghum,sorghum,"40,0",quintal_per_hectare
2024,15,Sorgho,sorghum,sorghum,"36,0",quintal_per_hectare
2025,15,Sorgho,sorghum,sorghum,"35,0",quintal_per_hectare
2021,16,Sorgho,sorghum,sorghum,"55,0",quintal_per_hectare
2022,16,Sorgho,sorghum,sorghum,"35,0",quintal_per_hectare
2023,16,Sorgho,sorghum,sorghum,"50,0",quintal_per_hectare
2024,16,Sorgho,sorghum,sorghum,"40,0",quintal_per_hectare
2025,16,Sorgho,sorghum,sorghum,"40,0",quintal_per_hectare
2021,17,Sorgho,sorghum,sorghum,"55,0",quintal_per_hectare
2022,17,Sorgho,sorghum,sorghum,"30,0",quintal_per_hectare
2023,17,Sorgho,sorghum,sorghum,"50,0",quintal_per_hectare
2024,17,Sorgho,sorghum,sorghum,"40,0",quintal_per_hectare
2025,17,Sorgho,sorghum,sorghum,"40,0",quintal_per_hectare
2021,18,Sorgho,sorghum,sorghum,"50,0",quintal_per_hectare
2022,18,Sorgho,sorghum,sorghum,"45,0",quintal_per_hectare
2023,18,Sorgho,sorghum,sorghum,"48,0",quintal_per_hectare
2024,18,Sorgho,sorghum,sorghum,"42,0",quintal_per_hectare
2025,18,Sorgho,sorghum,sorghum,"35,0",quintal_per_hectare
2021,19,Sorgho,sorghum,sorghum,"41,0",quintal_per_hectare
2022,19,Sorgho,sorghum,sorghum,"41,0",quintal_per_hectare
2023,19,Sorgho,sorghum,sorghum,"40,0",quintal_per_hectare
2024,19,Sorgho,sorghum,sorghum,"41,0",quintal_per_hectare
2025,19,Sorgho,sorghum,sorghum,"30,0",quintal_per_hectare
2021,21,Sorgho,sorghum,sorghum,"55,0",quintal_per_hectare
2022,21,Sorgho,sorghum,sorghum,"34,0",quintal_per_hectare
2023,21,Sorgho,sorghum,sorghum,"59,0",quintal_per_hectare
2024,21,Sorgho,sorghum,sorghum,"59,0",quintal_per_hectare
2025,21,Sorgho,sorghum,sorghum,"39,0",quintal_per_hectare
2021,22,Sorgho,sorghum,sorghum,"62,2",quintal_per_hectare
2022,22,Sorgho,sorghum,sorghum,"54,5",quintal_per_hectare
2023,22,Sorgho,sorghum,sorghum,"54,0",quintal_per_hectare
2024,22,Sorgho,sorghum,sorghum,"55,0",quintal_per_hectare
2025,22,Sorgho,sorghum,sorghum,"56,0",quintal_per_hectare
2021,23,Sorgho,sorghum,sorghum,"43,0",quintal_per_hectare
2022,23,Sorgho,sorghum,sorghum,"43,0",quintal_per_hectare
2023,23,Sorgho,sorghum,sorghum,"40,0",quintal_per_hectare
2024,23,Sorgho,sorghum,sorghum,"42,0",quintal_per_hectare
2025,23,Sorgho,sorghum,sorghum,"35,0",quintal_per_hectare
2021,24,Sorgho,sorghum,sorghum,"60,0",quintal_per_hectare
2022,24,Sorgho,sorghum,sorghum,"40,0",quintal_per_hectare
2023,24,Sorgho,sorghum,sorghum,"58,0",quintal_per_hectare
2024,24,Sorgho,sorghum,sorghum,"40,0",quintal_per_hectare
2025,24,Sorgho,sorghum,sorghum,"41,0",quintal_per_hectare
2021,25,Sorgho,sorghum,sorghum,"62,0",quintal_per_hectare
2022,25,Sorgho,sorghum,sorghum,"46,0",quintal_per_hectare
2023,25,Sorgho,sorghum,sorghum,"50,0",quintal_per_hectare
2021,26,Sorgho,sorghum,sorghum,"70,0",quintal_per_hectare
2022,26,Sorgho,sorghum,sorghum,"43,0",quintal_per_hectare
2023,26,Sorgho,sorghum,sorghum,"46,0",quintal_per_hectare
2024,26,Sorgho,sorghum,sorghum,"47,0",quintal_per_hectare
2025,26,Sorgho,sorghum,sorghum,"39,0",quintal_per_hectare
2021,27,Sorgho,sorghum,sorghum,"53,0",quintal_per_hectare
2022,27,Sorgho,sorghum,sorghum,"40,0",quintal_per_hectare
2023,27,Sorgho,sorghum,sorghum,"49,0",quintal_per_hectare
2024,27,Sorgho,sorghum,sorghum,"46,0",quintal_per_hectare
2025,27,Sorgho,sorghum,sorghum,"47,0",quintal_per_hectare
2021,28,Sorgho,sorghum,sorghum,"57,0",quintal_per_hectare
2022,28,Sorgho,sorghum,sorghum,"58,0",quintal_per_hectare
2023,28,Sorgho,sorghum,sorghum,"80,0",quintal_per_hectare
2024,28,Sorgho,sorghum,sorghum,"58,0",quintal_per_hectare
2025,28,Sorgho,sorghum,sorghum,"60,0",quintal_per_hectare
2021,29,Sorgho,sorghum,sorghum,"50,0",quintal_per_hectare
2022,29,Sorgho,sorghum,sorghum,"53,3",quintal_per_hectare
2023,29,Sorgho,sorghum,sorghum,"56,0",quintal_per_hectare
2024,29,Sorgho,sorghum,sorghum,"52,0",quintal_per_hectare
2025,29,Sorgho,sorghum,sorghum,"53,0",quintal_per_hectare
2021,30,Sorgho,sorghum,sorghum,"45,0",quintal_per_hectare
2022,30,Sorgho,sorghum,sorghum,"37,0",quintal_per_hectare
2023,30,Sorgho,sorghum,sorghum,"45,0",quintal_per_hectare
2024,30,Sorgho,sorghum,sorghum,"41,0",quintal_per_hectare
2025,30,Sorgho,sorghum,sorghum,"33,0",quintal_per_hectare
2021,31,Sorgho,sorghum,sorghum,"62,0",quintal_per_hectare
2022,31,Sorgho,sorghum,sorghum,"38,0",quintal_per_hectare
2023,31,Sorgho,sorghum,sorghum,"58,0",quintal_per_hectare
2024,31,Sorgho,sorghum,sorghum,"43,0",quintal_per_hectare
2025,31,Sorgho,sorghum,sorghum,"40,0",quintal_per_hectare
2021,32,Sorgho,sorghum,sorghum,"62,0",quintal_per_hectare
2022,32,Sorgho,sorghum,sorghum,"40,0",quintal_per_hectare
2023,32,Sorgho,sorghum,sorghum,"58,0",quintal_per_hectare
2024,32,Sorgho,sorghum,sorghum,"40,0",quintal_per_hectare
2025,32,Sorgho,sorghum,sorghum,"36,0",quintal_per_hectare
2021,33,Sorgho,sorghum,sorghum,"55,0",quintal_per_hectare
2022,33,Sorgho,sorghum,sorghum,"46,0",quintal_per_hectare
2023,33,Sorgho,sorghum,sorghum,"58,0",quintal_per_hectare
2024,33,Sorgho,sorghum,sorghum,"42,0",quintal_per_hectare
2025,33,Sorgho,sorghum,sorghum,"44,0",quintal_per_hectare
2021,34,Sorgho,sorghum,sorghum,"40,0",quintal_per_hectare
2022,34,Sorgho,sorghum,sorghum,"31,0",quintal_per_hectare
2023,34,Sorgho,sorghum,sorghum,"40,0",quintal_per_hectare
2024,34,Sorgho,sorghum,sorghum,"37,0",quintal_per_hectare
2025,34,Sorgho,sorghum,sorghum,"30,0",quintal_per_hectare
2021,35,Sorgho,sorghum,sorghum,"68,6",quintal_per_hectare
2022,35,Sorgho,sorghum,sorghum,"59,5",quintal_per_hectare
2023,35,Sorgho,sorghum,sorghum,"58,2",quintal_per_hectare
2024,35,Sorgho,sorghum,sorghum,"56,9",quintal_per_hectare
2025,35,Sorgho,sorghum,sorghum,"58,4",quintal_per_hectare
2021,36,Sorgho,sorghum,sorghum,"49,0",quintal_per_hectare
2022,36,Sorgho,sorghum,sorghum,"42,0",quintal_per_hectare
2023,36,Sorgho,sorghum,sorghum,"50,0",quintal_per_hectare
2024,36,Sorgho,sorghum,sorghum,"41,0",quintal_per_hectare
2025,36,Sorgho,sorghum,sorghum,"34,0",quintal_per_hectare
2021,37,Sorgho,sorghum,sorghum,"54,0",quintal_per_hectare
2022,37,Sorgho,sorghum,sorghum,"44,0",quintal_per_hectare
2023,37,Sorgho,sorghum,sorghum,"58,0",quintal_per_hectare
2024,37,Sorgho,sorghum,sorghum,"42,0",quintal_per_hectare
2025,37,Sorgho,sorghum,sorghum,"42,0",quintal_per_hectare
2021,38,Sorgho,sorghum,sorghum,"60,0",quintal_per_hectare
2022,38,Sorgho,sorghum,sorghum,"46,0",quintal_per_hectare
2023,38,Sorgho,sorghum,sorghum,"48,0",quintal_per_hectare
2024,38,Sorgho,sorghum,sorghum,"56,0",quintal_per_hectare
2025,38,Sorgho,sorghum,sorghum,"38,0",quintal_per_hectare
2021,39,Sorgho,sorghum,sorghum,"58,0",quintal_per_hectare
2022,39,Sorgho,sorghum,sorghum,"46,0",quintal_per_hectare
2023,39,Sorgho,sorghum,sorghum,"57,0",quintal_per_hectare
2024,39,Sorgho,sorghum,sorghum,"54,0",quintal_per_hectare
2025,39,Sorgho,sorghum,sorghum,"39,0",quintal_per_hectare
2021,40,Sorgho,sorghum,sorghum,"55,0",quintal_per_hectare
2022,40,Sorgho,sorghum,sorghum,"46,0",quintal_per_hectare
2023,40,Sorgho,sorghum,sorghum,"58,0",quintal_per_hectare
2024,40,Sorgho,sorghum,sorghum,"48,0",quintal_per_hectare
2025,40,Sorgho,sorghum,sorghum,"50,0",quintal_per_hectare
2021,41,Sorgho,sorghum,sorghum,"57,0",quintal_per_hectare
2022,41,Sorgho,sorghum,sorghum,"49,0",quintal_per_hectare
2023,41,Sorgho,sorghum,sorghum,"70,0",quintal_per_hectare
2024,41,Sorgho,sorghum,sorghum,"53,0",quintal_per_hectare
2025,41,Sorgho,sorghum,sorghum,"46,0",quintal_per_hectare
2021,42,Sorgho,sorghum,sorghum,"60,0",quintal_per_hectare
2022,42,Sorgho,sorghum,sorghum,"30,0",quintal_per_hectare
2023,42,Sorgho,sorghum,sorghum,"35,0",quintal_per_hectare
2024,42,Sorgho,sorghum,sorghum,"45,0",quintal_per_hectare
2025,42,Sorgho,sorghum,sorghum,"20,0",quintal_per_hectare
2021,43,Sorgho,sorghum,sorghum,"45,0",quintal_per_hectare
2022,43,Sorgho,sorghum,sorghum,"32,0",quintal_per_hectare
2023,43,Sorgho,sorghum,sorghum,"35,0",quintal_per_hectare
2024,43,Sorgho,sorghum,sorghum,"30,0",quintal_per_hectare
2025,43,Sorgho,sorghum,sorghum,"25,0",quintal_per_hectare
2021,44,Sorgho,sorghum,sorghum,"64,9",quintal_per_hectare
2022,44,Sorgho,sorghum,sorghum,"43,0",quintal_per_hectare
2023,44,Sorgho,sorghum,sorghum,"68,0",quintal_per_hectare
2024,44,Sorgho,sorghum,sorghum,"57,0",quintal_per_hectare
2025,44,Sorgho,sorghum,sorghum,"50,0",quintal_per_hectare
2021,45,Sorgho,sorghum,sorghum,"54,0",quintal_per_hectare
2022,45,Sorgho,sorghum,sorghum,"50,0",quintal_per_hectare
2023,45,Sorgho,sorghum,sorghum,"70,0",quintal_per_hectare
2024,45,Sorgho,sorghum,sorghum,"56,0",quintal_per_hectare
2025,45,Sorgho,sorghum,sorghum,"60,0",quintal_per_hectare
2021,46,Sorgho,sorghum,sorghum,"52,0",quintal_per_hectare
2022,46,Sorgho,sorghum,sorghum,"40,0",quintal_per_hectare
2023,46,Sorgho,sorghum,sorghum,"47,2",quintal_per_hectare
2024,46,Sorgho,sorghum,sorghum,"42,0",quintal_per_hectare
2025,46,Sorgho,sorghum,sorghum,"40,0",quintal_per_hectare
2021,47,Sorgho,sorghum,sorghum,"64,0",quintal_per_hectare
2022,47,Sorgho,sorghum,sorghum,"45,0",quintal_per_hectare
2023,47,Sorgho,sorghum,sorghum,"60,0",quintal_per_hectare
2024,47,Sorgho,sorghum,sorghum,"42,0",quintal_per_hectare
2025,47,Sorgho,sorghum,sorghum,"45,0",quintal_per_hectare
2021,48,Sorgho,sorghum,sorghum,"30,0",quintal_per_hectare
2022,48,Sorgho,sorghum,sorghum,"15,0",quintal_per_hectare
2023,48,Sorgho,sorghum,sorghum,"38,0",quintal_per_hectare
2025,48,Sorgho,sorghum,sorghum,"24,0",quintal_per_hectare
2021,49,Sorgho,sorghum,sorghum,"65,0",quintal_per_hectare
2022,49,Sorgho,sorghum,sorghum,"45,0",quintal_per_hectare
2023,49,Sorgho,sorghum,sorghum,"72,0",quintal_per_hectare
2024,49,Sorgho,sorghum,sorghum,"60,0",quintal_per_hectare
2025,49,Sorgho,sorghum,sorghum,"52,0",quintal_per_hectare
2021,50,Sorgho,sorghum,sorghum,"52,0",quintal_per_hectare
2022,50,Sorgho,sorghum,sorghum,"40,0",quintal_per_hectare
2023,50,Sorgho,sorghum,sorghum,"50,0",quintal_per_hectare
2024,50,Sorgho,sorghum,sorghum,"46,0",quintal_per_hectare
2025,50,Sorgho,sorghum,sorghum,"46,0",quintal_per_hectare
2021,51,Sorgho,sorghum,sorghum,"40,0",quintal_per_hectare
2022,51,Sorgho,sorghum,sorghum,"47,0",quintal_per_hectare
2023,51,Sorgho,sorghum,sorghum,"70,0",quintal_per_hectare
2024,51,Sorgho,sorghum,sorghum,"49,0",quintal_per_hectare
2025,51,Sorgho,sorghum,sorghum,"52,0",quintal_per_hectare
2021,52,Sorgho,sorghum,sorghum,"40,0",quintal_per_hectare
2022,52,Sorgho,sorghum,sorghum,"50,0",quintal_per_hectare
2023,52,Sorgho,sorghum,sorghum,"71,0",quintal_per_hectare
2024,52,Sorgho,sorghum,sorghum,"50,0",quintal_per_hectare
2025,52,Sorgho,sorghum,sorghum,"55,0",quintal_per_hectare
2021,53,Sorgho,sorghum,sorghum,"66,0",quintal_per_hectare
2022,53,Sorgho,sorghum,sorghum,"43,0",quintal_per_hectare
2023,53,Sorgho,sorghum,sorghum,"68,0",quintal_per_hectare
2024,53,Sorgho,sorghum,sorghum,"57,0",quintal_per_hectare
2025,53,Sorgho,sorghum,sorghum,"43,0",quintal_per_hectare
2021,54,Sorgho,sorghum,sorghum,"40,0",quintal_per_hectare
2022,54,Sorgho,sorghum,sorghum,"57,0",quintal_per_hectare
2023,54,Sorgho,sorghum,sorghum,"68,0",quintal_per_hectare
2024,54,Sorgho,sorghum,sorghum,"53,0",quintal_per_hectare
2025,54,Sorgho,sorghum,sorghum,"55,0",quintal_per_hectare
2021,55,Sorgho,sorghum,sorghum,"40,0",quintal_per_hectare
2022,55,Sorgho,sorghum,sorghum,"59,0",quintal_per_hectare
2023,55,Sorgho,sorghum,sorghum,"68,0",quintal_per_hectare
2024,55,Sorgho,sorghum,sorghum,"53,0",quintal_per_hectare
2021,56,Sorgho,sorghum,sorghum,"55,0",quintal_per_hectare
2022,56,Sorgho,sorghum,sorghum,"55,4",quintal_per_hectare
2023,56,Sorgho,sorghum,sorghum,"52,6",quintal_per_hectare
2024,56,Sorgho,sorghum,sorghum,"52,6",quintal_per_hectare
2025,56,Sorgho,sorghum,sorghum,"52,7",quintal_per_hectare
2021,57,Sorgho,sorghum,sorghum,"40,0",quintal_per_hectare
2022,57,Sorgho,sorghum,sorghum,"54,0",quintal_per_hectare
2023,57,Sorgho,sorghum,sorghum,"67,0",quintal_per_hectare
2024,57,Sorgho,sorghum,sorghum,"50,0",quintal_per_hectare
2025,57,Sorgho,sorghum,sorghum,"55,0",quintal_per_hectare
2021,58,Sorgho,sorghum,sorghum,"35,0",quintal_per_hectare
2022,58,Sorgho,sorghum,sorghum,"34,0",quintal_per_hectare
2023,58,Sorgho,sorghum,sorghum,"59,0",quintal_per_hectare
2024,58,Sorgho,sorghum,sorghum,"59,0",quintal_per_hectare
2025,58,Sorgho,sorghum,sorghum,"39,0",quintal_per_hectare
2021,59,Sorgho,sorghum,sorghum,"55,0",quintal_per_hectare
2022,59,Sorgho,sorghum,sorghum,"54,8",quintal_per_hectare
2023,59,Sorgho,sorghum,sorghum,"55,1",quintal_per_hectare
2024,59,Sorgho,sorghum,sorghum,"55,3",quintal_per_hectare
2025,59,Sorgho,sorghum,sorghum,"55,1",quintal_per_hectare
2021,60,Sorgho,sorghum,sorghum,"55,0",quintal_per_hectare
2022,60,Sorgho,sorghum,sorghum,"55,0",quintal_per_hectare
2023,60,Sorgho,sorghum,sorghum,"54,0",quintal_per_hectare
2024,60,Sorgho,sorghum,sorghum,"55,0",quintal_per_hectare
2025,60,Sorgho,sorghum,sorghum,"55,0",quintal_per_hectare
2021,61,Sorgho,sorghum,sorghum,"52,0",quintal_per_hectare
2022,61,Sorgho,sorghum,sorghum,"40,0",quintal_per_hectare
2023,61,Sorgho,sorghum,sorghum,"50,0",quintal_per_hectare
2024,61,Sorgho,sorghum,sorghum,"45,0",quintal_per_hectare
2025,61,Sorgho,sorghum,sorghum,"46,0",quintal_per_hectare
2021,62,Sorgho,sorghum,sorghum,"55,0",quintal_per_hectare
2022,62,Sorgho,sorghum,sorghum,"55,2",quintal_per_hectare
2023,62,Sorgho,sorghum,sorghum,"55,0",quintal_per_hectare
2024,62,Sorgho,sorghum,sorghum,"55,2",quintal_per_hectare
2025,62,Sorgho,sorghum,sorghum,"54,8",quintal_per_hectare
2021,63,Sorgho,sorghum,sorghum,"45,0",quintal_per_hectare
2022,63,Sorgho,sorghum,sorghum,"40,0",quintal_per_hectare
2023,63,Sorgho,sorghum,sorghum,"50,0",quintal_per_hectare
2024,63,Sorgho,sorghum,sorghum,"40,0",quintal_per_hectare
2025,63,Sorgho,sorghum,sorghum,"35,0",quintal_per_hectare
2021,64,Sorgho,sorghum,sorghum,"55,0",quintal_per_hectare
2022,64,Sorgho,sorghum,sorghum,"40,0",quintal_per_hectare
2023,64,Sorgho,sorghum,sorghum,"55,0",quintal_per_hectare
2024,64,Sorgho,sorghum,sorghum,"46,0",quintal_per_hectare
2025,64,Sorgho,sorghum,sorghum,"47,0",quintal_per_hectare
2021,65,Sorgho,sorghum,sorghum,"59,0",quintal_per_hectare
2022,65,Sorgho,sorghum,sorghum,"40,0",quintal_per_hectare
2023,65,Sorgho,sorghum,sorghum,"52,0",quintal_per_hectare
2024,65,Sorgho,sorghum,sorghum,"36,0",quintal_per_hectare
2025,65,Sorgho,sorghum,sorghum,"45,0",quintal_per_hectare
2021,66,Sorgho,sorghum,sorghum,"32,0",quintal_per_hectare
2025,66,Sorgho,sorghum,sorghum,"26,0",quintal_per_hectare
2021,67,Sorgho,sorghum,sorghum,"74,0",quintal_per_hectare
2022,67,Sorgho,sorghum,sorghum,"70,0",quintal_per_hectare
2023,67,Sorgho,sorghum,sorghum,"70,0",quintal_per_hectare
2024,67,Sorgho,sorghum,sorghum,"67,0",quintal_per_hectare
2025,67,Sorgho,sorghum,sorghum,"67,0",quintal_per_hectare
2021,68,Sorgho,sorghum,sorghum,"74,0",quintal_per_hectare
2022,68,Sorgho,sorghum,sorghum,"73,0",quintal_per_hectare
2023,68,Sorgho,sorghum,sorghum,"73,0",quintal_per_hectare
2024,68,Sorgho,sorghum,sorghum,"70,0",quintal_per_hectare
2025,68,Sorgho,sorghum,sorghum,"70,0",quintal_per_hectare
2021,69,Sorgho,sorghum,sorghum,"60,0",quintal_per_hectare
2022,69,Sorgho,sorghum,sorghum,"42,0",quintal_per_hectare
2023,69,Sorgho,sorghum,sorghum,"48,0",quintal_per_hectare
2024,69,Sorgho,sorghum,sorghum,"53,0",quintal_per_hectare
2025,69,Sorgho,sorghum,sorghum,"41,0",quintal_per_hectare
2021,70,Sorgho,sorghum,sorghum,"30,0",quintal_per_hectare
2022,70,Sorgho,sorghum,sorghum,"30,0",quintal_per_hectare
2023,70,Sorgho,sorghum,sorghum,"57,0",quintal_per_hectare
2024,70,Sorgho,sorghum,sorghum,"43,0",quintal_per_hectare
2025,70,Sorgho,sorghum,sorghum,"39,0",quintal_per_hectare
2021,71,Sorgho,sorghum,sorghum,"32,0",quintal_per_hectare
2022,71,Sorgho,sorghum,sorghum,"34,0",quintal_per_hectare
2023,71,Sorgho,sorghum,sorghum,"59,0",quintal_per_hectare
2024,71,Sorgho,sorghum,sorghum,"59,0",quintal_per_hectare
2025,71,Sorgho,sorghum,sorghum,"39,0",quintal_per_hectare
2021,72,Sorgho,sorghum,sorghum,"67,9",quintal_per_hectare
2022,72,Sorgho,sorghum,sorghum,"44,0",quintal_per_hectare
2023,72,Sorgho,sorghum,sorghum,"80,0",quintal_per_hectare
2024,72,Sorgho,sorghum,sorghum,"61,0",quintal_per_hectare
2025,72,Sorgho,sorghum,sorghum,"44,0",quintal_per_hectare
2021,73,Sorgho,sorghum,sorghum,"55,0",quintal_per_hectare
2022,73,Sorgho,sorghum,sorghum,"40,0",quintal_per_hectare
2023,73,Sorgho,sorghum,sorghum,"44,0",quintal_per_hectare
2024,73,Sorgho,sorghum,sorghum,"50,0",quintal_per_hectare
2025,73,Sorgho,sorghum,sorghum,"40,0",quintal_per_hectare
2021,74,Sorgho,sorghum,sorghum,"55,0",quintal_per_hectare
2022,74,Sorgho,sorghum,sorghum,"38,0",quintal_per_hectare
2023,74,Sorgho,sorghum,sorghum,"40,0",quintal_per_hectare
2024,74,Sorgho,sorghum,sorghum,"46,0",quintal_per_hectare
2025,74,Sorgho,sorghum,sorghum,"40,0",quintal_per_hectare
2021,76,Sorgho,sorghum,sorghum,"53,0",quintal_per_hectare
2022,76,Sorgho,sorghum,sorghum,"40,0",quintal_per_hectare
2024,76,Sorgho,sorghum,sorghum,"37,0",quintal_per_hectare
2025,76,Sorgho,sorghum,sorghum,"37,0",quintal_per_hectare
2021,77,Sorgho,sorghum,sorghum,"72,0",quintal_per_hectare
2022,77,Sorgho,sorghum,sorghum,"73,0",quintal_per_hectare
2023,77,Sorgho,sorghum,sorghum,"80,0",quintal_per_hectare
2024,77,Sorgho,sorghum,sorghum,"79,6",quintal_per_hectare
2025,77,Sorgho,sorghum,sorghum,"67,6",quintal_per_hectare
2021,78,Sorgho,sorghum,sorghum,"72,0",quintal_per_hectare
2022,78,Sorgho,sorghum,sorghum,"73,0",quintal_per_hectare
2023,78,Sorgho,sorghum,sorghum,"79,9",quintal_per_hectare
2024,78,Sorgho,sorghum,sorghum,"78,1",quintal_per_hectare
2025,78,Sorgho,sorghum,sorghum,"67,5",quintal_per_hectare
2021,79,Sorgho,sorghum,sorghum,"55,0",quintal_per_hectare
2022,79,Sorgho,sorghum,sorghum,"23,0",quintal_per_hectare
2023,79,Sorgho,sorghum,sorghum,"50,0",quintal_per_hectare
2024,79,Sorgho,sorghum,sorghum,"40,0",quintal_per_hectare
2025,79,Sorgho,sorghum,sorghum,"38,0",quintal_per_hectare
2021,80,Sorgho,sorghum,sorghum,"55,0",quintal_per_hectare
2022,80,Sorgho,sorghum,sorghum,"55,2",quintal_per_hectare
2023,80,Sorgho,sorghum,sorghum,"54,1",quintal_per_hectare
2024,80,Sorgho,sorghum,sorghum,"55,0",quintal_per_hectare
2025,80,Sorgho,sorghum,sorghum,"55,0",quintal_per_hectare
2021,81,Sorgho,sorghum,sorghum,"51,2",quintal_per_hectare
2022,81,Sorgho,sorghum,sorghum,"36,0",quintal_per_hectare
2023,81,Sorgho,sorghum,sorghum,"52,0",quintal_per_hectare
2024,81,Sorgho,sorghum,sorghum,"47,0",quintal_per_hectare
2025,81,Sorgho,sorghum,sorghum,"33,0",quintal_per_hectare
2021,82,Sorgho,sorghum,sorghum,"60,0",quintal_per_hectare
2022,82,Sorgho,sorghum,sorghum,"40,0",quintal_per_hectare
2023,82,Sorgho,sorghum,sorghum,"52,0",quintal_per_hectare
2024,82,Sorgho,sorghum,sorghum,"39,0",quintal_per_hectare
2025,82,Sorgho,sorghum,sorghum,"42,0",quintal_per_hectare
2021,83,Sorgho,sorghum,sorghum,"61,1",quintal_per_hectare
2022,83,Sorgho,sorghum,sorghum,"52,0",quintal_per_hectare
2023,83,Sorgho,sorghum,sorghum,"41,7",quintal_per_hectare
2024,83,Sorgho,sorghum,sorghum,"43,2",quintal_per_hectare
2025,83,Sorgho,sorghum,sorghum,"43,0",quintal_per_hectare
2021,84,Sorgho,sorghum,sorghum,"32,5",quintal_per_hectare
2022,84,Sorgho,sorghum,sorghum,"28,0",quintal_per_hectare
2023,84,Sorgho,sorghum,sorghum,"30,1",quintal_per_hectare
2024,84,Sorgho,sorghum,sorghum,"74,3",quintal_per_hectare
2025,84,Sorgho,sorghum,sorghum,"70,1",quintal_per_hectare
2021,85,Sorgho,sorghum,sorghum,"61,0",quintal_per_hectare
2022,85,Sorgho,sorghum,sorghum,"40,0",quintal_per_hectare
2023,85,Sorgho,sorghum,sorghum,"65,0",quintal_per_hectare
2024,85,Sorgho,sorghum,sorghum,"52,0",quintal_per_hectare
2025,85,Sorgho,sorghum,sorghum,"42,0",quintal_per_hectare
2021,86,Sorgho,sorghum,sorghum,"60,0",quintal_per_hectare
2022,86,Sorgho,sorghum,sorghum,"60,0",quintal_per_hectare
2023,86,Sorgho,sorghum,sorghum,"55,0",quintal_per_hectare
2024,86,Sorgho,sorghum,sorghum,"40,0",quintal_per_hectare
2025,86,Sorgho,sorghum,sorghum,"40,0",quintal_per_hectare
2021,87,Sorgho,sorghum,sorghum,"45,0",quintal_per_hectare
2022,87,Sorgho,sorghum,sorghum,"40,0",quintal_per_hectare
2023,87,Sorgho,sorghum,sorghum,"38,0",quintal_per_hectare
2024,87,Sorgho,sorghum,sorghum,"35,0",quintal_per_hectare
2025,87,Sorgho,sorghum,sorghum,"30,0",quintal_per_hectare
2021,88,Sorgho,sorghum,sorghum,"40,0",quintal_per_hectare
2022,88,Sorgho,sorghum,sorghum,"57,0",quintal_per_hectare
2023,88,Sorgho,sorghum,sorghum,"67,0",quintal_per_hectare
2024,88,Sorgho,sorghum,sorghum,"51,0",quintal_per_hectare
2025,88,Sorgho,sorghum,sorghum,"52,0",quintal_per_hectare
2021,89,Sorgho,sorghum,sorghum,"36,0",quintal_per_hectare
2022,89,Sorgho,sorghum,sorghum,"34,0",quintal_per_hectare
2023,89,Sorgho,sorghum,sorghum,"59,0",quintal_per_hectare
2024,89,Sorgho,sorghum,sorghum,"59,0",quintal_per_hectare
2025,89,Sorgho,sorghum,sorghum,"39,0",quintal_per_hectare
2021,90,Sorgho,sorghum,sorghum,"30,0",quintal_per_hectare
2022,90,Sorgho,sorghum,sorghum,"30,0",quintal_per_hectare
2021,91,Sorgho,sorghum,sorghum,"72,0",quintal_per_hectare
2022,91,Sorgho,sorghum,sorghum,"73,0",quintal_per_hectare
2023,91,Sorgho,sorghum,sorghum,"80,0",quintal_per_hectare
2024,91,Sorgho,sorghum,sorghum,"79,4",quintal_per_hectare
2025,91,Sorgho,sorghum,sorghum,"67,7",quintal_per_hectare
2021,95,Sorgho,sorghum,sorghum,"72,0",quintal_per_hectare
2022,95,Sorgho,sorghum,sorghum,"73,0",quintal_per_hectare
2023,95,Sorgho,sorghum,sorghum,"79,7",quintal_per_hectare
2024,95,Sorgho,sorghum,sorghum,"79,6",quintal_per_hectare
2025,95,Sorgho,sorghum,sorghum,"67,8",quintal_per_hectare
2021,01,Tournesol,helianthus_annuus,sunflower,"27,0",quintal_per_hectare
2022,01,Tournesol,helianthus_annuus,sunflower,"25,5",quintal_per_hectare
2023,01,Tournesol,helianthus_annuus,sunflower,"26,0",quintal_per_hectare
2024,01,Tournesol,helianthus_annuus,sunflower,"21,0",quintal_per_hectare
2025,01,Tournesol,helianthus_annuus,sunflower,"24,0",quintal_per_hectare
2021,02,Tournesol,helianthus_annuus,sunflower,"30,0",quintal_per_hectare
2022,02,Tournesol,helianthus_annuus,sunflower,"29,0",quintal_per_hectare
2023,02,Tournesol,helianthus_annuus,sunflower,"28,0",quintal_per_hectare
2024,02,Tournesol,helianthus_annuus,sunflower,"31,0",quintal_per_hectare
2025,02,Tournesol,helianthus_annuus,sunflower,"33,0",quintal_per_hectare
2021,03,Tournesol,helianthus_annuus,sunflower,"30,0",quintal_per_hectare
2022,03,Tournesol,helianthus_annuus,sunflower,"24,0",quintal_per_hectare
2023,03,Tournesol,helianthus_annuus,sunflower,"26,0",quintal_per_hectare
2024,03,Tournesol,helianthus_annuus,sunflower,"20,0",quintal_per_hectare
2025,03,Tournesol,helianthus_annuus,sunflower,"20,0",quintal_per_hectare
2021,04,Tournesol,helianthus_annuus,sunflower,"16,7",quintal_per_hectare
2022,04,Tournesol,helianthus_annuus,sunflower,"11,4",quintal_per_hectare
2023,04,Tournesol,helianthus_annuus,sunflower,"17,1",quintal_per_hectare
2024,04,Tournesol,helianthus_annuus,sunflower,"20,5",quintal_per_hectare
2025,04,Tournesol,helianthus_annuus,sunflower,"16,9",quintal_per_hectare
2021,05,Tournesol,helianthus_annuus,sunflower,"15,5",quintal_per_hectare
2022,05,Tournesol,helianthus_annuus,sunflower,"13,0",quintal_per_hectare
2023,05,Tournesol,helianthus_annuus,sunflower,"17,0",quintal_per_hectare
2024,05,Tournesol,helianthus_annuus,sunflower,"19,7",quintal_per_hectare
2025,05,Tournesol,helianthus_annuus,sunflower,"16,9",quintal_per_hectare
2021,07,Tournesol,helianthus_annuus,sunflower,"20,0",quintal_per_hectare
2022,07,Tournesol,helianthus_annuus,sunflower,"18,0",quintal_per_hectare
2023,07,Tournesol,helianthus_annuus,sunflower,"17,0",quintal_per_hectare
2024,07,Tournesol,helianthus_annuus,sunflower,"18,0",quintal_per_hectare
2025,07,Tournesol,helianthus_annuus,sunflower,"18,0",quintal_per_hectare
2021,08,Tournesol,helianthus_annuus,sunflower,"30,0",quintal_per_hectare
2022,08,Tournesol,helianthus_annuus,sunflower,"25,0",quintal_per_hectare
2023,08,Tournesol,helianthus_annuus,sunflower,"26,0",quintal_per_hectare
2024,08,Tournesol,helianthus_annuus,sunflower,"27,0",quintal_per_hectare
2025,08,Tournesol,helianthus_annuus,sunflower,"28,0",quintal_per_hectare
2021,09,Tournesol,helianthus_annuus,sunflower,"25,0",quintal_per_hectare
2022,09,Tournesol,helianthus_annuus,sunflower,"17,0",quintal_per_hectare
2023,09,Tournesol,helianthus_annuus,sunflower,"24,0",quintal_per_hectare
2024,09,Tournesol,helianthus_annuus,sunflower,"18,0",quintal_per_hectare
2025,09,Tournesol,helianthus_annuus,sunflower,"14,0",quintal_per_hectare
2021,10,Tournesol,helianthus_annuus,sunflower,"30,0",quintal_per_hectare
2022,10,Tournesol,helianthus_annuus,sunflower,"24,9",quintal_per_hectare
2023,10,Tournesol,helianthus_annuus,sunflower,"28,0",quintal_per_hectare
2024,10,Tournesol,helianthus_annuus,sunflower,"29,0",quintal_per_hectare
2025,10,Tournesol,helianthus_annuus,sunflower,"26,0",quintal_per_hectare
2021,11,Tournesol,helianthus_annuus,sunflower,"24,0",quintal_per_hectare
2022,11,Tournesol,helianthus_annuus,sunflower,"13,0",quintal_per_hectare
2023,11,Tournesol,helianthus_annuus,sunflower,"24,0",quintal_per_hectare
2024,11,Tournesol,helianthus_annuus,sunflower,"19,0",quintal_per_hectare
2025,11,Tournesol,helianthus_annuus,sunflower,"17,0",quintal_per_hectare
2021,12,Tournesol,helianthus_annuus,sunflower,"22,0",quintal_per_hectare
2022,12,Tournesol,helianthus_annuus,sunflower,"15,0",quintal_per_hectare
2023,12,Tournesol,helianthus_annuus,sunflower,"22,0",quintal_per_hectare
2024,12,Tournesol,helianthus_annuus,sunflower,"25,0",quintal_per_hectare
2025,12,Tournesol,helianthus_annuus,sunflower,"18,7",quintal_per_hectare
2021,13,Tournesol,helianthus_annuus,sunflower,"16,6",quintal_per_hectare
2022,13,Tournesol,helianthus_annuus,sunflower,"12,5",quintal_per_hectare
2023,13,Tournesol,helianthus_annuus,sunflower,"20,0",quintal_per_hectare
2024,13,Tournesol,helianthus_annuus,sunflower,"17,2",quintal_per_hectare
2025,13,Tournesol,helianthus_annuus,sunflower,"18,0",quintal_per_hectare
2021,14,Tournesol,helianthus_annuus,sunflower,"27,0",quintal_per_hectare
2022,14,Tournesol,helianthus_annuus,sunflower,"30,0",quintal_per_hectare
2023,14,Tournesol,helianthus_annuus,sunflower,"30,0",quintal_per_hectare
2024,14,Tournesol,helianthus_annuus,sunflower,"28,0",quintal_per_hectare
2025,14,Tournesol,helianthus_annuus,sunflower,"29,0",quintal_per_hectare
2021,15,Tournesol,helianthus_annuus,sunflower,"25,0",quintal_per_hectare
2022,15,Tournesol,helianthus_annuus,sunflower,"18,0",quintal_per_hectare
2023,15,Tournesol,helianthus_annuus,sunflower,"20,0",quintal_per_hectare
2024,15,Tournesol,helianthus_annuus,sunflower,"20,0",quintal_per_hectare
2025,15,Tournesol,helianthus_annuus,sunflower,"19,0",quintal_per_hectare
2021,16,Tournesol,helianthus_annuus,sunflower,"28,0",quintal_per_hectare
2022,16,Tournesol,helianthus_annuus,sunflower,"22,0",quintal_per_hectare
2023,16,Tournesol,helianthus_annuus,sunflower,"25,0",quintal_per_hectare
2024,16,Tournesol,helianthus_annuus,sunflower,"19,0",quintal_per_hectare
2025,16,Tournesol,helianthus_annuus,sunflower,"17,0",quintal_per_hectare
2021,17,Tournesol,helianthus_annuus,sunflower,"26,0",quintal_per_hectare
2022,17,Tournesol,helianthus_annuus,sunflower,"20,0",quintal_per_hectare
2023,17,Tournesol,helianthus_annuus,sunflower,"28,0",quintal_per_hectare
2024,17,Tournesol,helianthus_annuus,sunflower,"22,0",quintal_per_hectare
2025,17,Tournesol,helianthus_annuus,sunflower,"19,0",quintal_per_hectare
2021,18,Tournesol,helianthus_annuus,sunflower,"27,0",quintal_per_hectare
2022,18,Tournesol,helianthus_annuus,sunflower,"23,0",quintal_per_hectare
2023,18,Tournesol,helianthus_annuus,sunflower,"25,0",quintal_per_hectare
2024,18,Tournesol,helianthus_annuus,sunflower,"18,0",quintal_per_hectare
2025,18,Tournesol,helianthus_annuus,sunflower,"16,0",quintal_per_hectare
2021,19,Tournesol,helianthus_annuus,sunflower,"18,0",quintal_per_hectare
2022,19,Tournesol,helianthus_annuus,sunflower,"23,0",quintal_per_hectare
2023,19,Tournesol,helianthus_annuus,sunflower,"25,0",quintal_per_hectare
2024,19,Tournesol,helianthus_annuus,sunflower,"14,0",quintal_per_hectare
2025,19,Tournesol,helianthus_annuus,sunflower,"16,0",quintal_per_hectare
2021,21,Tournesol,helianthus_annuus,sunflower,"30,0",quintal_per_hectare
2022,21,Tournesol,helianthus_annuus,sunflower,"22,0",quintal_per_hectare
2023,21,Tournesol,helianthus_annuus,sunflower,"25,0",quintal_per_hectare
2024,21,Tournesol,helianthus_annuus,sunflower,"22,0",quintal_per_hectare
2025,21,Tournesol,helianthus_annuus,sunflower,"25,0",quintal_per_hectare
2021,2B,Tournesol,helianthus_annuus,sunflower,"0,0",quintal_per_hectare
2022,2B,Tournesol,helianthus_annuus,sunflower,"20,0",quintal_per_hectare
2023,2B,Tournesol,helianthus_annuus,sunflower,"15,0",quintal_per_hectare
2024,2B,Tournesol,helianthus_annuus,sunflower,"15,0",quintal_per_hectare
2025,2B,Tournesol,helianthus_annuus,sunflower,"15,0",quintal_per_hectare
2021,22,Tournesol,helianthus_annuus,sunflower,"42,0",quintal_per_hectare
2022,22,Tournesol,helianthus_annuus,sunflower,"26,0",quintal_per_hectare
2023,22,Tournesol,helianthus_annuus,sunflower,"25,8",quintal_per_hectare
2024,22,Tournesol,helianthus_annuus,sunflower,"27,5",quintal_per_hectare
2025,22,Tournesol,helianthus_annuus,sunflower,"28,5",quintal_per_hectare
2021,23,Tournesol,helianthus_annuus,sunflower,"24,0",quintal_per_hectare
2022,23,Tournesol,helianthus_annuus,sunflower,"22,0",quintal_per_hectare
2023,23,Tournesol,helianthus_annuus,sunflower,"27,0",quintal_per_hectare
2024,23,Tournesol,helianthus_annuus,sunflower,"14,0",quintal_per_hectare
2025,23,Tournesol,helianthus_annuus,sunflower,"15,0",quintal_per_hectare
2021,24,Tournesol,helianthus_annuus,sunflower,"26,0",quintal_per_hectare
2022,24,Tournesol,helianthus_annuus,sunflower,"20,0",quintal_per_hectare
2023,24,Tournesol,helianthus_annuus,sunflower,"25,0",quintal_per_hectare
2024,24,Tournesol,helianthus_annuus,sunflower,"17,0",quintal_per_hectare
2025,24,Tournesol,helianthus_annuus,sunflower,"20,0",quintal_per_hectare
2021,25,Tournesol,helianthus_annuus,sunflower,"18,0",quintal_per_hectare
2022,25,Tournesol,helianthus_annuus,sunflower,"25,0",quintal_per_hectare
2023,25,Tournesol,helianthus_annuus,sunflower,"28,0",quintal_per_hectare
2024,25,Tournesol,helianthus_annuus,sunflower,"17,0",quintal_per_hectare
2025,25,Tournesol,helianthus_annuus,sunflower,"29,0",quintal_per_hectare
2021,26,Tournesol,helianthus_annuus,sunflower,"22,0",quintal_per_hectare
2022,26,Tournesol,helianthus_annuus,sunflower,"15,0",quintal_per_hectare
2023,26,Tournesol,helianthus_annuus,sunflower,"19,0",quintal_per_hectare
2024,26,Tournesol,helianthus_annuus,sunflower,"16,0",quintal_per_hectare
2025,26,Tournesol,helianthus_annuus,sunflower,"18,0",quintal_per_hectare
2021,27,Tournesol,helianthus_annuus,sunflower,"27,0",quintal_per_hectare
2022,27,Tournesol,helianthus_annuus,sunflower,"30,0",quintal_per_hectare
2023,27,Tournesol,helianthus_annuus,sunflower,"30,0",quintal_per_hectare
2024,27,Tournesol,helianthus_annuus,sunflower,"28,0",quintal_per_hectare
2025,27,Tournesol,helianthus_annuus,sunflower,"33,0",quintal_per_hectare
2021,28,Tournesol,helianthus_annuus,sunflower,"31,0",quintal_per_hectare
2022,28,Tournesol,helianthus_annuus,sunflower,"26,0",quintal_per_hectare
2023,28,Tournesol,helianthus_annuus,sunflower,"34,0",quintal_per_hectare
2024,28,Tournesol,helianthus_annuus,sunflower,"19,0",quintal_per_hectare
2025,28,Tournesol,helianthus_annuus,sunflower,"27,0",quintal_per_hectare
2021,29,Tournesol,helianthus_annuus,sunflower,"17,5",quintal_per_hectare
2022,29,Tournesol,helianthus_annuus,sunflower,"20,5",quintal_per_hectare
2023,29,Tournesol,helianthus_annuus,sunflower,"25,8",quintal_per_hectare
2024,29,Tournesol,helianthus_annuus,sunflower,"19,7",quintal_per_hectare
2025,29,Tournesol,helianthus_annuus,sunflower,"20,7",quintal_per_hectare
2021,30,Tournesol,helianthus_annuus,sunflower,"19,0",quintal_per_hectare
2022,30,Tournesol,helianthus_annuus,sunflower,"10,0",quintal_per_hectare
2023,30,Tournesol,helianthus_annuus,sunflower,"20,0",quintal_per_hectare
2024,30,Tournesol,helianthus_annuus,sunflower,"16,0",quintal_per_hectare
2025,30,Tournesol,helianthus_annuus,sunflower,"13,0",quintal_per_hectare
2021,31,Tournesol,helianthus_annuus,sunflower,"25,0",quintal_per_hectare
2022,31,Tournesol,helianthus_annuus,sunflower,"18,0",quintal_per_hectare
2023,31,Tournesol,helianthus_annuus,sunflower,"24,0",quintal_per_hectare
2024,31,Tournesol,helianthus_annuus,sunflower,"22,0",quintal_per_hectare
2025,31,Tournesol,helianthus_annuus,sunflower,"17,7",quintal_per_hectare
2021,32,Tournesol,helianthus_annuus,sunflower,"26,0",quintal_per_hectare
2022,32,Tournesol,helianthus_annuus,sunflower,"16,0",quintal_per_hectare
2023,32,Tournesol,helianthus_annuus,sunflower,"20,0",quintal_per_hectare
2024,32,Tournesol,helianthus_annuus,sunflower,"19,0",quintal_per_hectare
2025,32,Tournesol,helianthus_annuus,sunflower,"16,0",quintal_per_hectare
2021,33,Tournesol,helianthus_annuus,sunflower,"25,0",quintal_per_hectare
2022,33,Tournesol,helianthus_annuus,sunflower,"21,0",quintal_per_hectare
2023,33,Tournesol,helianthus_annuus,sunflower,"23,0",quintal_per_hectare
2024,33,Tournesol,helianthus_annuus,sunflower,"18,0",quintal_per_hectare
2025,33,Tournesol,helianthus_annuus,sunflower,"20,0",quintal_per_hectare
2021,34,Tournesol,helianthus_annuus,sunflower,"15,0",quintal_per_hectare
2022,34,Tournesol,helianthus_annuus,sunflower,"10,0",quintal_per_hectare
2023,34,Tournesol,helianthus_annuus,sunflower,"17,0",quintal_per_hectare
2024,34,Tournesol,helianthus_annuus,sunflower,"14,0",quintal_per_hectare
2025,34,Tournesol,helianthus_annuus,sunflower,"13,0",quintal_per_hectare
2021,35,Tournesol,helianthus_annuus,sunflower,"21,0",quintal_per_hectare
2022,35,Tournesol,helianthus_annuus,sunflower,"18,1",quintal_per_hectare
2023,35,Tournesol,helianthus_annuus,sunflower,"25,8",quintal_per_hectare
2024,35,Tournesol,helianthus_annuus,sunflower,"18,6",quintal_per_hectare
2025,35,Tournesol,helianthus_annuus,sunflower,"20,7",quintal_per_hectare
2021,36,Tournesol,helianthus_annuus,sunflower,"28,0",quintal_per_hectare
2022,36,Tournesol,helianthus_annuus,sunflower,"23,0",quintal_per_hectare
2023,36,Tournesol,helianthus_annuus,sunflower,"24,0",quintal_per_hectare
2024,36,Tournesol,helianthus_annuus,sunflower,"15,0",quintal_per_hectare
2025,36,Tournesol,helianthus_annuus,sunflower,"17,0",quintal_per_hectare
2021,37,Tournesol,helianthus_annuus,sunflower,"30,0",quintal_per_hectare
2022,37,Tournesol,helianthus_annuus,sunflower,"22,0",quintal_per_hectare
2023,37,Tournesol,helianthus_annuus,sunflower,"27,0",quintal_per_hectare
2024,37,Tournesol,helianthus_annuus,sunflower,"17,0",quintal_per_hectare
2025,37,Tournesol,helianthus_annuus,sunflower,"23,0",quintal_per_hectare
2021,38,Tournesol,helianthus_annuus,sunflower,"28,0",quintal_per_hectare
2022,38,Tournesol,helianthus_annuus,sunflower,"24,0",quintal_per_hectare
2023,38,Tournesol,helianthus_annuus,sunflower,"26,0",quintal_per_hectare
2024,38,Tournesol,helianthus_annuus,sunflower,"24,0",quintal_per_hectare
2025,38,Tournesol,helianthus_annuus,sunflower,"25,0",quintal_per_hectare
2021,39,Tournesol,helianthus_annuus,sunflower,"30,0",quintal_per_hectare
2022,39,Tournesol,helianthus_annuus,sunflower,"30,0",quintal_per_hectare
2023,39,Tournesol,helianthus_annuus,sunflower,"34,0",quintal_per_hectare
2024,39,Tournesol,helianthus_annuus,sunflower,"22,0",quintal_per_hectare
2025,39,Tournesol,helianthus_annuus,sunflower,"26,0",quintal_per_hectare
2021,40,Tournesol,helianthus_annuus,sunflower,"25,0",quintal_per_hectare
2022,40,Tournesol,helianthus_annuus,sunflower,"24,0",quintal_per_hectare
2023,40,Tournesol,helianthus_annuus,sunflower,"24,0",quintal_per_hectare
2024,40,Tournesol,helianthus_annuus,sunflower,"18,0",quintal_per_hectare
2025,40,Tournesol,helianthus_annuus,sunflower,"20,0",quintal_per_hectare
2021,41,Tournesol,helianthus_annuus,sunflower,"30,0",quintal_per_hectare
2022,41,Tournesol,helianthus_annuus,sunflower,"23,0",quintal_per_hectare
2023,41,Tournesol,helianthus_annuus,sunflower,"28,0",quintal_per_hectare
2024,41,Tournesol,helianthus_annuus,sunflower,"18,0",quintal_per_hectare
2025,41,Tournesol,helianthus_annuus,sunflower,"25,0",quintal_per_hectare
2021,42,Tournesol,helianthus_annuus,sunflower,"19,0",quintal_per_hectare
2022,42,Tournesol,helianthus_annuus,sunflower,"19,0",quintal_per_hectare
2023,42,Tournesol,helianthus_annuus,sunflower,"20,0",quintal_per_hectare
2024,42,Tournesol,helianthus_annuus,sunflower,"22,0",quintal_per_hectare
2025,42,Tournesol,helianthus_annuus,sunflower,"18,0",quintal_per_hectare
2021,43,Tournesol,helianthus_annuus,sunflower,"28,0",quintal_per_hectare
2022,43,Tournesol,helianthus_annuus,sunflower,"20,0",quintal_per_hectare
2023,43,Tournesol,helianthus_annuus,sunflower,"22,0",quintal_per_hectare
2024,43,Tournesol,helianthus_annuus,sunflower,"20,0",quintal_per_hectare
2025,43,Tournesol,helianthus_annuus,sunflower,"15,0",quintal_per_hectare
2021,44,Tournesol,helianthus_annuus,sunflower,"29,0",quintal_per_hectare
2022,44,Tournesol,helianthus_annuus,sunflower,"19,0",quintal_per_hectare
2023,44,Tournesol,helianthus_annuus,sunflower,"27,0",quintal_per_hectare
2024,44,Tournesol,helianthus_annuus,sunflower,"15,0",quintal_per_hectare
2025,44,Tournesol,helianthus_annuus,sunflower,"24,0",quintal_per_hectare
2021,45,Tournesol,helianthus_annuus,sunflower,"29,0",quintal_per_hectare
2022,45,Tournesol,helianthus_annuus,sunflower,"26,0",quintal_per_hectare
2023,45,Tournesol,helianthus_annuus,sunflower,"27,0",quintal_per_hectare
2024,45,Tournesol,helianthus_annuus,sunflower,"20,5",quintal_per_hectare
2025,45,Tournesol,helianthus_annuus,sunflower,"25,0",quintal_per_hectare
2021,46,Tournesol,helianthus_annuus,sunflower,"21,0",quintal_per_hectare
2022,46,Tournesol,helianthus_annuus,sunflower,"18,0",quintal_per_hectare
2023,46,Tournesol,helianthus_annuus,sunflower,"22,0",quintal_per_hectare
2024,46,Tournesol,helianthus_annuus,sunflower,"19,0",quintal_per_hectare
2025,46,Tournesol,helianthus_annuus,sunflower,"22,0",quintal_per_hectare
2021,47,Tournesol,helianthus_annuus,sunflower,"27,0",quintal_per_hectare
2022,47,Tournesol,helianthus_annuus,sunflower,"22,0",quintal_per_hectare
2023,47,Tournesol,helianthus_annuus,sunflower,"25,0",quintal_per_hectare
2024,47,Tournesol,helianthus_annuus,sunflower,"20,0",quintal_per_hectare
2025,47,Tournesol,helianthus_annuus,sunflower,"21,0",quintal_per_hectare
2021,48,Tournesol,helianthus_annuus,sunflower,"0,0",quintal_per_hectare
2022,48,Tournesol,helianthus_annuus,sunflower,"10,0",quintal_per_hectare
2023,48,Tournesol,helianthus_annuus,sunflower,"19,0",quintal_per_hectare
2024,48,Tournesol,helianthus_annuus,sunflower,"14,0",quintal_per_hectare
2025,48,Tournesol,helianthus_annuus,sunflower,"13,0",quintal_per_hectare
2021,49,Tournesol,helianthus_annuus,sunflower,"29,0",quintal_per_hectare
2022,49,Tournesol,helianthus_annuus,sunflower,"20,0",quintal_per_hectare
2023,49,Tournesol,helianthus_annuus,sunflower,"28,0",quintal_per_hectare
2024,49,Tournesol,helianthus_annuus,sunflower,"19,0",quintal_per_hectare
2025,49,Tournesol,helianthus_annuus,sunflower,"24,0",quintal_per_hectare
2021,50,Tournesol,helianthus_annuus,sunflower,"0,0",quintal_per_hectare
2022,50,Tournesol,helianthus_annuus,sunflower,"30,0",quintal_per_hectare
2023,50,Tournesol,helianthus_annuus,sunflower,"30,0",quintal_per_hectare
2024,50,Tournesol,helianthus_annuus,sunflower,"28,0",quintal_per_hectare
2025,50,Tournesol,helianthus_annuus,sunflower,"33,0",quintal_per_hectare
2021,51,Tournesol,helianthus_annuus,sunflower,"30,0",quintal_per_hectare
2022,51,Tournesol,helianthus_annuus,sunflower,"26,0",quintal_per_hectare
2023,51,Tournesol,helianthus_annuus,sunflower,"29,0",quintal_per_hectare
2024,51,Tournesol,helianthus_annuus,sunflower,"29,0",quintal_per_hectare
2025,51,Tournesol,helianthus_annuus,sunflower,"30,0",quintal_per_hectare
2021,52,Tournesol,helianthus_annuus,sunflower,"30,0",quintal_per_hectare
2022,52,Tournesol,helianthus_annuus,sunflower,"19,8",quintal_per_hectare
2023,52,Tournesol,helianthus_annuus,sunflower,"24,0",quintal_per_hectare
2024,52,Tournesol,helianthus_annuus,sunflower,"21,0",quintal_per_hectare
2025,52,Tournesol,helianthus_annuus,sunflower,"25,0",quintal_per_hectare
2021,53,Tournesol,helianthus_annuus,sunflower,"30,0",quintal_per_hectare
2022,53,Tournesol,helianthus_annuus,sunflower,"20,0",quintal_per_hectare
2023,53,Tournesol,helianthus_annuus,sunflower,"31,0",quintal_per_hectare
2024,53,Tournesol,helianthus_annuus,sunflower,"20,0",quintal_per_hectare
2025,53,Tournesol,helianthus_annuus,sunflower,"23,0",quintal_per_hectare
2021,54,Tournesol,helianthus_annuus,sunflower,"30,0",quintal_per_hectare
2022,54,Tournesol,helianthus_annuus,sunflower,"21,9",quintal_per_hectare
2023,54,Tournesol,helianthus_annuus,sunflower,"21,0",quintal_per_hectare
2024,54,Tournesol,helianthus_annuus,sunflower,"20,0",quintal_per_hectare
2025,54,Tournesol,helianthus_annuus,sunflower,"24,0",quintal_per_hectare
2021,55,Tournesol,helianthus_annuus,sunflower,"30,0",quintal_per_hectare
2022,55,Tournesol,helianthus_annuus,sunflower,"23,9",quintal_per_hectare
2023,55,Tournesol,helianthus_annuus,sunflower,"22,0",quintal_per_hectare
2024,55,Tournesol,helianthus_annuus,sunflower,"21,0",quintal_per_hectare
2025,55,Tournesol,helianthus_annuus,sunflower,"27,0",quintal_per_hectare
2021,56,Tournesol,helianthus_annuus,sunflower,"19,0",quintal_per_hectare
2022,56,Tournesol,helianthus_annuus,sunflower,"25,1",quintal_per_hectare
2023,56,Tournesol,helianthus_annuus,sunflower,"25,8",quintal_per_hectare
2024,56,Tournesol,helianthus_annuus,sunflower,"21,1",quintal_per_hectare
2025,56,Tournesol,helianthus_annuus,sunflower,"22,2",quintal_per_hectare
2021,57,Tournesol,helianthus_annuus,sunflower,"29,0",quintal_per_hectare
2022,57,Tournesol,helianthus_annuus,sunflower,"21,7",quintal_per_hectare
2023,57,Tournesol,helianthus_annuus,sunflower,"21,0",quintal_per_hectare
2024,57,Tournesol,helianthus_annuus,sunflower,"20,0",quintal_per_hectare
2025,57,Tournesol,helianthus_annuus,sunflower,"26,0",quintal_per_hectare
2021,58,Tournesol,helianthus_annuus,sunflower,"27,0",quintal_per_hectare
2022,58,Tournesol,helianthus_annuus,sunflower,"21,0",quintal_per_hectare
2023,58,Tournesol,helianthus_annuus,sunflower,"23,0",quintal_per_hectare
2024,58,Tournesol,helianthus_annuus,sunflower,"18,0",quintal_per_hectare
2025,58,Tournesol,helianthus_annuus,sunflower,"21,0",quintal_per_hectare
2021,59,Tournesol,helianthus_annuus,sunflower,"27,0",quintal_per_hectare
2022,59,Tournesol,helianthus_annuus,sunflower,"27,0",quintal_per_hectare
2023,59,Tournesol,helianthus_annuus,sunflower,"27,0",quintal_per_hectare
2024,59,Tournesol,helianthus_annuus,sunflower,"26,3",quintal_per_hectare
2025,59,Tournesol,helianthus_annuus,sunflower,"29,9",quintal_per_hectare
2021,60,Tournesol,helianthus_annuus,sunflower,"30,0",quintal_per_hectare
2022,60,Tournesol,helianthus_annuus,sunflower,"33,0",quintal_per_hectare
2023,60,Tournesol,helianthus_annuus,sunflower,"33,0",quintal_per_hectare
2024,60,Tournesol,helianthus_annuus,sunflower,"31,0",quintal_per_hectare
2025,60,Tournesol,helianthus_annuus,sunflower,"32,0",quintal_per_hectare
2021,61,Tournesol,helianthus_annuus,sunflower,"27,0",quintal_per_hectare
2022,61,Tournesol,helianthus_annuus,sunflower,"30,0",quintal_per_hectare
2023,61,Tournesol,helianthus_annuus,sunflower,"30,0",quintal_per_hectare
2024,61,Tournesol,helianthus_annuus,sunflower,"28,0",quintal_per_hectare
2025,61,Tournesol,helianthus_annuus,sunflower,"33,0",quintal_per_hectare
2021,62,Tournesol,helianthus_annuus,sunflower,"30,0",quintal_per_hectare
2022,62,Tournesol,helianthus_annuus,sunflower,"30,0",quintal_per_hectare
2023,62,Tournesol,helianthus_annuus,sunflower,"29,0",quintal_per_hectare
2024,62,Tournesol,helianthus_annuus,sunflower,"30,0",quintal_per_hectare
2025,62,Tournesol,helianthus_annuus,sunflower,"29,9",quintal_per_hectare
2021,63,Tournesol,helianthus_annuus,sunflower,"28,0",quintal_per_hectare
2022,63,Tournesol,helianthus_annuus,sunflower,"28,0",quintal_per_hectare
2023,63,Tournesol,helianthus_annuus,sunflower,"27,0",quintal_per_hectare
2024,63,Tournesol,helianthus_annuus,sunflower,"25,0",quintal_per_hectare
2025,63,Tournesol,helianthus_annuus,sunflower,"24,0",quintal_per_hectare
2021,64,Tournesol,helianthus_annuus,sunflower,"27,0",quintal_per_hectare
2022,64,Tournesol,helianthus_annuus,sunflower,"22,0",quintal_per_hectare
2023,64,Tournesol,helianthus_annuus,sunflower,"26,0",quintal_per_hectare
2024,64,Tournesol,helianthus_annuus,sunflower,"20,0",quintal_per_hectare
2025,64,Tournesol,helianthus_annuus,sunflower,"22,0",quintal_per_hectare
2021,65,Tournesol,helianthus_annuus,sunflower,"33,0",quintal_per_hectare
2022,65,Tournesol,helianthus_annuus,sunflower,"15,0",quintal_per_hectare
2023,65,Tournesol,helianthus_annuus,sunflower,"24,0",quintal_per_hectare
2024,65,Tournesol,helianthus_annuus,sunflower,"19,0",quintal_per_hectare
2025,65,Tournesol,helianthus_annuus,sunflower,"22,0",quintal_per_hectare
2021,66,Tournesol,helianthus_annuus,sunflower,"14,0",quintal_per_hectare
2022,66,Tournesol,helianthus_annuus,sunflower,"11,0",quintal_per_hectare
2023,66,Tournesol,helianthus_annuus,sunflower,"10,0",quintal_per_hectare
2024,66,Tournesol,helianthus_annuus,sunflower,"12,0",quintal_per_hectare
2025,66,Tournesol,helianthus_annuus,sunflower,"12,0",quintal_per_hectare
2021,67,Tournesol,helianthus_annuus,sunflower,"33,0",quintal_per_hectare
2022,67,Tournesol,helianthus_annuus,sunflower,"28,0",quintal_per_hectare
2023,67,Tournesol,helianthus_annuus,sunflower,"28,0",quintal_per_hectare
2024,67,Tournesol,helianthus_annuus,sunflower,"32,0",quintal_per_hectare
2025,67,Tournesol,helianthus_annuus,sunflower,"30,0",quintal_per_hectare
2021,68,Tournesol,helianthus_annuus,sunflower,"12,0",quintal_per_hectare
2022,68,Tournesol,helianthus_annuus,sunflower,"30,0",quintal_per_hectare
2023,68,Tournesol,helianthus_annuus,sunflower,"34,0",quintal_per_hectare
2024,68,Tournesol,helianthus_annuus,sunflower,"34,0",quintal_per_hectare
2025,68,Tournesol,helianthus_annuus,sunflower,"34,0",quintal_per_hectare
2021,69,Tournesol,helianthus_annuus,sunflower,"27,0",quintal_per_hectare
2022,69,Tournesol,helianthus_annuus,sunflower,"23,0",quintal_per_hectare
2023,69,Tournesol,helianthus_annuus,sunflower,"25,0",quintal_per_hectare
2024,69,Tournesol,helianthus_annuus,sunflower,"22,0",quintal_per_hectare
2025,69,Tournesol,helianthus_annuus,sunflower,"24,0",quintal_per_hectare
2021,70,Tournesol,helianthus_annuus,sunflower,"29,0",quintal_per_hectare
2022,70,Tournesol,helianthus_annuus,sunflower,"23,0",quintal_per_hectare
2023,70,Tournesol,helianthus_annuus,sunflower,"26,0",quintal_per_hectare
2024,70,Tournesol,helianthus_annuus,sunflower,"18,0",quintal_per_hectare
2025,70,Tournesol,helianthus_annuus,sunflower,"27,0",quintal_per_hectare
2021,71,Tournesol,helianthus_annuus,sunflower,"29,0",quintal_per_hectare
2022,71,Tournesol,helianthus_annuus,sunflower,"30,0",quintal_per_hectare
2023,71,Tournesol,helianthus_annuus,sunflower,"30,0",quintal_per_hectare
2024,71,Tournesol,helianthus_annuus,sunflower,"26,0",quintal_per_hectare
2025,71,Tournesol,helianthus_annuus,sunflower,"28,0",quintal_per_hectare
2021,72,Tournesol,helianthus_annuus,sunflower,"31,0",quintal_per_hectare
2022,72,Tournesol,helianthus_annuus,sunflower,"20,0",quintal_per_hectare
2023,72,Tournesol,helianthus_annuus,sunflower,"30,0",quintal_per_hectare
2024,72,Tournesol,helianthus_annuus,sunflower,"17,0",quintal_per_hectare
2025,72,Tournesol,helianthus_annuus,sunflower,"26,0",quintal_per_hectare
2021,73,Tournesol,helianthus_annuus,sunflower,"25,0",quintal_per_hectare
2022,73,Tournesol,helianthus_annuus,sunflower,"19,0",quintal_per_hectare
2023,73,Tournesol,helianthus_annuus,sunflower,"21,0",quintal_per_hectare
2024,73,Tournesol,helianthus_annuus,sunflower,"21,0",quintal_per_hectare
2025,73,Tournesol,helianthus_annuus,sunflower,"22,0",quintal_per_hectare
2021,74,Tournesol,helianthus_annuus,sunflower,"25,0",quintal_per_hectare
2022,74,Tournesol,helianthus_annuus,sunflower,"23,0",quintal_per_hectare
2023,74,Tournesol,helianthus_annuus,sunflower,"23,0",quintal_per_hectare
2024,74,Tournesol,helianthus_annuus,sunflower,"22,0",quintal_per_hectare
2025,74,Tournesol,helianthus_annuus,sunflower,"20,0",quintal_per_hectare
2021,76,Tournesol,helianthus_annuus,sunflower,"27,0",quintal_per_hectare
2022,76,Tournesol,helianthus_annuus,sunflower,"30,0",quintal_per_hectare
2023,76,Tournesol,helianthus_annuus,sunflower,"30,0",quintal_per_hectare
2024,76,Tournesol,helianthus_annuus,sunflower,"28,0",quintal_per_hectare
2025,76,Tournesol,helianthus_annuus,sunflower,"33,0",quintal_per_hectare
2021,77,Tournesol,helianthus_annuus,sunflower,"35,0",quintal_per_hectare
2022,77,Tournesol,helianthus_annuus,sunflower,"29,0",quintal_per_hectare
2023,77,Tournesol,helianthus_annuus,sunflower,"32,3",quintal_per_hectare
2024,77,Tournesol,helianthus_annuus,sunflower,"27,3",quintal_per_hectare
2025,77,Tournesol,helianthus_annuus,sunflower,"30,0",quintal_per_hectare
2021,78,Tournesol,helianthus_annuus,sunflower,"34,0",quintal_per_hectare
2022,78,Tournesol,helianthus_annuus,sunflower,"26,0",quintal_per_hectare
2023,78,Tournesol,helianthus_annuus,sunflower,"30,0",quintal_per_hectare
2024,78,Tournesol,helianthus_annuus,sunflower,"23,0",quintal_per_hectare
2025,78,Tournesol,helianthus_annuus,sunflower,"34,3",quintal_per_hectare
2021,79,Tournesol,helianthus_annuus,sunflower,"27,0",quintal_per_hectare
2022,79,Tournesol,helianthus_annuus,sunflower,"17,0",quintal_per_hectare
2023,79,Tournesol,helianthus_annuus,sunflower,"25,0",quintal_per_hectare
2024,79,Tournesol,helianthus_annuus,sunflower,"18,0",quintal_per_hectare
2025,79,Tournesol,helianthus_annuus,sunflower,"19,0",quintal_per_hectare
2021,80,Tournesol,helianthus_annuus,sunflower,"30,0",quintal_per_hectare
2022,80,Tournesol,helianthus_annuus,sunflower,"29,0",quintal_per_hectare
2023,80,Tournesol,helianthus_annuus,sunflower,"29,0",quintal_per_hectare
2024,80,Tournesol,helianthus_annuus,sunflower,"31,0",quintal_per_hectare
2025,80,Tournesol,helianthus_annuus,sunflower,"32,0",quintal_per_hectare
2021,81,Tournesol,helianthus_annuus,sunflower,"25,0",quintal_per_hectare
2022,81,Tournesol,helianthus_annuus,sunflower,"17,0",quintal_per_hectare
2023,81,Tournesol,helianthus_annuus,sunflower,"23,0",quintal_per_hectare
2024,81,Tournesol,helianthus_annuus,sunflower,"22,0",quintal_per_hectare
2025,81,Tournesol,helianthus_annuus,sunflower,"19,0",quintal_per_hectare
2021,82,Tournesol,helianthus_annuus,sunflower,"26,0",quintal_per_hectare
2022,82,Tournesol,helianthus_annuus,sunflower,"18,0",quintal_per_hectare
2023,82,Tournesol,helianthus_annuus,sunflower,"23,0",quintal_per_hectare
2024,82,Tournesol,helianthus_annuus,sunflower,"20,0",quintal_per_hectare
2025,82,Tournesol,helianthus_annuus,sunflower,"20,0",quintal_per_hectare
2021,83,Tournesol,helianthus_annuus,sunflower,"16,1",quintal_per_hectare
2022,83,Tournesol,helianthus_annuus,sunflower,"12,1",quintal_per_hectare
2023,83,Tournesol,helianthus_annuus,sunflower,"12,5",quintal_per_hectare
2024,83,Tournesol,helianthus_annuus,sunflower,"16,6",quintal_per_hectare
2025,83,Tournesol,helianthus_annuus,sunflower,"17,0",quintal_per_hectare
2021,84,Tournesol,helianthus_annuus,sunflower,"18,8",quintal_per_hectare
2022,84,Tournesol,helianthus_annuus,sunflower,"11,8",quintal_per_hectare
2023,84,Tournesol,helianthus_annuus,sunflower,"13,2",quintal_per_hectare
2024,84,Tournesol,helianthus_annuus,sunflower,"18,2",quintal_per_hectare
2025,84,Tournesol,helianthus_annuus,sunflower,"18,0",quintal_per_hectare
2021,85,Tournesol,helianthus_annuus,sunflower,"31,0",quintal_per_hectare
2022,85,Tournesol,helianthus_annuus,sunflower,"21,0",quintal_per_hectare
2023,85,Tournesol,helianthus_annuus,sunflower,"29,0",quintal_per_hectare
2024,85,Tournesol,helianthus_annuus,sunflower,"18,0",quintal_per_hectare
2025,85,Tournesol,helianthus_annuus,sunflower,"25,0",quintal_per_hectare
2021,86,Tournesol,helianthus_annuus,sunflower,"28,0",quintal_per_hectare
2022,86,Tournesol,helianthus_annuus,sunflower,"21,0",quintal_per_hectare
2023,86,Tournesol,helianthus_annuus,sunflower,"27,0",quintal_per_hectare
2024,86,Tournesol,helianthus_annuus,sunflower,"16,0",quintal_per_hectare
2025,86,Tournesol,helianthus_annuus,sunflower,"20,0",quintal_per_hectare
2021,87,Tournesol,helianthus_annuus,sunflower,"17,0",quintal_per_hectare
2022,87,Tournesol,helianthus_annuus,sunflower,"19,0",quintal_per_hectare
2023,87,Tournesol,helianthus_annuus,sunflower,"22,0",quintal_per_hectare
2024,87,Tournesol,helianthus_annuus,sunflower,"10,0",quintal_per_hectare
2025,87,Tournesol,helianthus_annuus,sunflower,"16,0",quintal_per_hectare
2021,88,Tournesol,helianthus_annuus,sunflower,"29,0",quintal_per_hectare
2022,88,Tournesol,helianthus_annuus,sunflower,"20,0",quintal_per_hectare
2023,88,Tournesol,helianthus_annuus,sunflower,"20,0",quintal_per_hectare
2024,88,Tournesol,helianthus_annuus,sunflower,"20,0",quintal_per_hectare
2025,88,Tournesol,helianthus_annuus,sunflower,"23,0",quintal_per_hectare
2021,89,Tournesol,helianthus_annuus,sunflower,"28,0",quintal_per_hectare
2022,89,Tournesol,helianthus_annuus,sunflower,"22,0",quintal_per_hectare
2023,89,Tournesol,helianthus_annuus,sunflower,"24,0",quintal_per_hectare
2024,89,Tournesol,helianthus_annuus,sunflower,"17,0",quintal_per_hectare
2025,89,Tournesol,helianthus_annuus,sunflower,"24,0",quintal_per_hectare
2021,90,Tournesol,helianthus_annuus,sunflower,"0,0",quintal_per_hectare
2023,90,Tournesol,helianthus_annuus,sunflower,"26,0",quintal_per_hectare
2021,91,Tournesol,helianthus_annuus,sunflower,"32,0",quintal_per_hectare
2022,91,Tournesol,helianthus_annuus,sunflower,"28,0",quintal_per_hectare
2023,91,Tournesol,helianthus_annuus,sunflower,"32,0",quintal_per_hectare
2024,91,Tournesol,helianthus_annuus,sunflower,"21,2",quintal_per_hectare
2025,91,Tournesol,helianthus_annuus,sunflower,"35,0",quintal_per_hectare
2021,95,Tournesol,helianthus_annuus,sunflower,"35,0",quintal_per_hectare
2022,95,Tournesol,helianthus_annuus,sunflower,"25,0",quintal_per_hectare
2023,95,Tournesol,helianthus_annuus,sunflower,"35,3",quintal_per_hectare
2024,95,Tournesol,helianthus_annuus,sunflower,"24,0",quintal_per_hectare
2025,95,Tournesol,helianthus_annuus,sunflower,"32,9",quintal_per_hectare
2021,01,Triticale,x_triticosecale,winter_triticale,"55,0",quintal_per_hectare
2022,01,Triticale,x_triticosecale,winter_triticale,"59,0",quintal_per_hectare
2023,01,Triticale,x_triticosecale,winter_triticale,"57,0",quintal_per_hectare
2024,01,Triticale,x_triticosecale,winter_triticale,"41,0",quintal_per_hectare
2025,01,Triticale,x_triticosecale,winter_triticale,"57,0",quintal_per_hectare
2021,02,Triticale,x_triticosecale,winter_triticale,"62,0",quintal_per_hectare
2022,02,Triticale,x_triticosecale,winter_triticale,"63,0",quintal_per_hectare
2023,02,Triticale,x_triticosecale,winter_triticale,"61,0",quintal_per_hectare
2024,02,Triticale,x_triticosecale,winter_triticale,"62,4",quintal_per_hectare
2025,02,Triticale,x_triticosecale,winter_triticale,"66,0",quintal_per_hectare
2021,03,Triticale,x_triticosecale,winter_triticale,"52,0",quintal_per_hectare
2022,03,Triticale,x_triticosecale,winter_triticale,"41,0",quintal_per_hectare
2023,03,Triticale,x_triticosecale,winter_triticale,"48,0",quintal_per_hectare
2024,03,Triticale,x_triticosecale,winter_triticale,"39,0",quintal_per_hectare
2025,03,Triticale,x_triticosecale,winter_triticale,"49,0",quintal_per_hectare
2021,04,Triticale,x_triticosecale,winter_triticale,"50,0",quintal_per_hectare
2022,04,Triticale,x_triticosecale,winter_triticale,"36,0",quintal_per_hectare
2023,04,Triticale,x_triticosecale,winter_triticale,"36,0",quintal_per_hectare
2024,04,Triticale,x_triticosecale,winter_triticale,"50,0",quintal_per_hectare
2025,04,Triticale,x_triticosecale,winter_triticale,"50,0",quintal_per_hectare
2021,05,Triticale,x_triticosecale,winter_triticale,"40,1",quintal_per_hectare
2022,05,Triticale,x_triticosecale,winter_triticale,"40,0",quintal_per_hectare
2023,05,Triticale,x_triticosecale,winter_triticale,"37,0",quintal_per_hectare
2024,05,Triticale,x_triticosecale,winter_triticale,"55,0",quintal_per_hectare
2025,05,Triticale,x_triticosecale,winter_triticale,"55,0",quintal_per_hectare
2021,06,Triticale,x_triticosecale,winter_triticale,"45,0",quintal_per_hectare
2022,06,Triticale,x_triticosecale,winter_triticale,"36,0",quintal_per_hectare
2023,06,Triticale,x_triticosecale,winter_triticale,"36,0",quintal_per_hectare
2024,06,Triticale,x_triticosecale,winter_triticale,"40,0",quintal_per_hectare
2025,06,Triticale,x_triticosecale,winter_triticale,"40,0",quintal_per_hectare
2021,07,Triticale,x_triticosecale,winter_triticale,"45,0",quintal_per_hectare
2022,07,Triticale,x_triticosecale,winter_triticale,"43,0",quintal_per_hectare
2023,07,Triticale,x_triticosecale,winter_triticale,"41,0",quintal_per_hectare
2024,07,Triticale,x_triticosecale,winter_triticale,"41,0",quintal_per_hectare
2025,07,Triticale,x_triticosecale,winter_triticale,"44,0",quintal_per_hectare
2021,08,Triticale,x_triticosecale,winter_triticale,"59,0",quintal_per_hectare
2022,08,Triticale,x_triticosecale,winter_triticale,"59,0",quintal_per_hectare
2023,08,Triticale,x_triticosecale,winter_triticale,"55,0",quintal_per_hectare
2024,08,Triticale,x_triticosecale,winter_triticale,"55,0",quintal_per_hectare
2025,08,Triticale,x_triticosecale,winter_triticale,"64,0",quintal_per_hectare
2021,09,Triticale,x_triticosecale,winter_triticale,"42,6",quintal_per_hectare
2022,09,Triticale,x_triticosecale,winter_triticale,"32,0",quintal_per_hectare
2023,09,Triticale,x_triticosecale,winter_triticale,"38,0",quintal_per_hectare
2024,09,Triticale,x_triticosecale,winter_triticale,"50,0",quintal_per_hectare
2025,09,Triticale,x_triticosecale,winter_triticale,"40,0",quintal_per_hectare
2021,10,Triticale,x_triticosecale,winter_triticale,"45,0",quintal_per_hectare
2022,10,Triticale,x_triticosecale,winter_triticale,"40,0",quintal_per_hectare
2023,10,Triticale,x_triticosecale,winter_triticale,"50,0",quintal_per_hectare
2024,10,Triticale,x_triticosecale,winter_triticale,"47,0",quintal_per_hectare
2025,10,Triticale,x_triticosecale,winter_triticale,"52,0",quintal_per_hectare
2021,11,Triticale,x_triticosecale,winter_triticale,"39,0",quintal_per_hectare
2022,11,Triticale,x_triticosecale,winter_triticale,"27,0",quintal_per_hectare
2023,11,Triticale,x_triticosecale,winter_triticale,"34,0",quintal_per_hectare
2024,11,Triticale,x_triticosecale,winter_triticale,"35,0",quintal_per_hectare
2025,11,Triticale,x_triticosecale,winter_triticale,"38,0",quintal_per_hectare
2021,12,Triticale,x_triticosecale,winter_triticale,"42,0",quintal_per_hectare
2022,12,Triticale,x_triticosecale,winter_triticale,"36,0",quintal_per_hectare
2023,12,Triticale,x_triticosecale,winter_triticale,"51,0",quintal_per_hectare
2024,12,Triticale,x_triticosecale,winter_triticale,"43,0",quintal_per_hectare
2025,12,Triticale,x_triticosecale,winter_triticale,"45,0",quintal_per_hectare
2021,13,Triticale,x_triticosecale,winter_triticale,"40,0",quintal_per_hectare
2022,13,Triticale,x_triticosecale,winter_triticale,"30,0",quintal_per_hectare
2023,13,Triticale,x_triticosecale,winter_triticale,"30,0",quintal_per_hectare
2024,13,Triticale,x_triticosecale,winter_triticale,"45,0",quintal_per_hectare
2025,13,Triticale,x_triticosecale,winter_triticale,"45,0",quintal_per_hectare
2021,14,Triticale,x_triticosecale,winter_triticale,"50,0",quintal_per_hectare
2022,14,Triticale,x_triticosecale,winter_triticale,"60,0",quintal_per_hectare
2023,14,Triticale,x_triticosecale,winter_triticale,"56,0",quintal_per_hectare
2024,14,Triticale,x_triticosecale,winter_triticale,"51,0",quintal_per_hectare
2025,14,Triticale,x_triticosecale,winter_triticale,"61,0",quintal_per_hectare
2021,15,Triticale,x_triticosecale,winter_triticale,"55,0",quintal_per_hectare
2022,15,Triticale,x_triticosecale,winter_triticale,"48,0",quintal_per_hectare
2023,15,Triticale,x_triticosecale,winter_triticale,"51,0",quintal_per_hectare
2024,15,Triticale,x_triticosecale,winter_triticale,"43,0",quintal_per_hectare
2025,15,Triticale,x_triticosecale,winter_triticale,"48,0",quintal_per_hectare
2021,16,Triticale,x_triticosecale,winter_triticale,"46,0",quintal_per_hectare
2022,16,Triticale,x_triticosecale,winter_triticale,"43,0",quintal_per_hectare
2023,16,Triticale,x_triticosecale,winter_triticale,"50,0",quintal_per_hectare
2024,16,Triticale,x_triticosecale,winter_triticale,"37,0",quintal_per_hectare
2025,16,Triticale,x_triticosecale,winter_triticale,"49,0",quintal_per_hectare
2021,17,Triticale,x_triticosecale,winter_triticale,"49,0",quintal_per_hectare
2022,17,Triticale,x_triticosecale,winter_triticale,"43,0",quintal_per_hectare
2023,17,Triticale,x_triticosecale,winter_triticale,"50,0",quintal_per_hectare
2024,17,Triticale,x_triticosecale,winter_triticale,"40,0",quintal_per_hectare
2025,17,Triticale,x_triticosecale,winter_triticale,"47,0",quintal_per_hectare
2021,18,Triticale,x_triticosecale,winter_triticale,"47,0",quintal_per_hectare
2022,18,Triticale,x_triticosecale,winter_triticale,"43,0",quintal_per_hectare
2023,18,Triticale,x_triticosecale,winter_triticale,"48,0",quintal_per_hectare
2024,18,Triticale,x_triticosecale,winter_triticale,"38,0",quintal_per_hectare
2025,18,Triticale,x_triticosecale,winter_triticale,"45,0",quintal_per_hectare
2021,19,Triticale,x_triticosecale,winter_triticale,"47,0",quintal_per_hectare
2022,19,Triticale,x_triticosecale,winter_triticale,"47,0",quintal_per_hectare
2023,19,Triticale,x_triticosecale,winter_triticale,"48,0",quintal_per_hectare
2024,19,Triticale,x_triticosecale,winter_triticale,"34,0",quintal_per_hectare
2025,19,Triticale,x_triticosecale,winter_triticale,"48,0",quintal_per_hectare
2021,2A,Triticale,x_triticosecale,winter_triticale,"55,0",quintal_per_hectare
2022,2A,Triticale,x_triticosecale,winter_triticale,"55,0",quintal_per_hectare
2023,2A,Triticale,x_triticosecale,winter_triticale,"40,0",quintal_per_hectare
2024,2A,Triticale,x_triticosecale,winter_triticale,"45,0",quintal_per_hectare
2025,2A,Triticale,x_triticosecale,winter_triticale,"50,0",quintal_per_hectare
2021,21,Triticale,x_triticosecale,winter_triticale,"45,0",quintal_per_hectare
2022,21,Triticale,x_triticosecale,winter_triticale,"38,0",quintal_per_hectare
2023,21,Triticale,x_triticosecale,winter_triticale,"37,0",quintal_per_hectare
2024,21,Triticale,x_triticosecale,winter_triticale,"36,0",quintal_per_hectare
2025,21,Triticale,x_triticosecale,winter_triticale,"36,0",quintal_per_hectare
2021,2B,Triticale,x_triticosecale,winter_triticale,"55,0",quintal_per_hectare
2022,2B,Triticale,x_triticosecale,winter_triticale,"55,0",quintal_per_hectare
2023,2B,Triticale,x_triticosecale,winter_triticale,"40,0",quintal_per_hectare
2024,2B,Triticale,x_triticosecale,winter_triticale,"45,0",quintal_per_hectare
2025,2B,Triticale,x_triticosecale,winter_triticale,"50,0",quintal_per_hectare
2021,22,Triticale,x_triticosecale,winter_triticale,"56,4",quintal_per_hectare
2022,22,Triticale,x_triticosecale,winter_triticale,"67,0",quintal_per_hectare
2023,22,Triticale,x_triticosecale,winter_triticale,"56,5",quintal_per_hectare
2024,22,Triticale,x_triticosecale,winter_triticale,"57,3",quintal_per_hectare
2025,22,Triticale,x_triticosecale,winter_triticale,"66,8",quintal_per_hectare
2021,23,Triticale,x_triticosecale,winter_triticale,"50,0",quintal_per_hectare
2022,23,Triticale,x_triticosecale,winter_triticale,"47,0",quintal_per_hectare
2023,23,Triticale,x_triticosecale,winter_triticale,"49,0",quintal_per_hectare
2024,23,Triticale,x_triticosecale,winter_triticale,"37,0",quintal_per_hectare
2025,23,Triticale,x_triticosecale,winter_triticale,"51,0",quintal_per_hectare
2021,24,Triticale,x_triticosecale,winter_triticale,"42,0",quintal_per_hectare
2022,24,Triticale,x_triticosecale,winter_triticale,"43,0",quintal_per_hectare
2023,24,Triticale,x_triticosecale,winter_triticale,"48,0",quintal_per_hectare
2024,24,Triticale,x_triticosecale,winter_triticale,"34,0",quintal_per_hectare
2025,24,Triticale,x_triticosecale,winter_triticale,"48,0",quintal_per_hectare
2021,25,Triticale,x_triticosecale,winter_triticale,"49,0",quintal_per_hectare
2022,25,Triticale,x_triticosecale,winter_triticale,"47,0",quintal_per_hectare
2023,25,Triticale,x_triticosecale,winter_triticale,"49,0",quintal_per_hectare
2024,25,Triticale,x_triticosecale,winter_triticale,"40,0",quintal_per_hectare
2025,25,Triticale,x_triticosecale,winter_triticale,"47,0",quintal_per_hectare
2021,26,Triticale,x_triticosecale,winter_triticale,"48,0",quintal_per_hectare
2022,26,Triticale,x_triticosecale,winter_triticale,"41,0",quintal_per_hectare
2023,26,Triticale,x_triticosecale,winter_triticale,"47,0",quintal_per_hectare
2024,26,Triticale,x_triticosecale,winter_triticale,"45,0",quintal_per_hectare
2025,26,Triticale,x_triticosecale,winter_triticale,"45,0",quintal_per_hectare
2021,27,Triticale,x_triticosecale,winter_triticale,"45,0",quintal_per_hectare
2022,27,Triticale,x_triticosecale,winter_triticale,"59,0",quintal_per_hectare
2023,27,Triticale,x_triticosecale,winter_triticale,"59,0",quintal_per_hectare
2024,27,Triticale,x_triticosecale,winter_triticale,"47,0",quintal_per_hectare
2025,27,Triticale,x_triticosecale,winter_triticale,"48,0",quintal_per_hectare
2021,28,Triticale,x_triticosecale,winter_triticale,"60,0",quintal_per_hectare
2022,28,Triticale,x_triticosecale,winter_triticale,"55,0",quintal_per_hectare
2023,28,Triticale,x_triticosecale,winter_triticale,"64,0",quintal_per_hectare
2024,28,Triticale,x_triticosecale,winter_triticale,"52,0",quintal_per_hectare
2025,28,Triticale,x_triticosecale,winter_triticale,"54,0",quintal_per_hectare
2021,29,Triticale,x_triticosecale,winter_triticale,"61,0",quintal_per_hectare
2022,29,Triticale,x_triticosecale,winter_triticale,"61,9",quintal_per_hectare
2023,29,Triticale,x_triticosecale,winter_triticale,"59,8",quintal_per_hectare
2024,29,Triticale,x_triticosecale,winter_triticale,"54,5",quintal_per_hectare
2025,29,Triticale,x_triticosecale,winter_triticale,"67,0",quintal_per_hectare
2021,30,Triticale,x_triticosecale,winter_triticale,"35,0",quintal_per_hectare
2022,30,Triticale,x_triticosecale,winter_triticale,"25,0",quintal_per_hectare
2023,30,Triticale,x_triticosecale,winter_triticale,"30,0",quintal_per_hectare
2024,30,Triticale,x_triticosecale,winter_triticale,"30,0",quintal_per_hectare
2025,30,Triticale,x_triticosecale,winter_triticale,"32,0",quintal_per_hectare
2021,31,Triticale,x_triticosecale,winter_triticale,"39,0",quintal_per_hectare
2022,31,Triticale,x_triticosecale,winter_triticale,"27,0",quintal_per_hectare
2023,31,Triticale,x_triticosecale,winter_triticale,"42,0",quintal_per_hectare
2024,31,Triticale,x_triticosecale,winter_triticale,"40,0",quintal_per_hectare
2025,31,Triticale,x_triticosecale,winter_triticale,"36,0",quintal_per_hectare
2021,32,Triticale,x_triticosecale,winter_triticale,"39,0",quintal_per_hectare
2022,32,Triticale,x_triticosecale,winter_triticale,"30,0",quintal_per_hectare
2023,32,Triticale,x_triticosecale,winter_triticale,"37,0",quintal_per_hectare
2024,32,Triticale,x_triticosecale,winter_triticale,"30,0",quintal_per_hectare
2025,32,Triticale,x_triticosecale,winter_triticale,"36,0",quintal_per_hectare
2021,33,Triticale,x_triticosecale,winter_triticale,"42,0",quintal_per_hectare
2022,33,Triticale,x_triticosecale,winter_triticale,"41,0",quintal_per_hectare
2023,33,Triticale,x_triticosecale,winter_triticale,"50,0",quintal_per_hectare
2024,33,Triticale,x_triticosecale,winter_triticale,"34,0",quintal_per_hectare
2025,33,Triticale,x_triticosecale,winter_triticale,"38,0",quintal_per_hectare
2021,34,Triticale,x_triticosecale,winter_triticale,"24,0",quintal_per_hectare
2022,34,Triticale,x_triticosecale,winter_triticale,"22,0",quintal_per_hectare
2023,34,Triticale,x_triticosecale,winter_triticale,"26,0",quintal_per_hectare
2024,34,Triticale,x_triticosecale,winter_triticale,"35,0",quintal_per_hectare
2025,34,Triticale,x_triticosecale,winter_triticale,"30,0",quintal_per_hectare
2021,35,Triticale,x_triticosecale,winter_triticale,"59,5",quintal_per_hectare
2022,35,Triticale,x_triticosecale,winter_triticale,"65,1",quintal_per_hectare
2023,35,Triticale,x_triticosecale,winter_triticale,"60,0",quintal_per_hectare
2024,35,Triticale,x_triticosecale,winter_triticale,"52,3",quintal_per_hectare
2025,35,Triticale,x_triticosecale,winter_triticale,"67,0",quintal_per_hectare
2021,36,Triticale,x_triticosecale,winter_triticale,"49,0",quintal_per_hectare
2022,36,Triticale,x_triticosecale,winter_triticale,"43,0",quintal_per_hectare
2023,36,Triticale,x_triticosecale,winter_triticale,"47,0",quintal_per_hectare
2024,36,Triticale,x_triticosecale,winter_triticale,"38,0",quintal_per_hectare
2025,36,Triticale,x_triticosecale,winter_triticale,"43,0",quintal_per_hectare
2021,37,Triticale,x_triticosecale,winter_triticale,"54,0",quintal_per_hectare
2022,37,Triticale,x_triticosecale,winter_triticale,"49,0",quintal_per_hectare
2023,37,Triticale,x_triticosecale,winter_triticale,"54,0",quintal_per_hectare
2024,37,Triticale,x_triticosecale,winter_triticale,"40,0",quintal_per_hectare
2025,37,Triticale,x_triticosecale,winter_triticale,"49,0",quintal_per_hectare
2021,38,Triticale,x_triticosecale,winter_triticale,"60,0",quintal_per_hectare
2022,38,Triticale,x_triticosecale,winter_triticale,"50,0",quintal_per_hectare
2023,38,Triticale,x_triticosecale,winter_triticale,"52,0",quintal_per_hectare
2024,38,Triticale,x_triticosecale,winter_triticale,"48,0",quintal_per_hectare
2025,38,Triticale,x_triticosecale,winter_triticale,"55,0",quintal_per_hectare
2021,39,Triticale,x_triticosecale,winter_triticale,"47,0",quintal_per_hectare
2022,39,Triticale,x_triticosecale,winter_triticale,"52,0",quintal_per_hectare
2023,39,Triticale,x_triticosecale,winter_triticale,"50,0",quintal_per_hectare
2024,39,Triticale,x_triticosecale,winter_triticale,"40,0",quintal_per_hectare
2025,39,Triticale,x_triticosecale,winter_triticale,"51,0",quintal_per_hectare
2021,40,Triticale,x_triticosecale,winter_triticale,"42,0",quintal_per_hectare
2022,40,Triticale,x_triticosecale,winter_triticale,"41,0",quintal_per_hectare
2023,40,Triticale,x_triticosecale,winter_triticale,"50,0",quintal_per_hectare
2024,40,Triticale,x_triticosecale,winter_triticale,"36,0",quintal_per_hectare
2025,40,Triticale,x_triticosecale,winter_triticale,"36,0",quintal_per_hectare
2021,41,Triticale,x_triticosecale,winter_triticale,"56,0",quintal_per_hectare
2022,41,Triticale,x_triticosecale,winter_triticale,"46,0",quintal_per_hectare
2023,41,Triticale,x_triticosecale,winter_triticale,"49,0",quintal_per_hectare
2024,41,Triticale,x_triticosecale,winter_triticale,"38,0",quintal_per_hectare
2025,41,Triticale,x_triticosecale,winter_triticale,"46,0",quintal_per_hectare
2021,42,Triticale,x_triticosecale,winter_triticale,"52,0",quintal_per_hectare
2022,42,Triticale,x_triticosecale,winter_triticale,"33,0",quintal_per_hectare
2023,42,Triticale,x_triticosecale,winter_triticale,"48,0",quintal_per_hectare
2024,42,Triticale,x_triticosecale,winter_triticale,"47,0",quintal_per_hectare
2025,42,Triticale,x_triticosecale,winter_triticale,"48,0",quintal_per_hectare
2021,43,Triticale,x_triticosecale,winter_triticale,"55,0",quintal_per_hectare
2022,43,Triticale,x_triticosecale,winter_triticale,"35,0",quintal_per_hectare
2023,43,Triticale,x_triticosecale,winter_triticale,"53,0",quintal_per_hectare
2024,43,Triticale,x_triticosecale,winter_triticale,"47,0",quintal_per_hectare
2025,43,Triticale,x_triticosecale,winter_triticale,"40,0",quintal_per_hectare
2021,44,Triticale,x_triticosecale,winter_triticale,"60,0",quintal_per_hectare
2022,44,Triticale,x_triticosecale,winter_triticale,"58,0",quintal_per_hectare
2023,44,Triticale,x_triticosecale,winter_triticale,"54,0",quintal_per_hectare
2024,44,Triticale,x_triticosecale,winter_triticale,"40,0",quintal_per_hectare
2025,44,Triticale,x_triticosecale,winter_triticale,"55,0",quintal_per_hectare
2021,45,Triticale,x_triticosecale,winter_triticale,"46,0",quintal_per_hectare
2022,45,Triticale,x_triticosecale,winter_triticale,"48,0",quintal_per_hectare
2023,45,Triticale,x_triticosecale,winter_triticale,"51,0",quintal_per_hectare
2024,45,Triticale,x_triticosecale,winter_triticale,"39,0",quintal_per_hectare
2025,45,Triticale,x_triticosecale,winter_triticale,"46,0",quintal_per_hectare
2021,46,Triticale,x_triticosecale,winter_triticale,"42,8",quintal_per_hectare
2022,46,Triticale,x_triticosecale,winter_triticale,"32,0",quintal_per_hectare
2023,46,Triticale,x_triticosecale,winter_triticale,"39,0",quintal_per_hectare
2024,46,Triticale,x_triticosecale,winter_triticale,"39,0",quintal_per_hectare
2025,46,Triticale,x_triticosecale,winter_triticale,"48,0",quintal_per_hectare
2021,47,Triticale,x_triticosecale,winter_triticale,"38,0",quintal_per_hectare
2022,47,Triticale,x_triticosecale,winter_triticale,"40,0",quintal_per_hectare
2023,47,Triticale,x_triticosecale,winter_triticale,"50,0",quintal_per_hectare
2024,47,Triticale,x_triticosecale,winter_triticale,"35,0",quintal_per_hectare
2025,47,Triticale,x_triticosecale,winter_triticale,"43,0",quintal_per_hectare
2021,48,Triticale,x_triticosecale,winter_triticale,"37,0",quintal_per_hectare
2022,48,Triticale,x_triticosecale,winter_triticale,"17,0",quintal_per_hectare
2023,48,Triticale,x_triticosecale,winter_triticale,"48,0",quintal_per_hectare
2024,48,Triticale,x_triticosecale,winter_triticale,"44,0",quintal_per_hectare
2025,48,Triticale,x_triticosecale,winter_triticale,"32,0",quintal_per_hectare
2021,49,Triticale,x_triticosecale,winter_triticale,"60,0",quintal_per_hectare
2022,49,Triticale,x_triticosecale,winter_triticale,"54,0",quintal_per_hectare
2023,49,Triticale,x_triticosecale,winter_triticale,"55,0",quintal_per_hectare
2024,49,Triticale,x_triticosecale,winter_triticale,"43,0",quintal_per_hectare
2025,49,Triticale,x_triticosecale,winter_triticale,"55,0",quintal_per_hectare
2021,50,Triticale,x_triticosecale,winter_triticale,"55,0",quintal_per_hectare
2022,50,Triticale,x_triticosecale,winter_triticale,"60,0",quintal_per_hectare
2023,50,Triticale,x_triticosecale,winter_triticale,"58,0",quintal_per_hectare
2024,50,Triticale,x_triticosecale,winter_triticale,"48,0",quintal_per_hectare
2025,50,Triticale,x_triticosecale,winter_triticale,"58,0",quintal_per_hectare
2021,51,Triticale,x_triticosecale,winter_triticale,"48,0",quintal_per_hectare
2022,51,Triticale,x_triticosecale,winter_triticale,"49,0",quintal_per_hectare
2023,51,Triticale,x_triticosecale,winter_triticale,"54,0",quintal_per_hectare
2024,51,Triticale,x_triticosecale,winter_triticale,"50,0",quintal_per_hectare
2025,51,Triticale,x_triticosecale,winter_triticale,"64,0",quintal_per_hectare
2021,52,Triticale,x_triticosecale,winter_triticale,"50,0",quintal_per_hectare
2022,52,Triticale,x_triticosecale,winter_triticale,"50,0",quintal_per_hectare
2023,52,Triticale,x_triticosecale,winter_triticale,"52,0",quintal_per_hectare
2024,52,Triticale,x_triticosecale,winter_triticale,"48,0",quintal_per_hectare
2025,52,Triticale,x_triticosecale,winter_triticale,"62,0",quintal_per_hectare
2021,53,Triticale,x_triticosecale,winter_triticale,"63,0",quintal_per_hectare
2022,53,Triticale,x_triticosecale,winter_triticale,"61,0",quintal_per_hectare
2023,53,Triticale,x_triticosecale,winter_triticale,"66,0",quintal_per_hectare
2024,53,Triticale,x_triticosecale,winter_triticale,"46,0",quintal_per_hectare
2025,53,Triticale,x_triticosecale,winter_triticale,"62,0",quintal_per_hectare
2021,54,Triticale,x_triticosecale,winter_triticale,"55,0",quintal_per_hectare
2022,54,Triticale,x_triticosecale,winter_triticale,"55,0",quintal_per_hectare
2023,54,Triticale,x_triticosecale,winter_triticale,"58,0",quintal_per_hectare
2024,54,Triticale,x_triticosecale,winter_triticale,"57,0",quintal_per_hectare
2025,54,Triticale,x_triticosecale,winter_triticale,"64,0",quintal_per_hectare
2021,55,Triticale,x_triticosecale,winter_triticale,"60,0",quintal_per_hectare
2022,55,Triticale,x_triticosecale,winter_triticale,"59,0",quintal_per_hectare
2023,55,Triticale,x_triticosecale,winter_triticale,"57,0",quintal_per_hectare
2024,55,Triticale,x_triticosecale,winter_triticale,"57,0",quintal_per_hectare
2025,55,Triticale,x_triticosecale,winter_triticale,"65,0",quintal_per_hectare
2021,56,Triticale,x_triticosecale,winter_triticale,"62,1",quintal_per_hectare
2022,56,Triticale,x_triticosecale,winter_triticale,"60,1",quintal_per_hectare
2023,56,Triticale,x_triticosecale,winter_triticale,"58,4",quintal_per_hectare
2024,56,Triticale,x_triticosecale,winter_triticale,"57,5",quintal_per_hectare
2025,56,Triticale,x_triticosecale,winter_triticale,"63,4",quintal_per_hectare
2021,57,Triticale,x_triticosecale,winter_triticale,"56,0",quintal_per_hectare
2022,57,Triticale,x_triticosecale,winter_triticale,"58,0",quintal_per_hectare
2023,57,Triticale,x_triticosecale,winter_triticale,"55,0",quintal_per_hectare
2024,57,Triticale,x_triticosecale,winter_triticale,"55,0",quintal_per_hectare
2025,57,Triticale,x_triticosecale,winter_triticale,"66,9",quintal_per_hectare
2021,58,Triticale,x_triticosecale,winter_triticale,"52,0",quintal_per_hectare
2022,58,Triticale,x_triticosecale,winter_triticale,"46,0",quintal_per_hectare
2023,58,Triticale,x_triticosecale,winter_triticale,"47,0",quintal_per_hectare
2024,58,Triticale,x_triticosecale,winter_triticale,"38,0",quintal_per_hectare
2025,58,Triticale,x_triticosecale,winter_triticale,"48,0",quintal_per_hectare
2021,59,Triticale,x_triticosecale,winter_triticale,"71,0",quintal_per_hectare
2022,59,Triticale,x_triticosecale,winter_triticale,"72,0",quintal_per_hectare
2023,59,Triticale,x_triticosecale,winter_triticale,"69,0",quintal_per_hectare
2024,59,Triticale,x_triticosecale,winter_triticale,"71,3",quintal_per_hectare
2025,59,Triticale,x_triticosecale,winter_triticale,"77,0",quintal_per_hectare
2021,60,Triticale,x_triticosecale,winter_triticale,"62,0",quintal_per_hectare
2022,60,Triticale,x_triticosecale,winter_triticale,"64,0",quintal_per_hectare
2023,60,Triticale,x_triticosecale,winter_triticale,"62,0",quintal_per_hectare
2024,60,Triticale,x_triticosecale,winter_triticale,"62,7",quintal_per_hectare
2025,60,Triticale,x_triticosecale,winter_triticale,"66,0",quintal_per_hectare
2021,61,Triticale,x_triticosecale,winter_triticale,"55,0",quintal_per_hectare
2022,61,Triticale,x_triticosecale,winter_triticale,"61,0",quintal_per_hectare
2023,61,Triticale,x_triticosecale,winter_triticale,"59,0",quintal_per_hectare
2024,61,Triticale,x_triticosecale,winter_triticale,"47,0",quintal_per_hectare
2025,61,Triticale,x_triticosecale,winter_triticale,"64,0",quintal_per_hectare
2021,62,Triticale,x_triticosecale,winter_triticale,"71,0",quintal_per_hectare
2022,62,Triticale,x_triticosecale,winter_triticale,"72,0",quintal_per_hectare
2023,62,Triticale,x_triticosecale,winter_triticale,"70,0",quintal_per_hectare
2024,62,Triticale,x_triticosecale,winter_triticale,"71,3",quintal_per_hectare
2025,62,Triticale,x_triticosecale,winter_triticale,"77,0",quintal_per_hectare
2021,63,Triticale,x_triticosecale,winter_triticale,"49,0",quintal_per_hectare
2022,63,Triticale,x_triticosecale,winter_triticale,"45,0",quintal_per_hectare
2023,63,Triticale,x_triticosecale,winter_triticale,"53,0",quintal_per_hectare
2024,63,Triticale,x_triticosecale,winter_triticale,"42,0",quintal_per_hectare
2025,63,Triticale,x_triticosecale,winter_triticale,"53,0",quintal_per_hectare
2021,64,Triticale,x_triticosecale,winter_triticale,"45,0",quintal_per_hectare
2022,64,Triticale,x_triticosecale,winter_triticale,"39,0",quintal_per_hectare
2023,64,Triticale,x_triticosecale,winter_triticale,"43,0",quintal_per_hectare
2024,64,Triticale,x_triticosecale,winter_triticale,"34,0",quintal_per_hectare
2025,64,Triticale,x_triticosecale,winter_triticale,"40,0",quintal_per_hectare
2021,65,Triticale,x_triticosecale,winter_triticale,"42,0",quintal_per_hectare
2022,65,Triticale,x_triticosecale,winter_triticale,"41,0",quintal_per_hectare
2023,65,Triticale,x_triticosecale,winter_triticale,"47,0",quintal_per_hectare
2024,65,Triticale,x_triticosecale,winter_triticale,"38,0",quintal_per_hectare
2025,65,Triticale,x_triticosecale,winter_triticale,"39,0",quintal_per_hectare
2021,66,Triticale,x_triticosecale,winter_triticale,"38,0",quintal_per_hectare
2022,66,Triticale,x_triticosecale,winter_triticale,"27,0",quintal_per_hectare
2023,66,Triticale,x_triticosecale,winter_triticale,"20,0",quintal_per_hectare
2024,66,Triticale,x_triticosecale,winter_triticale,"25,0",quintal_per_hectare
2025,66,Triticale,x_triticosecale,winter_triticale,"33,0",quintal_per_hectare
2021,67,Triticale,x_triticosecale,winter_triticale,"65,0",quintal_per_hectare
2022,67,Triticale,x_triticosecale,winter_triticale,"65,0",quintal_per_hectare
2023,67,Triticale,x_triticosecale,winter_triticale,"75,0",quintal_per_hectare
2024,67,Triticale,x_triticosecale,winter_triticale,"65,0",quintal_per_hectare
2025,67,Triticale,x_triticosecale,winter_triticale,"64,0",quintal_per_hectare
2021,68,Triticale,x_triticosecale,winter_triticale,"68,0",quintal_per_hectare
2022,68,Triticale,x_triticosecale,winter_triticale,"65,0",quintal_per_hectare
2023,68,Triticale,x_triticosecale,winter_triticale,"80,0",quintal_per_hectare
2024,68,Triticale,x_triticosecale,winter_triticale,"68,0",quintal_per_hectare
2025,68,Triticale,x_triticosecale,winter_triticale,"65,0",quintal_per_hectare
2021,69,Triticale,x_triticosecale,winter_triticale,"58,0",quintal_per_hectare
2022,69,Triticale,x_triticosecale,winter_triticale,"40,0",quintal_per_hectare
2023,69,Triticale,x_triticosecale,winter_triticale,"57,0",quintal_per_hectare
2024,69,Triticale,x_triticosecale,winter_triticale,"48,0",quintal_per_hectare
2025,69,Triticale,x_triticosecale,winter_triticale,"57,0",quintal_per_hectare
2021,70,Triticale,x_triticosecale,winter_triticale,"48,0",quintal_per_hectare
2022,70,Triticale,x_triticosecale,winter_triticale,"55,0",quintal_per_hectare
2023,70,Triticale,x_triticosecale,winter_triticale,"53,0",quintal_per_hectare
2024,70,Triticale,x_triticosecale,winter_triticale,"40,0",quintal_per_hectare
2025,70,Triticale,x_triticosecale,winter_triticale,"60,0",quintal_per_hectare
2021,71,Triticale,x_triticosecale,winter_triticale,"51,0",quintal_per_hectare
2022,71,Triticale,x_triticosecale,winter_triticale,"51,0",quintal_per_hectare
2023,71,Triticale,x_triticosecale,winter_triticale,"47,0",quintal_per_hectare
2024,71,Triticale,x_triticosecale,winter_triticale,"38,0",quintal_per_hectare
2025,71,Triticale,x_triticosecale,winter_triticale,"50,0",quintal_per_hectare
2021,72,Triticale,x_triticosecale,winter_triticale,"63,0",quintal_per_hectare
2022,72,Triticale,x_triticosecale,winter_triticale,"56,0",quintal_per_hectare
2023,72,Triticale,x_triticosecale,winter_triticale,"62,0",quintal_per_hectare
2024,72,Triticale,x_triticosecale,winter_triticale,"42,0",quintal_per_hectare
2025,72,Triticale,x_triticosecale,winter_triticale,"60,0",quintal_per_hectare
2021,73,Triticale,x_triticosecale,winter_triticale,"55,0",quintal_per_hectare
2022,73,Triticale,x_triticosecale,winter_triticale,"55,0",quintal_per_hectare
2023,73,Triticale,x_triticosecale,winter_triticale,"57,0",quintal_per_hectare
2024,73,Triticale,x_triticosecale,winter_triticale,"48,0",quintal_per_hectare
2025,73,Triticale,x_triticosecale,winter_triticale,"55,0",quintal_per_hectare
2021,74,Triticale,x_triticosecale,winter_triticale,"60,0",quintal_per_hectare
2022,74,Triticale,x_triticosecale,winter_triticale,"58,0",quintal_per_hectare
2023,74,Triticale,x_triticosecale,winter_triticale,"59,0",quintal_per_hectare
2024,74,Triticale,x_triticosecale,winter_triticale,"48,0",quintal_per_hectare
2025,74,Triticale,x_triticosecale,winter_triticale,"57,0",quintal_per_hectare
2021,76,Triticale,x_triticosecale,winter_triticale,"50,0",quintal_per_hectare
2022,76,Triticale,x_triticosecale,winter_triticale,"65,0",quintal_per_hectare
2023,76,Triticale,x_triticosecale,winter_triticale,"64,0",quintal_per_hectare
2024,76,Triticale,x_triticosecale,winter_triticale,"50,0",quintal_per_hectare
2025,76,Triticale,x_triticosecale,winter_triticale,"62,0",quintal_per_hectare
2021,77,Triticale,x_triticosecale,winter_triticale,"64,0",quintal_per_hectare
2022,77,Triticale,x_triticosecale,winter_triticale,"67,0",quintal_per_hectare
2023,77,Triticale,x_triticosecale,winter_triticale,"65,0",quintal_per_hectare
2024,77,Triticale,x_triticosecale,winter_triticale,"42,0",quintal_per_hectare
2025,77,Triticale,x_triticosecale,winter_triticale,"53,7",quintal_per_hectare
2021,78,Triticale,x_triticosecale,winter_triticale,"65,0",quintal_per_hectare
2022,78,Triticale,x_triticosecale,winter_triticale,"61,0",quintal_per_hectare
2023,78,Triticale,x_triticosecale,winter_triticale,"64,0",quintal_per_hectare
2024,78,Triticale,x_triticosecale,winter_triticale,"40,5",quintal_per_hectare
2025,78,Triticale,x_triticosecale,winter_triticale,"53,7",quintal_per_hectare
2021,79,Triticale,x_triticosecale,winter_triticale,"50,0",quintal_per_hectare
2022,79,Triticale,x_triticosecale,winter_triticale,"50,0",quintal_per_hectare
2023,79,Triticale,x_triticosecale,winter_triticale,"52,0",quintal_per_hectare
2024,79,Triticale,x_triticosecale,winter_triticale,"42,0",quintal_per_hectare
2025,79,Triticale,x_triticosecale,winter_triticale,"55,0",quintal_per_hectare
2021,80,Triticale,x_triticosecale,winter_triticale,"65,0",quintal_per_hectare
2022,80,Triticale,x_triticosecale,winter_triticale,"68,0",quintal_per_hectare
2023,80,Triticale,x_triticosecale,winter_triticale,"65,0",quintal_per_hectare
2024,80,Triticale,x_triticosecale,winter_triticale,"66,0",quintal_per_hectare
2025,80,Triticale,x_triticosecale,winter_triticale,"70,0",quintal_per_hectare
2021,81,Triticale,x_triticosecale,winter_triticale,"45,0",quintal_per_hectare
2022,81,Triticale,x_triticosecale,winter_triticale,"36,0",quintal_per_hectare
2023,81,Triticale,x_triticosecale,winter_triticale,"44,0",quintal_per_hectare
2024,81,Triticale,x_triticosecale,winter_triticale,"42,0",quintal_per_hectare
2025,81,Triticale,x_triticosecale,winter_triticale,"48,0",quintal_per_hectare
2021,82,Triticale,x_triticosecale,winter_triticale,"43,0",quintal_per_hectare
2022,82,Triticale,x_triticosecale,winter_triticale,"33,0",quintal_per_hectare
2023,82,Triticale,x_triticosecale,winter_triticale,"41,0",quintal_per_hectare
2024,82,Triticale,x_triticosecale,winter_triticale,"35,0",quintal_per_hectare
2025,82,Triticale,x_triticosecale,winter_triticale,"42,0",quintal_per_hectare
2021,83,Triticale,x_triticosecale,winter_triticale,"45,0",quintal_per_hectare
2022,83,Triticale,x_triticosecale,winter_triticale,"30,0",quintal_per_hectare
2023,83,Triticale,x_triticosecale,winter_triticale,"30,0",quintal_per_hectare
2024,83,Triticale,x_triticosecale,winter_triticale,"45,0",quintal_per_hectare
2025,83,Triticale,x_triticosecale,winter_triticale,"45,0",quintal_per_hectare
2021,84,Triticale,x_triticosecale,winter_triticale,"35,0",quintal_per_hectare
2022,84,Triticale,x_triticosecale,winter_triticale,"30,0",quintal_per_hectare
2023,84,Triticale,x_triticosecale,winter_triticale,"30,0",quintal_per_hectare
2024,84,Triticale,x_triticosecale,winter_triticale,"38,0",quintal_per_hectare
2025,84,Triticale,x_triticosecale,winter_triticale,"38,0",quintal_per_hectare
2021,85,Triticale,x_triticosecale,winter_triticale,"56,0",quintal_per_hectare
2022,85,Triticale,x_triticosecale,winter_triticale,"57,0",quintal_per_hectare
2023,85,Triticale,x_triticosecale,winter_triticale,"58,0",quintal_per_hectare
2024,85,Triticale,x_triticosecale,winter_triticale,"39,0",quintal_per_hectare
2025,85,Triticale,x_triticosecale,winter_triticale,"57,0",quintal_per_hectare
2021,86,Triticale,x_triticosecale,winter_triticale,"46,0",quintal_per_hectare
2022,86,Triticale,x_triticosecale,winter_triticale,"43,0",quintal_per_hectare
2023,86,Triticale,x_triticosecale,winter_triticale,"43,0",quintal_per_hectare
2024,86,Triticale,x_triticosecale,winter_triticale,"40,0",quintal_per_hectare
2025,86,Triticale,x_triticosecale,winter_triticale,"47,0",quintal_per_hectare
2021,87,Triticale,x_triticosecale,winter_triticale,"48,0",quintal_per_hectare
2022,87,Triticale,x_triticosecale,winter_triticale,"44,0",quintal_per_hectare
2023,87,Triticale,x_triticosecale,winter_triticale,"47,0",quintal_per_hectare
2024,87,Triticale,x_triticosecale,winter_triticale,"32,0",quintal_per_hectare
2025,87,Triticale,x_triticosecale,winter_triticale,"50,0",quintal_per_hectare
2021,88,Triticale,x_triticosecale,winter_triticale,"62,0",quintal_per_hectare
2022,88,Triticale,x_triticosecale,winter_triticale,"52,0",quintal_per_hectare
2023,88,Triticale,x_triticosecale,winter_triticale,"53,0",quintal_per_hectare
2024,88,Triticale,x_triticosecale,winter_triticale,"53,0",quintal_per_hectare
2025,88,Triticale,x_triticosecale,winter_triticale,"60,0",quintal_per_hectare
2021,89,Triticale,x_triticosecale,winter_triticale,"40,0",quintal_per_hectare
2022,89,Triticale,x_triticosecale,winter_triticale,"45,0",quintal_per_hectare
2023,89,Triticale,x_triticosecale,winter_triticale,"42,0",quintal_per_hectare
2024,89,Triticale,x_triticosecale,winter_triticale,"34,0",quintal_per_hectare
2025,89,Triticale,x_triticosecale,winter_triticale,"44,0",quintal_per_hectare
2021,90,Triticale,x_triticosecale,winter_triticale,"48,0",quintal_per_hectare
2022,90,Triticale,x_triticosecale,winter_triticale,"55,0",quintal_per_hectare
2023,90,Triticale,x_triticosecale,winter_triticale,"53,0",quintal_per_hectare
2024,90,Triticale,x_triticosecale,winter_triticale,"40,0",quintal_per_hectare
2025,90,Triticale,x_triticosecale,winter_triticale,"60,0",quintal_per_hectare
2021,91,Triticale,x_triticosecale,winter_triticale,"65,0",quintal_per_hectare
2022,91,Triticale,x_triticosecale,winter_triticale,"61,0",quintal_per_hectare
2023,91,Triticale,x_triticosecale,winter_triticale,"65,0",quintal_per_hectare
2024,91,Triticale,x_triticosecale,winter_triticale,"42,0",quintal_per_hectare
2025,91,Triticale,x_triticosecale,winter_triticale,"53,7",quintal_per_hectare
2021,95,Triticale,x_triticosecale,winter_triticale,"60,0",quintal_per_hectare
2022,95,Triticale,x_triticosecale,winter_triticale,"60,0",quintal_per_hectare
2023,95,Triticale,x_triticosecale,winter_triticale,"60,4",quintal_per_hectare
2024,95,Triticale,x_triticosecale,winter_triticale,"40,9",quintal_per_hectare
2025,95,Triticale,x_triticosecale,winter_triticale,"54,0",quintal_per_hectare
